2026-03-17 00:02:18.146 [TaskController-tasks.scheduler-dispatcher-3400] INFO  c.b.b.client.CheckConnectionTask - Starting task: CheckConnectionTask
2026-03-17 00:02:25.826 [TaskController-tasks.scheduler-dispatcher-3401] INFO  c.b.b.client.CheckConnectionTask - Starting task: CheckConnectionTask
2026-03-17 00:02:48.147 [TaskController-tasks.scheduler-dispatcher-3400] WARN  c.b.b.client.CheckConnectionTask - Task CheckConnectionTask failed: Future timed out after [30 seconds]
java.util.concurrent.TimeoutException: Future timed out after [30 seconds]
	at scala.concurrent.impl.Promise$DefaultPromise.tryAwait0(Promise.scala:248)
	at scala.concurrent.impl.Promise$DefaultPromise.result(Promise.scala:261)
	at scala.concurrent.Await$.$anonfun$result$1(package.scala:201)
	at scala.concurrent.BlockContext$DefaultBlockContext$.blockOn(BlockContext.scala:62)
	at scala.concurrent.Await$.result(package.scala:124)
	at com.bqn.bsecurity.client.CheckConnectionTask.$anonfun$action$1(CheckConnectionTask.scala:11)
	at scala.util.Try$.apply(Try.scala:217)
	at com.bqn.bsecurity.client.CheckConnectionTask.action(CheckConnectionTask.scala:11)
	at com.bqn.tasks.Task.run(Task.scala:72)
	at org.apache.pekko.actor.LightArrayRevolverScheduler$$anon$1$$anon$2.run(LightArrayRevolverScheduler.scala:145)
	at org.apache.pekko.dispatch.TaskInvocation.run(AbstractDispatcher.scala:59)
	at java.base/java.util.concurrent.ThreadPoolExecutor.runWorker(ThreadPoolExecutor.java:1136)
	at java.base/java.util.concurrent.ThreadPoolExecutor$Worker.run(ThreadPoolExecutor.java:635)
	at java.base/java.lang.Thread.run(Thread.java:840)
2026-03-17 00:02:55.006 [TaskController-tasks.scheduler-dispatcher-3402] INFO  c.b.b.client.CheckConnectionTask - Starting task: CheckConnectionTask
2026-03-17 00:02:55.827 [TaskController-tasks.scheduler-dispatcher-3401] WARN  c.b.b.client.CheckConnectionTask - Task CheckConnectionTask failed: Future timed out after [30 seconds]
java.util.concurrent.TimeoutException: Future timed out after [30 seconds]
	at scala.concurrent.impl.Promise$DefaultPromise.tryAwait0(Promise.scala:248)
	at scala.concurrent.impl.Promise$DefaultPromise.result(Promise.scala:261)
	at scala.concurrent.Await$.$anonfun$result$1(package.scala:201)
	at scala.concurrent.BlockContext$DefaultBlockContext$.blockOn(BlockContext.scala:62)
	at scala.concurrent.Await$.result(package.scala:124)
	at com.bqn.bsecurity.client.CheckConnectionTask.$anonfun$action$1(CheckConnectionTask.scala:11)
	at scala.util.Try$.apply(Try.scala:217)
	at com.bqn.bsecurity.client.CheckConnectionTask.action(CheckConnectionTask.scala:11)
	at com.bqn.tasks.Task.run(Task.scala:72)
	at org.apache.pekko.actor.LightArrayRevolverScheduler$$anon$1$$anon$2.run(LightArrayRevolverScheduler.scala:145)
	at org.apache.pekko.dispatch.TaskInvocation.run(AbstractDispatcher.scala:59)
	at java.base/java.util.concurrent.ThreadPoolExecutor.runWorker(ThreadPoolExecutor.java:1136)
	at java.base/java.util.concurrent.ThreadPoolExecutor$Worker.run(ThreadPoolExecutor.java:635)
	at java.base/java.lang.Thread.run(Thread.java:840)
2026-03-17 00:03:04.274 [bol-api-pekko.actor.default-dispatcher-11706] DEBUG c.b.b.s.status.GetStatusHandler - Dialog: b13b7e5a-366f-402a-831f-b46acf957f8d
Start: 2026-03-17T00:03:04.274376892
Request:null
2026-03-17 00:03:04.274 [bol-api-pekko.actor.default-dispatcher-11706] DEBUG c.b.b.s.status.GetStatusHandler - Dialog: b13b7e5a-366f-402a-831f-b46acf957f8d
Start: 2026-03-17T00:03:04.274376892
Request:null
----------------------------------------
Response:{
  "statusCode" : 200,
  "entity" : {
    "name" : "bol-api",
    "version" : "1.1.0-SNAPSHOT",
    "builtAt" : "2026-02-11T12:34:19",
    "startedAt" : "2026-03-06T11:57:19",
    "currentTime" : "2026-03-17T00:03:04",
    "environment" : "developer",
    "status" : "OK"
  }
}
Duration:0 ms
2026-03-17 00:03:25.006 [TaskController-tasks.scheduler-dispatcher-3402] WARN  c.b.b.client.CheckConnectionTask - Task CheckConnectionTask failed: Future timed out after [30 seconds]
java.util.concurrent.TimeoutException: Future timed out after [30 seconds]
	at scala.concurrent.impl.Promise$DefaultPromise.tryAwait0(Promise.scala:248)
	at scala.concurrent.impl.Promise$DefaultPromise.result(Promise.scala:261)
	at scala.concurrent.Await$.$anonfun$result$1(package.scala:201)
	at scala.concurrent.BlockContext$DefaultBlockContext$.blockOn(BlockContext.scala:62)
	at scala.concurrent.Await$.result(package.scala:124)
	at com.bqn.bsecurity.client.CheckConnectionTask.$anonfun$action$1(CheckConnectionTask.scala:11)
	at scala.util.Try$.apply(Try.scala:217)
	at com.bqn.bsecurity.client.CheckConnectionTask.action(CheckConnectionTask.scala:11)
	at com.bqn.tasks.Task.run(Task.scala:72)
	at org.apache.pekko.actor.LightArrayRevolverScheduler$$anon$1$$anon$2.run(LightArrayRevolverScheduler.scala:145)
	at org.apache.pekko.dispatch.TaskInvocation.run(AbstractDispatcher.scala:59)
	at java.base/java.util.concurrent.ThreadPoolExecutor.runWorker(ThreadPoolExecutor.java:1136)
	at java.base/java.util.concurrent.ThreadPoolExecutor$Worker.run(ThreadPoolExecutor.java:635)
	at java.base/java.lang.Thread.run(Thread.java:840)
2026-03-17 00:08:25.506 [TaskController-tasks.scheduler-dispatcher-3403] INFO  c.b.b.client.CheckConnectionTask - Starting task: CheckConnectionTask
2026-03-17 00:08:55.507 [TaskController-tasks.scheduler-dispatcher-3403] WARN  c.b.b.client.CheckConnectionTask - Task CheckConnectionTask failed: Future timed out after [30 seconds]
java.util.concurrent.TimeoutException: Future timed out after [30 seconds]
	at scala.concurrent.impl.Promise$DefaultPromise.tryAwait0(Promise.scala:248)
	at scala.concurrent.impl.Promise$DefaultPromise.result(Promise.scala:261)
	at scala.concurrent.Await$.$anonfun$result$1(package.scala:201)
	at scala.concurrent.BlockContext$DefaultBlockContext$.blockOn(BlockContext.scala:62)
	at scala.concurrent.Await$.result(package.scala:124)
	at com.bqn.bsecurity.client.CheckConnectionTask.$anonfun$action$1(CheckConnectionTask.scala:11)
	at scala.util.Try$.apply(Try.scala:217)
	at com.bqn.bsecurity.client.CheckConnectionTask.action(CheckConnectionTask.scala:11)
	at com.bqn.tasks.Task.run(Task.scala:72)
	at org.apache.pekko.actor.LightArrayRevolverScheduler$$anon$1$$anon$2.run(LightArrayRevolverScheduler.scala:145)
	at org.apache.pekko.dispatch.TaskInvocation.run(AbstractDispatcher.scala:59)
	at java.base/java.util.concurrent.ThreadPoolExecutor.runWorker(ThreadPoolExecutor.java:1136)
	at java.base/java.util.concurrent.ThreadPoolExecutor$Worker.run(ThreadPoolExecutor.java:635)
	at java.base/java.lang.Thread.run(Thread.java:840)
2026-03-17 00:12:18.146 [TaskController-tasks.scheduler-dispatcher-3404] INFO  c.b.b.client.CheckConnectionTask - Starting task: CheckConnectionTask
2026-03-17 00:12:25.836 [TaskController-tasks.scheduler-dispatcher-3405] INFO  c.b.b.client.CheckConnectionTask - Starting task: CheckConnectionTask
2026-03-17 00:12:48.147 [TaskController-tasks.scheduler-dispatcher-3404] WARN  c.b.b.client.CheckConnectionTask - Task CheckConnectionTask failed: Future timed out after [30 seconds]
java.util.concurrent.TimeoutException: Future timed out after [30 seconds]
	at scala.concurrent.impl.Promise$DefaultPromise.tryAwait0(Promise.scala:248)
	at scala.concurrent.impl.Promise$DefaultPromise.result(Promise.scala:261)
	at scala.concurrent.Await$.$anonfun$result$1(package.scala:201)
	at scala.concurrent.BlockContext$DefaultBlockContext$.blockOn(BlockContext.scala:62)
	at scala.concurrent.Await$.result(package.scala:124)
	at com.bqn.bsecurity.client.CheckConnectionTask.$anonfun$action$1(CheckConnectionTask.scala:11)
	at scala.util.Try$.apply(Try.scala:217)
	at com.bqn.bsecurity.client.CheckConnectionTask.action(CheckConnectionTask.scala:11)
	at com.bqn.tasks.Task.run(Task.scala:72)
	at org.apache.pekko.actor.LightArrayRevolverScheduler$$anon$1$$anon$2.run(LightArrayRevolverScheduler.scala:145)
	at org.apache.pekko.dispatch.TaskInvocation.run(AbstractDispatcher.scala:59)
	at java.base/java.util.concurrent.ThreadPoolExecutor.runWorker(ThreadPoolExecutor.java:1136)
	at java.base/java.util.concurrent.ThreadPoolExecutor$Worker.run(ThreadPoolExecutor.java:635)
	at java.base/java.lang.Thread.run(Thread.java:840)
2026-03-17 00:12:54.997 [TaskController-tasks.scheduler-dispatcher-3406] INFO  c.b.b.client.CheckConnectionTask - Starting task: CheckConnectionTask
2026-03-17 00:12:55.836 [TaskController-tasks.scheduler-dispatcher-3405] WARN  c.b.b.client.CheckConnectionTask - Task CheckConnectionTask failed: Future timed out after [30 seconds]
java.util.concurrent.TimeoutException: Future timed out after [30 seconds]
	at scala.concurrent.impl.Promise$DefaultPromise.tryAwait0(Promise.scala:248)
	at scala.concurrent.impl.Promise$DefaultPromise.result(Promise.scala:261)
	at scala.concurrent.Await$.$anonfun$result$1(package.scala:201)
	at scala.concurrent.BlockContext$DefaultBlockContext$.blockOn(BlockContext.scala:62)
	at scala.concurrent.Await$.result(package.scala:124)
	at com.bqn.bsecurity.client.CheckConnectionTask.$anonfun$action$1(CheckConnectionTask.scala:11)
	at scala.util.Try$.apply(Try.scala:217)
	at com.bqn.bsecurity.client.CheckConnectionTask.action(CheckConnectionTask.scala:11)
	at com.bqn.tasks.Task.run(Task.scala:72)
	at org.apache.pekko.actor.LightArrayRevolverScheduler$$anon$1$$anon$2.run(LightArrayRevolverScheduler.scala:145)
	at org.apache.pekko.dispatch.TaskInvocation.run(AbstractDispatcher.scala:59)
	at java.base/java.util.concurrent.ThreadPoolExecutor.runWorker(ThreadPoolExecutor.java:1136)
	at java.base/java.util.concurrent.ThreadPoolExecutor$Worker.run(ThreadPoolExecutor.java:635)
	at java.base/java.lang.Thread.run(Thread.java:840)
2026-03-17 00:13:04.512 [bol-api-pekko.actor.default-dispatcher-11712] DEBUG c.b.b.s.status.GetStatusHandler - Dialog: 39cc82e9-ca89-42e5-b8e5-c3165e4b9e21
Start: 2026-03-17T00:13:04.512196421
Request:null
2026-03-17 00:13:04.512 [bol-api-pekko.actor.default-dispatcher-11712] DEBUG c.b.b.s.status.GetStatusHandler - Dialog: 39cc82e9-ca89-42e5-b8e5-c3165e4b9e21
Start: 2026-03-17T00:13:04.512196421
Request:null
----------------------------------------
Response:{
  "statusCode" : 200,
  "entity" : {
    "name" : "bol-api",
    "version" : "1.1.0-SNAPSHOT",
    "builtAt" : "2026-02-11T12:34:19",
    "startedAt" : "2026-03-06T11:57:19",
    "currentTime" : "2026-03-17T00:13:04",
    "environment" : "developer",
    "status" : "OK"
  }
}
Duration:0 ms
2026-03-17 00:13:24.997 [TaskController-tasks.scheduler-dispatcher-3406] WARN  c.b.b.client.CheckConnectionTask - Task CheckConnectionTask failed: Future timed out after [30 seconds]
java.util.concurrent.TimeoutException: Future timed out after [30 seconds]
	at scala.concurrent.impl.Promise$DefaultPromise.tryAwait0(Promise.scala:248)
	at scala.concurrent.impl.Promise$DefaultPromise.result(Promise.scala:261)
	at scala.concurrent.Await$.$anonfun$result$1(package.scala:201)
	at scala.concurrent.BlockContext$DefaultBlockContext$.blockOn(BlockContext.scala:62)
	at scala.concurrent.Await$.result(package.scala:124)
	at com.bqn.bsecurity.client.CheckConnectionTask.$anonfun$action$1(CheckConnectionTask.scala:11)
	at scala.util.Try$.apply(Try.scala:217)
	at com.bqn.bsecurity.client.CheckConnectionTask.action(CheckConnectionTask.scala:11)
	at com.bqn.tasks.Task.run(Task.scala:72)
	at org.apache.pekko.actor.LightArrayRevolverScheduler$$anon$1$$anon$2.run(LightArrayRevolverScheduler.scala:145)
	at org.apache.pekko.dispatch.TaskInvocation.run(AbstractDispatcher.scala:59)
	at java.base/java.util.concurrent.ThreadPoolExecutor.runWorker(ThreadPoolExecutor.java:1136)
	at java.base/java.util.concurrent.ThreadPoolExecutor$Worker.run(ThreadPoolExecutor.java:635)
	at java.base/java.lang.Thread.run(Thread.java:840)
2026-03-17 00:18:25.506 [TaskController-tasks.scheduler-dispatcher-3407] INFO  c.b.b.client.CheckConnectionTask - Starting task: CheckConnectionTask
2026-03-17 00:18:55.506 [TaskController-tasks.scheduler-dispatcher-3407] WARN  c.b.b.client.CheckConnectionTask - Task CheckConnectionTask failed: Future timed out after [30 seconds]
java.util.concurrent.TimeoutException: Future timed out after [30 seconds]
	at scala.concurrent.impl.Promise$DefaultPromise.tryAwait0(Promise.scala:248)
	at scala.concurrent.impl.Promise$DefaultPromise.result(Promise.scala:261)
	at scala.concurrent.Await$.$anonfun$result$1(package.scala:201)
	at scala.concurrent.BlockContext$DefaultBlockContext$.blockOn(BlockContext.scala:62)
	at scala.concurrent.Await$.result(package.scala:124)
	at com.bqn.bsecurity.client.CheckConnectionTask.$anonfun$action$1(CheckConnectionTask.scala:11)
	at scala.util.Try$.apply(Try.scala:217)
	at com.bqn.bsecurity.client.CheckConnectionTask.action(CheckConnectionTask.scala:11)
	at com.bqn.tasks.Task.run(Task.scala:72)
	at org.apache.pekko.actor.LightArrayRevolverScheduler$$anon$1$$anon$2.run(LightArrayRevolverScheduler.scala:145)
	at org.apache.pekko.dispatch.TaskInvocation.run(AbstractDispatcher.scala:59)
	at java.base/java.util.concurrent.ThreadPoolExecutor.runWorker(ThreadPoolExecutor.java:1136)
	at java.base/java.util.concurrent.ThreadPoolExecutor$Worker.run(ThreadPoolExecutor.java:635)
	at java.base/java.lang.Thread.run(Thread.java:840)
2026-03-17 00:22:18.147 [TaskController-tasks.scheduler-dispatcher-3408] INFO  c.b.b.client.CheckConnectionTask - Starting task: CheckConnectionTask
2026-03-17 00:22:25.837 [TaskController-tasks.scheduler-dispatcher-3409] INFO  c.b.b.client.CheckConnectionTask - Starting task: CheckConnectionTask
2026-03-17 00:22:48.147 [TaskController-tasks.scheduler-dispatcher-3408] WARN  c.b.b.client.CheckConnectionTask - Task CheckConnectionTask failed: Future timed out after [30 seconds]
java.util.concurrent.TimeoutException: Future timed out after [30 seconds]
	at scala.concurrent.impl.Promise$DefaultPromise.tryAwait0(Promise.scala:248)
	at scala.concurrent.impl.Promise$DefaultPromise.result(Promise.scala:261)
	at scala.concurrent.Await$.$anonfun$result$1(package.scala:201)
	at scala.concurrent.BlockContext$DefaultBlockContext$.blockOn(BlockContext.scala:62)
	at scala.concurrent.Await$.result(package.scala:124)
	at com.bqn.bsecurity.client.CheckConnectionTask.$anonfun$action$1(CheckConnectionTask.scala:11)
	at scala.util.Try$.apply(Try.scala:217)
	at com.bqn.bsecurity.client.CheckConnectionTask.action(CheckConnectionTask.scala:11)
	at com.bqn.tasks.Task.run(Task.scala:72)
	at org.apache.pekko.actor.LightArrayRevolverScheduler$$anon$1$$anon$2.run(LightArrayRevolverScheduler.scala:145)
	at org.apache.pekko.dispatch.TaskInvocation.run(AbstractDispatcher.scala:59)
	at java.base/java.util.concurrent.ThreadPoolExecutor.runWorker(ThreadPoolExecutor.java:1136)
	at java.base/java.util.concurrent.ThreadPoolExecutor$Worker.run(ThreadPoolExecutor.java:635)
	at java.base/java.lang.Thread.run(Thread.java:840)
2026-03-17 00:22:55.007 [TaskController-tasks.scheduler-dispatcher-3410] INFO  c.b.b.client.CheckConnectionTask - Starting task: CheckConnectionTask
2026-03-17 00:22:55.837 [TaskController-tasks.scheduler-dispatcher-3409] WARN  c.b.b.client.CheckConnectionTask - Task CheckConnectionTask failed: Future timed out after [30 seconds]
java.util.concurrent.TimeoutException: Future timed out after [30 seconds]
	at scala.concurrent.impl.Promise$DefaultPromise.tryAwait0(Promise.scala:248)
	at scala.concurrent.impl.Promise$DefaultPromise.result(Promise.scala:261)
	at scala.concurrent.Await$.$anonfun$result$1(package.scala:201)
	at scala.concurrent.BlockContext$DefaultBlockContext$.blockOn(BlockContext.scala:62)
	at scala.concurrent.Await$.result(package.scala:124)
	at com.bqn.bsecurity.client.CheckConnectionTask.$anonfun$action$1(CheckConnectionTask.scala:11)
	at scala.util.Try$.apply(Try.scala:217)
	at com.bqn.bsecurity.client.CheckConnectionTask.action(CheckConnectionTask.scala:11)
	at com.bqn.tasks.Task.run(Task.scala:72)
	at org.apache.pekko.actor.LightArrayRevolverScheduler$$anon$1$$anon$2.run(LightArrayRevolverScheduler.scala:145)
	at org.apache.pekko.dispatch.TaskInvocation.run(AbstractDispatcher.scala:59)
	at java.base/java.util.concurrent.ThreadPoolExecutor.runWorker(ThreadPoolExecutor.java:1136)
	at java.base/java.util.concurrent.ThreadPoolExecutor$Worker.run(ThreadPoolExecutor.java:635)
	at java.base/java.lang.Thread.run(Thread.java:840)
2026-03-17 00:23:04.202 [bol-api-pekko.actor.default-dispatcher-11718] DEBUG c.b.b.s.status.GetStatusHandler - Dialog: 55dbcd94-4d19-49b7-8138-c85071cd39ce
Start: 2026-03-17T00:23:04.202024177
Request:null
2026-03-17 00:23:04.202 [bol-api-pekko.actor.default-dispatcher-11718] DEBUG c.b.b.s.status.GetStatusHandler - Dialog: 55dbcd94-4d19-49b7-8138-c85071cd39ce
Start: 2026-03-17T00:23:04.202024177
Request:null
----------------------------------------
Response:{
  "statusCode" : 200,
  "entity" : {
    "name" : "bol-api",
    "version" : "1.1.0-SNAPSHOT",
    "builtAt" : "2026-02-11T12:34:19",
    "startedAt" : "2026-03-06T11:57:19",
    "currentTime" : "2026-03-17T00:23:04",
    "environment" : "developer",
    "status" : "OK"
  }
}
Duration:0 ms
2026-03-17 00:23:25.007 [TaskController-tasks.scheduler-dispatcher-3410] WARN  c.b.b.client.CheckConnectionTask - Task CheckConnectionTask failed: Future timed out after [30 seconds]
java.util.concurrent.TimeoutException: Future timed out after [30 seconds]
	at scala.concurrent.impl.Promise$DefaultPromise.tryAwait0(Promise.scala:248)
	at scala.concurrent.impl.Promise$DefaultPromise.result(Promise.scala:261)
	at scala.concurrent.Await$.$anonfun$result$1(package.scala:201)
	at scala.concurrent.BlockContext$DefaultBlockContext$.blockOn(BlockContext.scala:62)
	at scala.concurrent.Await$.result(package.scala:124)
	at com.bqn.bsecurity.client.CheckConnectionTask.$anonfun$action$1(CheckConnectionTask.scala:11)
	at scala.util.Try$.apply(Try.scala:217)
	at com.bqn.bsecurity.client.CheckConnectionTask.action(CheckConnectionTask.scala:11)
	at com.bqn.tasks.Task.run(Task.scala:72)
	at org.apache.pekko.actor.LightArrayRevolverScheduler$$anon$1$$anon$2.run(LightArrayRevolverScheduler.scala:145)
	at org.apache.pekko.dispatch.TaskInvocation.run(AbstractDispatcher.scala:59)
	at java.base/java.util.concurrent.ThreadPoolExecutor.runWorker(ThreadPoolExecutor.java:1136)
	at java.base/java.util.concurrent.ThreadPoolExecutor$Worker.run(ThreadPoolExecutor.java:635)
	at java.base/java.lang.Thread.run(Thread.java:840)
2026-03-17 00:28:25.507 [TaskController-tasks.scheduler-dispatcher-3411] INFO  c.b.b.client.CheckConnectionTask - Starting task: CheckConnectionTask
2026-03-17 00:28:55.507 [TaskController-tasks.scheduler-dispatcher-3411] WARN  c.b.b.client.CheckConnectionTask - Task CheckConnectionTask failed: Future timed out after [30 seconds]
java.util.concurrent.TimeoutException: Future timed out after [30 seconds]
	at scala.concurrent.impl.Promise$DefaultPromise.tryAwait0(Promise.scala:248)
	at scala.concurrent.impl.Promise$DefaultPromise.result(Promise.scala:261)
	at scala.concurrent.Await$.$anonfun$result$1(package.scala:201)
	at scala.concurrent.BlockContext$DefaultBlockContext$.blockOn(BlockContext.scala:62)
	at scala.concurrent.Await$.result(package.scala:124)
	at com.bqn.bsecurity.client.CheckConnectionTask.$anonfun$action$1(CheckConnectionTask.scala:11)
	at scala.util.Try$.apply(Try.scala:217)
	at com.bqn.bsecurity.client.CheckConnectionTask.action(CheckConnectionTask.scala:11)
	at com.bqn.tasks.Task.run(Task.scala:72)
	at org.apache.pekko.actor.LightArrayRevolverScheduler$$anon$1$$anon$2.run(LightArrayRevolverScheduler.scala:145)
	at org.apache.pekko.dispatch.TaskInvocation.run(AbstractDispatcher.scala:59)
	at java.base/java.util.concurrent.ThreadPoolExecutor.runWorker(ThreadPoolExecutor.java:1136)
	at java.base/java.util.concurrent.ThreadPoolExecutor$Worker.run(ThreadPoolExecutor.java:635)
	at java.base/java.lang.Thread.run(Thread.java:840)
2026-03-17 00:32:18.137 [TaskController-tasks.scheduler-dispatcher-3412] INFO  c.b.b.client.CheckConnectionTask - Starting task: CheckConnectionTask
2026-03-17 00:32:25.826 [TaskController-tasks.scheduler-dispatcher-3413] INFO  c.b.b.client.CheckConnectionTask - Starting task: CheckConnectionTask
2026-03-17 00:32:48.137 [TaskController-tasks.scheduler-dispatcher-3412] WARN  c.b.b.client.CheckConnectionTask - Task CheckConnectionTask failed: Future timed out after [30 seconds]
java.util.concurrent.TimeoutException: Future timed out after [30 seconds]
	at scala.concurrent.impl.Promise$DefaultPromise.tryAwait0(Promise.scala:248)
	at scala.concurrent.impl.Promise$DefaultPromise.result(Promise.scala:261)
	at scala.concurrent.Await$.$anonfun$result$1(package.scala:201)
	at scala.concurrent.BlockContext$DefaultBlockContext$.blockOn(BlockContext.scala:62)
	at scala.concurrent.Await$.result(package.scala:124)
	at com.bqn.bsecurity.client.CheckConnectionTask.$anonfun$action$1(CheckConnectionTask.scala:11)
	at scala.util.Try$.apply(Try.scala:217)
	at com.bqn.bsecurity.client.CheckConnectionTask.action(CheckConnectionTask.scala:11)
	at com.bqn.tasks.Task.run(Task.scala:72)
	at org.apache.pekko.actor.LightArrayRevolverScheduler$$anon$1$$anon$2.run(LightArrayRevolverScheduler.scala:145)
	at org.apache.pekko.dispatch.TaskInvocation.run(AbstractDispatcher.scala:59)
	at java.base/java.util.concurrent.ThreadPoolExecutor.runWorker(ThreadPoolExecutor.java:1136)
	at java.base/java.util.concurrent.ThreadPoolExecutor$Worker.run(ThreadPoolExecutor.java:635)
	at java.base/java.lang.Thread.run(Thread.java:840)
2026-03-17 00:32:55.007 [TaskController-tasks.scheduler-dispatcher-3414] INFO  c.b.b.client.CheckConnectionTask - Starting task: CheckConnectionTask
2026-03-17 00:32:55.826 [TaskController-tasks.scheduler-dispatcher-3413] WARN  c.b.b.client.CheckConnectionTask - Task CheckConnectionTask failed: Future timed out after [30 seconds]
java.util.concurrent.TimeoutException: Future timed out after [30 seconds]
	at scala.concurrent.impl.Promise$DefaultPromise.tryAwait0(Promise.scala:248)
	at scala.concurrent.impl.Promise$DefaultPromise.result(Promise.scala:261)
	at scala.concurrent.Await$.$anonfun$result$1(package.scala:201)
	at scala.concurrent.BlockContext$DefaultBlockContext$.blockOn(BlockContext.scala:62)
	at scala.concurrent.Await$.result(package.scala:124)
	at com.bqn.bsecurity.client.CheckConnectionTask.$anonfun$action$1(CheckConnectionTask.scala:11)
	at scala.util.Try$.apply(Try.scala:217)
	at com.bqn.bsecurity.client.CheckConnectionTask.action(CheckConnectionTask.scala:11)
	at com.bqn.tasks.Task.run(Task.scala:72)
	at org.apache.pekko.actor.LightArrayRevolverScheduler$$anon$1$$anon$2.run(LightArrayRevolverScheduler.scala:145)
	at org.apache.pekko.dispatch.TaskInvocation.run(AbstractDispatcher.scala:59)
	at java.base/java.util.concurrent.ThreadPoolExecutor.runWorker(ThreadPoolExecutor.java:1136)
	at java.base/java.util.concurrent.ThreadPoolExecutor$Worker.run(ThreadPoolExecutor.java:635)
	at java.base/java.lang.Thread.run(Thread.java:840)
2026-03-17 00:33:04.200 [bol-api-pekko.actor.default-dispatcher-11726] DEBUG c.b.b.s.status.GetStatusHandler - Dialog: 1b552b64-2c92-4f81-a073-02d47876206c
Start: 2026-03-17T00:33:04.200252427
Request:null
2026-03-17 00:33:04.200 [bol-api-pekko.actor.default-dispatcher-11726] DEBUG c.b.b.s.status.GetStatusHandler - Dialog: 1b552b64-2c92-4f81-a073-02d47876206c
Start: 2026-03-17T00:33:04.200252427
Request:null
----------------------------------------
Response:{
  "statusCode" : 200,
  "entity" : {
    "name" : "bol-api",
    "version" : "1.1.0-SNAPSHOT",
    "builtAt" : "2026-02-11T12:34:19",
    "startedAt" : "2026-03-06T11:57:19",
    "currentTime" : "2026-03-17T00:33:04",
    "environment" : "developer",
    "status" : "OK"
  }
}
Duration:0 ms
2026-03-17 00:33:25.007 [TaskController-tasks.scheduler-dispatcher-3414] WARN  c.b.b.client.CheckConnectionTask - Task CheckConnectionTask failed: Future timed out after [30 seconds]
java.util.concurrent.TimeoutException: Future timed out after [30 seconds]
	at scala.concurrent.impl.Promise$DefaultPromise.tryAwait0(Promise.scala:248)
	at scala.concurrent.impl.Promise$DefaultPromise.result(Promise.scala:261)
	at scala.concurrent.Await$.$anonfun$result$1(package.scala:201)
	at scala.concurrent.BlockContext$DefaultBlockContext$.blockOn(BlockContext.scala:62)
	at scala.concurrent.Await$.result(package.scala:124)
	at com.bqn.bsecurity.client.CheckConnectionTask.$anonfun$action$1(CheckConnectionTask.scala:11)
	at scala.util.Try$.apply(Try.scala:217)
	at com.bqn.bsecurity.client.CheckConnectionTask.action(CheckConnectionTask.scala:11)
	at com.bqn.tasks.Task.run(Task.scala:72)
	at org.apache.pekko.actor.LightArrayRevolverScheduler$$anon$1$$anon$2.run(LightArrayRevolverScheduler.scala:145)
	at org.apache.pekko.dispatch.TaskInvocation.run(AbstractDispatcher.scala:59)
	at java.base/java.util.concurrent.ThreadPoolExecutor.runWorker(ThreadPoolExecutor.java:1136)
	at java.base/java.util.concurrent.ThreadPoolExecutor$Worker.run(ThreadPoolExecutor.java:635)
	at java.base/java.lang.Thread.run(Thread.java:840)
2026-03-17 00:38:25.507 [TaskController-tasks.scheduler-dispatcher-3415] INFO  c.b.b.client.CheckConnectionTask - Starting task: CheckConnectionTask
2026-03-17 00:38:55.507 [TaskController-tasks.scheduler-dispatcher-3415] WARN  c.b.b.client.CheckConnectionTask - Task CheckConnectionTask failed: Future timed out after [30 seconds]
java.util.concurrent.TimeoutException: Future timed out after [30 seconds]
	at scala.concurrent.impl.Promise$DefaultPromise.tryAwait0(Promise.scala:248)
	at scala.concurrent.impl.Promise$DefaultPromise.result(Promise.scala:261)
	at scala.concurrent.Await$.$anonfun$result$1(package.scala:201)
	at scala.concurrent.BlockContext$DefaultBlockContext$.blockOn(BlockContext.scala:62)
	at scala.concurrent.Await$.result(package.scala:124)
	at com.bqn.bsecurity.client.CheckConnectionTask.$anonfun$action$1(CheckConnectionTask.scala:11)
	at scala.util.Try$.apply(Try.scala:217)
	at com.bqn.bsecurity.client.CheckConnectionTask.action(CheckConnectionTask.scala:11)
	at com.bqn.tasks.Task.run(Task.scala:72)
	at org.apache.pekko.actor.LightArrayRevolverScheduler$$anon$1$$anon$2.run(LightArrayRevolverScheduler.scala:145)
	at org.apache.pekko.dispatch.TaskInvocation.run(AbstractDispatcher.scala:59)
	at java.base/java.util.concurrent.ThreadPoolExecutor.runWorker(ThreadPoolExecutor.java:1136)
	at java.base/java.util.concurrent.ThreadPoolExecutor$Worker.run(ThreadPoolExecutor.java:635)
	at java.base/java.lang.Thread.run(Thread.java:840)
2026-03-17 00:42:18.148 [TaskController-tasks.scheduler-dispatcher-3416] INFO  c.b.b.client.CheckConnectionTask - Starting task: CheckConnectionTask
2026-03-17 00:42:25.837 [TaskController-tasks.scheduler-dispatcher-3417] INFO  c.b.b.client.CheckConnectionTask - Starting task: CheckConnectionTask
2026-03-17 00:42:48.148 [TaskController-tasks.scheduler-dispatcher-3416] WARN  c.b.b.client.CheckConnectionTask - Task CheckConnectionTask failed: Future timed out after [30 seconds]
java.util.concurrent.TimeoutException: Future timed out after [30 seconds]
	at scala.concurrent.impl.Promise$DefaultPromise.tryAwait0(Promise.scala:248)
	at scala.concurrent.impl.Promise$DefaultPromise.result(Promise.scala:261)
	at scala.concurrent.Await$.$anonfun$result$1(package.scala:201)
	at scala.concurrent.BlockContext$DefaultBlockContext$.blockOn(BlockContext.scala:62)
	at scala.concurrent.Await$.result(package.scala:124)
	at com.bqn.bsecurity.client.CheckConnectionTask.$anonfun$action$1(CheckConnectionTask.scala:11)
	at scala.util.Try$.apply(Try.scala:217)
	at com.bqn.bsecurity.client.CheckConnectionTask.action(CheckConnectionTask.scala:11)
	at com.bqn.tasks.Task.run(Task.scala:72)
	at org.apache.pekko.actor.LightArrayRevolverScheduler$$anon$1$$anon$2.run(LightArrayRevolverScheduler.scala:145)
	at org.apache.pekko.dispatch.TaskInvocation.run(AbstractDispatcher.scala:59)
	at java.base/java.util.concurrent.ThreadPoolExecutor.runWorker(ThreadPoolExecutor.java:1136)
	at java.base/java.util.concurrent.ThreadPoolExecutor$Worker.run(ThreadPoolExecutor.java:635)
	at java.base/java.lang.Thread.run(Thread.java:840)
2026-03-17 00:42:55.008 [TaskController-tasks.scheduler-dispatcher-3418] INFO  c.b.b.client.CheckConnectionTask - Starting task: CheckConnectionTask
2026-03-17 00:42:55.837 [TaskController-tasks.scheduler-dispatcher-3417] WARN  c.b.b.client.CheckConnectionTask - Task CheckConnectionTask failed: Future timed out after [30 seconds]
java.util.concurrent.TimeoutException: Future timed out after [30 seconds]
	at scala.concurrent.impl.Promise$DefaultPromise.tryAwait0(Promise.scala:248)
	at scala.concurrent.impl.Promise$DefaultPromise.result(Promise.scala:261)
	at scala.concurrent.Await$.$anonfun$result$1(package.scala:201)
	at scala.concurrent.BlockContext$DefaultBlockContext$.blockOn(BlockContext.scala:62)
	at scala.concurrent.Await$.result(package.scala:124)
	at com.bqn.bsecurity.client.CheckConnectionTask.$anonfun$action$1(CheckConnectionTask.scala:11)
	at scala.util.Try$.apply(Try.scala:217)
	at com.bqn.bsecurity.client.CheckConnectionTask.action(CheckConnectionTask.scala:11)
	at com.bqn.tasks.Task.run(Task.scala:72)
	at org.apache.pekko.actor.LightArrayRevolverScheduler$$anon$1$$anon$2.run(LightArrayRevolverScheduler.scala:145)
	at org.apache.pekko.dispatch.TaskInvocation.run(AbstractDispatcher.scala:59)
	at java.base/java.util.concurrent.ThreadPoolExecutor.runWorker(ThreadPoolExecutor.java:1136)
	at java.base/java.util.concurrent.ThreadPoolExecutor$Worker.run(ThreadPoolExecutor.java:635)
	at java.base/java.lang.Thread.run(Thread.java:840)
2026-03-17 00:43:04.195 [bol-api-pekko.actor.default-dispatcher-11731] DEBUG c.b.b.s.status.GetStatusHandler - Dialog: 293e1146-2d1f-4a01-ba60-d4e8eacc132f
Start: 2026-03-17T00:43:04.195276961
Request:null
2026-03-17 00:43:04.195 [bol-api-pekko.actor.default-dispatcher-11731] DEBUG c.b.b.s.status.GetStatusHandler - Dialog: 293e1146-2d1f-4a01-ba60-d4e8eacc132f
Start: 2026-03-17T00:43:04.195276961
Request:null
----------------------------------------
Response:{
  "statusCode" : 200,
  "entity" : {
    "name" : "bol-api",
    "version" : "1.1.0-SNAPSHOT",
    "builtAt" : "2026-02-11T12:34:19",
    "startedAt" : "2026-03-06T11:57:19",
    "currentTime" : "2026-03-17T00:43:04",
    "environment" : "developer",
    "status" : "OK"
  }
}
Duration:0 ms
2026-03-17 00:43:25.008 [TaskController-tasks.scheduler-dispatcher-3418] WARN  c.b.b.client.CheckConnectionTask - Task CheckConnectionTask failed: Future timed out after [30 seconds]
java.util.concurrent.TimeoutException: Future timed out after [30 seconds]
	at scala.concurrent.impl.Promise$DefaultPromise.tryAwait0(Promise.scala:248)
	at scala.concurrent.impl.Promise$DefaultPromise.result(Promise.scala:261)
	at scala.concurrent.Await$.$anonfun$result$1(package.scala:201)
	at scala.concurrent.BlockContext$DefaultBlockContext$.blockOn(BlockContext.scala:62)
	at scala.concurrent.Await$.result(package.scala:124)
	at com.bqn.bsecurity.client.CheckConnectionTask.$anonfun$action$1(CheckConnectionTask.scala:11)
	at scala.util.Try$.apply(Try.scala:217)
	at com.bqn.bsecurity.client.CheckConnectionTask.action(CheckConnectionTask.scala:11)
	at com.bqn.tasks.Task.run(Task.scala:72)
	at org.apache.pekko.actor.LightArrayRevolverScheduler$$anon$1$$anon$2.run(LightArrayRevolverScheduler.scala:145)
	at org.apache.pekko.dispatch.TaskInvocation.run(AbstractDispatcher.scala:59)
	at java.base/java.util.concurrent.ThreadPoolExecutor.runWorker(ThreadPoolExecutor.java:1136)
	at java.base/java.util.concurrent.ThreadPoolExecutor$Worker.run(ThreadPoolExecutor.java:635)
	at java.base/java.lang.Thread.run(Thread.java:840)
2026-03-17 00:48:25.506 [TaskController-tasks.scheduler-dispatcher-3419] INFO  c.b.b.client.CheckConnectionTask - Starting task: CheckConnectionTask
2026-03-17 00:48:55.507 [TaskController-tasks.scheduler-dispatcher-3419] WARN  c.b.b.client.CheckConnectionTask - Task CheckConnectionTask failed: Future timed out after [30 seconds]
java.util.concurrent.TimeoutException: Future timed out after [30 seconds]
	at scala.concurrent.impl.Promise$DefaultPromise.tryAwait0(Promise.scala:248)
	at scala.concurrent.impl.Promise$DefaultPromise.result(Promise.scala:261)
	at scala.concurrent.Await$.$anonfun$result$1(package.scala:201)
	at scala.concurrent.BlockContext$DefaultBlockContext$.blockOn(BlockContext.scala:62)
	at scala.concurrent.Await$.result(package.scala:124)
	at com.bqn.bsecurity.client.CheckConnectionTask.$anonfun$action$1(CheckConnectionTask.scala:11)
	at scala.util.Try$.apply(Try.scala:217)
	at com.bqn.bsecurity.client.CheckConnectionTask.action(CheckConnectionTask.scala:11)
	at com.bqn.tasks.Task.run(Task.scala:72)
	at org.apache.pekko.actor.LightArrayRevolverScheduler$$anon$1$$anon$2.run(LightArrayRevolverScheduler.scala:145)
	at org.apache.pekko.dispatch.TaskInvocation.run(AbstractDispatcher.scala:59)
	at java.base/java.util.concurrent.ThreadPoolExecutor.runWorker(ThreadPoolExecutor.java:1136)
	at java.base/java.util.concurrent.ThreadPoolExecutor$Worker.run(ThreadPoolExecutor.java:635)
	at java.base/java.lang.Thread.run(Thread.java:840)
2026-03-17 00:52:18.136 [TaskController-tasks.scheduler-dispatcher-3420] INFO  c.b.b.client.CheckConnectionTask - Starting task: CheckConnectionTask
2026-03-17 00:52:25.837 [TaskController-tasks.scheduler-dispatcher-3421] INFO  c.b.b.client.CheckConnectionTask - Starting task: CheckConnectionTask
2026-03-17 00:52:48.136 [TaskController-tasks.scheduler-dispatcher-3420] WARN  c.b.b.client.CheckConnectionTask - Task CheckConnectionTask failed: Future timed out after [30 seconds]
java.util.concurrent.TimeoutException: Future timed out after [30 seconds]
	at scala.concurrent.impl.Promise$DefaultPromise.tryAwait0(Promise.scala:248)
	at scala.concurrent.impl.Promise$DefaultPromise.result(Promise.scala:261)
	at scala.concurrent.Await$.$anonfun$result$1(package.scala:201)
	at scala.concurrent.BlockContext$DefaultBlockContext$.blockOn(BlockContext.scala:62)
	at scala.concurrent.Await$.result(package.scala:124)
	at com.bqn.bsecurity.client.CheckConnectionTask.$anonfun$action$1(CheckConnectionTask.scala:11)
	at scala.util.Try$.apply(Try.scala:217)
	at com.bqn.bsecurity.client.CheckConnectionTask.action(CheckConnectionTask.scala:11)
	at com.bqn.tasks.Task.run(Task.scala:72)
	at org.apache.pekko.actor.LightArrayRevolverScheduler$$anon$1$$anon$2.run(LightArrayRevolverScheduler.scala:145)
	at org.apache.pekko.dispatch.TaskInvocation.run(AbstractDispatcher.scala:59)
	at java.base/java.util.concurrent.ThreadPoolExecutor.runWorker(ThreadPoolExecutor.java:1136)
	at java.base/java.util.concurrent.ThreadPoolExecutor$Worker.run(ThreadPoolExecutor.java:635)
	at java.base/java.lang.Thread.run(Thread.java:840)
2026-03-17 00:52:54.997 [TaskController-tasks.scheduler-dispatcher-3422] INFO  c.b.b.client.CheckConnectionTask - Starting task: CheckConnectionTask
2026-03-17 00:52:55.837 [TaskController-tasks.scheduler-dispatcher-3421] WARN  c.b.b.client.CheckConnectionTask - Task CheckConnectionTask failed: Future timed out after [30 seconds]
java.util.concurrent.TimeoutException: Future timed out after [30 seconds]
	at scala.concurrent.impl.Promise$DefaultPromise.tryAwait0(Promise.scala:248)
	at scala.concurrent.impl.Promise$DefaultPromise.result(Promise.scala:261)
	at scala.concurrent.Await$.$anonfun$result$1(package.scala:201)
	at scala.concurrent.BlockContext$DefaultBlockContext$.blockOn(BlockContext.scala:62)
	at scala.concurrent.Await$.result(package.scala:124)
	at com.bqn.bsecurity.client.CheckConnectionTask.$anonfun$action$1(CheckConnectionTask.scala:11)
	at scala.util.Try$.apply(Try.scala:217)
	at com.bqn.bsecurity.client.CheckConnectionTask.action(CheckConnectionTask.scala:11)
	at com.bqn.tasks.Task.run(Task.scala:72)
	at org.apache.pekko.actor.LightArrayRevolverScheduler$$anon$1$$anon$2.run(LightArrayRevolverScheduler.scala:145)
	at org.apache.pekko.dispatch.TaskInvocation.run(AbstractDispatcher.scala:59)
	at java.base/java.util.concurrent.ThreadPoolExecutor.runWorker(ThreadPoolExecutor.java:1136)
	at java.base/java.util.concurrent.ThreadPoolExecutor$Worker.run(ThreadPoolExecutor.java:635)
	at java.base/java.lang.Thread.run(Thread.java:840)
2026-03-17 00:53:04.196 [bol-api-pekko.actor.default-dispatcher-11736] DEBUG c.b.b.s.status.GetStatusHandler - Dialog: 42c2c5a5-feb4-41fa-b617-9c20d1d15269
Start: 2026-03-17T00:53:04.196560950
Request:null
2026-03-17 00:53:04.198 [bol-api-pekko.actor.default-dispatcher-11736] DEBUG c.b.b.s.status.GetStatusHandler - Dialog: 42c2c5a5-feb4-41fa-b617-9c20d1d15269
Start: 2026-03-17T00:53:04.196560950
Request:null
----------------------------------------
Response:{
  "statusCode" : 200,
  "entity" : {
    "name" : "bol-api",
    "version" : "1.1.0-SNAPSHOT",
    "builtAt" : "2026-02-11T12:34:19",
    "startedAt" : "2026-03-06T11:57:19",
    "currentTime" : "2026-03-17T00:53:04",
    "environment" : "developer",
    "status" : "OK"
  }
}
Duration:2 ms
2026-03-17 00:53:24.997 [TaskController-tasks.scheduler-dispatcher-3422] WARN  c.b.b.client.CheckConnectionTask - Task CheckConnectionTask failed: Future timed out after [30 seconds]
java.util.concurrent.TimeoutException: Future timed out after [30 seconds]
	at scala.concurrent.impl.Promise$DefaultPromise.tryAwait0(Promise.scala:248)
	at scala.concurrent.impl.Promise$DefaultPromise.result(Promise.scala:261)
	at scala.concurrent.Await$.$anonfun$result$1(package.scala:201)
	at scala.concurrent.BlockContext$DefaultBlockContext$.blockOn(BlockContext.scala:62)
	at scala.concurrent.Await$.result(package.scala:124)
	at com.bqn.bsecurity.client.CheckConnectionTask.$anonfun$action$1(CheckConnectionTask.scala:11)
	at scala.util.Try$.apply(Try.scala:217)
	at com.bqn.bsecurity.client.CheckConnectionTask.action(CheckConnectionTask.scala:11)
	at com.bqn.tasks.Task.run(Task.scala:72)
	at org.apache.pekko.actor.LightArrayRevolverScheduler$$anon$1$$anon$2.run(LightArrayRevolverScheduler.scala:145)
	at org.apache.pekko.dispatch.TaskInvocation.run(AbstractDispatcher.scala:59)
	at java.base/java.util.concurrent.ThreadPoolExecutor.runWorker(ThreadPoolExecutor.java:1136)
	at java.base/java.util.concurrent.ThreadPoolExecutor$Worker.run(ThreadPoolExecutor.java:635)
	at java.base/java.lang.Thread.run(Thread.java:840)
2026-03-17 00:58:25.507 [TaskController-tasks.scheduler-dispatcher-3423] INFO  c.b.b.client.CheckConnectionTask - Starting task: CheckConnectionTask
2026-03-17 00:58:55.507 [TaskController-tasks.scheduler-dispatcher-3423] WARN  c.b.b.client.CheckConnectionTask - Task CheckConnectionTask failed: Future timed out after [30 seconds]
java.util.concurrent.TimeoutException: Future timed out after [30 seconds]
	at scala.concurrent.impl.Promise$DefaultPromise.tryAwait0(Promise.scala:248)
	at scala.concurrent.impl.Promise$DefaultPromise.result(Promise.scala:261)
	at scala.concurrent.Await$.$anonfun$result$1(package.scala:201)
	at scala.concurrent.BlockContext$DefaultBlockContext$.blockOn(BlockContext.scala:62)
	at scala.concurrent.Await$.result(package.scala:124)
	at com.bqn.bsecurity.client.CheckConnectionTask.$anonfun$action$1(CheckConnectionTask.scala:11)
	at scala.util.Try$.apply(Try.scala:217)
	at com.bqn.bsecurity.client.CheckConnectionTask.action(CheckConnectionTask.scala:11)
	at com.bqn.tasks.Task.run(Task.scala:72)
	at org.apache.pekko.actor.LightArrayRevolverScheduler$$anon$1$$anon$2.run(LightArrayRevolverScheduler.scala:145)
	at org.apache.pekko.dispatch.TaskInvocation.run(AbstractDispatcher.scala:59)
	at java.base/java.util.concurrent.ThreadPoolExecutor.runWorker(ThreadPoolExecutor.java:1136)
	at java.base/java.util.concurrent.ThreadPoolExecutor$Worker.run(ThreadPoolExecutor.java:635)
	at java.base/java.lang.Thread.run(Thread.java:840)
2026-03-17 01:02:18.147 [TaskController-tasks.scheduler-dispatcher-3424] INFO  c.b.b.client.CheckConnectionTask - Starting task: CheckConnectionTask
2026-03-17 01:02:25.826 [TaskController-tasks.scheduler-dispatcher-3425] INFO  c.b.b.client.CheckConnectionTask - Starting task: CheckConnectionTask
2026-03-17 01:02:48.148 [TaskController-tasks.scheduler-dispatcher-3424] WARN  c.b.b.client.CheckConnectionTask - Task CheckConnectionTask failed: Future timed out after [30 seconds]
java.util.concurrent.TimeoutException: Future timed out after [30 seconds]
	at scala.concurrent.impl.Promise$DefaultPromise.tryAwait0(Promise.scala:248)
	at scala.concurrent.impl.Promise$DefaultPromise.result(Promise.scala:261)
	at scala.concurrent.Await$.$anonfun$result$1(package.scala:201)
	at scala.concurrent.BlockContext$DefaultBlockContext$.blockOn(BlockContext.scala:62)
	at scala.concurrent.Await$.result(package.scala:124)
	at com.bqn.bsecurity.client.CheckConnectionTask.$anonfun$action$1(CheckConnectionTask.scala:11)
	at scala.util.Try$.apply(Try.scala:217)
	at com.bqn.bsecurity.client.CheckConnectionTask.action(CheckConnectionTask.scala:11)
	at com.bqn.tasks.Task.run(Task.scala:72)
	at org.apache.pekko.actor.LightArrayRevolverScheduler$$anon$1$$anon$2.run(LightArrayRevolverScheduler.scala:145)
	at org.apache.pekko.dispatch.TaskInvocation.run(AbstractDispatcher.scala:59)
	at java.base/java.util.concurrent.ThreadPoolExecutor.runWorker(ThreadPoolExecutor.java:1136)
	at java.base/java.util.concurrent.ThreadPoolExecutor$Worker.run(ThreadPoolExecutor.java:635)
	at java.base/java.lang.Thread.run(Thread.java:840)
2026-03-17 01:02:55.007 [TaskController-tasks.scheduler-dispatcher-3426] INFO  c.b.b.client.CheckConnectionTask - Starting task: CheckConnectionTask
2026-03-17 01:02:55.827 [TaskController-tasks.scheduler-dispatcher-3425] WARN  c.b.b.client.CheckConnectionTask - Task CheckConnectionTask failed: Future timed out after [30 seconds]
java.util.concurrent.TimeoutException: Future timed out after [30 seconds]
	at scala.concurrent.impl.Promise$DefaultPromise.tryAwait0(Promise.scala:248)
	at scala.concurrent.impl.Promise$DefaultPromise.result(Promise.scala:261)
	at scala.concurrent.Await$.$anonfun$result$1(package.scala:201)
	at scala.concurrent.BlockContext$DefaultBlockContext$.blockOn(BlockContext.scala:62)
	at scala.concurrent.Await$.result(package.scala:124)
	at com.bqn.bsecurity.client.CheckConnectionTask.$anonfun$action$1(CheckConnectionTask.scala:11)
	at scala.util.Try$.apply(Try.scala:217)
	at com.bqn.bsecurity.client.CheckConnectionTask.action(CheckConnectionTask.scala:11)
	at com.bqn.tasks.Task.run(Task.scala:72)
	at org.apache.pekko.actor.LightArrayRevolverScheduler$$anon$1$$anon$2.run(LightArrayRevolverScheduler.scala:145)
	at org.apache.pekko.dispatch.TaskInvocation.run(AbstractDispatcher.scala:59)
	at java.base/java.util.concurrent.ThreadPoolExecutor.runWorker(ThreadPoolExecutor.java:1136)
	at java.base/java.util.concurrent.ThreadPoolExecutor$Worker.run(ThreadPoolExecutor.java:635)
	at java.base/java.lang.Thread.run(Thread.java:840)
2026-03-17 01:03:04.195 [bol-api-pekko.actor.default-dispatcher-11742] DEBUG c.b.b.s.status.GetStatusHandler - Dialog: 509b97bd-743c-4f79-8414-00e572346a41
Start: 2026-03-17T01:03:04.195192014
Request:null
2026-03-17 01:03:04.195 [bol-api-pekko.actor.default-dispatcher-11742] DEBUG c.b.b.s.status.GetStatusHandler - Dialog: 509b97bd-743c-4f79-8414-00e572346a41
Start: 2026-03-17T01:03:04.195192014
Request:null
----------------------------------------
Response:{
  "statusCode" : 200,
  "entity" : {
    "name" : "bol-api",
    "version" : "1.1.0-SNAPSHOT",
    "builtAt" : "2026-02-11T12:34:19",
    "startedAt" : "2026-03-06T11:57:19",
    "currentTime" : "2026-03-17T01:03:04",
    "environment" : "developer",
    "status" : "OK"
  }
}
Duration:0 ms
2026-03-17 01:03:25.007 [TaskController-tasks.scheduler-dispatcher-3426] WARN  c.b.b.client.CheckConnectionTask - Task CheckConnectionTask failed: Future timed out after [30 seconds]
java.util.concurrent.TimeoutException: Future timed out after [30 seconds]
	at scala.concurrent.impl.Promise$DefaultPromise.tryAwait0(Promise.scala:248)
	at scala.concurrent.impl.Promise$DefaultPromise.result(Promise.scala:261)
	at scala.concurrent.Await$.$anonfun$result$1(package.scala:201)
	at scala.concurrent.BlockContext$DefaultBlockContext$.blockOn(BlockContext.scala:62)
	at scala.concurrent.Await$.result(package.scala:124)
	at com.bqn.bsecurity.client.CheckConnectionTask.$anonfun$action$1(CheckConnectionTask.scala:11)
	at scala.util.Try$.apply(Try.scala:217)
	at com.bqn.bsecurity.client.CheckConnectionTask.action(CheckConnectionTask.scala:11)
	at com.bqn.tasks.Task.run(Task.scala:72)
	at org.apache.pekko.actor.LightArrayRevolverScheduler$$anon$1$$anon$2.run(LightArrayRevolverScheduler.scala:145)
	at org.apache.pekko.dispatch.TaskInvocation.run(AbstractDispatcher.scala:59)
	at java.base/java.util.concurrent.ThreadPoolExecutor.runWorker(ThreadPoolExecutor.java:1136)
	at java.base/java.util.concurrent.ThreadPoolExecutor$Worker.run(ThreadPoolExecutor.java:635)
	at java.base/java.lang.Thread.run(Thread.java:840)
2026-03-17 01:08:25.508 [TaskController-tasks.scheduler-dispatcher-3427] INFO  c.b.b.client.CheckConnectionTask - Starting task: CheckConnectionTask
2026-03-17 01:08:55.508 [TaskController-tasks.scheduler-dispatcher-3427] WARN  c.b.b.client.CheckConnectionTask - Task CheckConnectionTask failed: Future timed out after [30 seconds]
java.util.concurrent.TimeoutException: Future timed out after [30 seconds]
	at scala.concurrent.impl.Promise$DefaultPromise.tryAwait0(Promise.scala:248)
	at scala.concurrent.impl.Promise$DefaultPromise.result(Promise.scala:261)
	at scala.concurrent.Await$.$anonfun$result$1(package.scala:201)
	at scala.concurrent.BlockContext$DefaultBlockContext$.blockOn(BlockContext.scala:62)
	at scala.concurrent.Await$.result(package.scala:124)
	at com.bqn.bsecurity.client.CheckConnectionTask.$anonfun$action$1(CheckConnectionTask.scala:11)
	at scala.util.Try$.apply(Try.scala:217)
	at com.bqn.bsecurity.client.CheckConnectionTask.action(CheckConnectionTask.scala:11)
	at com.bqn.tasks.Task.run(Task.scala:72)
	at org.apache.pekko.actor.LightArrayRevolverScheduler$$anon$1$$anon$2.run(LightArrayRevolverScheduler.scala:145)
	at org.apache.pekko.dispatch.TaskInvocation.run(AbstractDispatcher.scala:59)
	at java.base/java.util.concurrent.ThreadPoolExecutor.runWorker(ThreadPoolExecutor.java:1136)
	at java.base/java.util.concurrent.ThreadPoolExecutor$Worker.run(ThreadPoolExecutor.java:635)
	at java.base/java.lang.Thread.run(Thread.java:840)
2026-03-17 01:12:18.137 [TaskController-tasks.scheduler-dispatcher-3428] INFO  c.b.b.client.CheckConnectionTask - Starting task: CheckConnectionTask
2026-03-17 01:12:25.826 [TaskController-tasks.scheduler-dispatcher-3429] INFO  c.b.b.client.CheckConnectionTask - Starting task: CheckConnectionTask
2026-03-17 01:12:48.137 [TaskController-tasks.scheduler-dispatcher-3428] WARN  c.b.b.client.CheckConnectionTask - Task CheckConnectionTask failed: Future timed out after [30 seconds]
java.util.concurrent.TimeoutException: Future timed out after [30 seconds]
	at scala.concurrent.impl.Promise$DefaultPromise.tryAwait0(Promise.scala:248)
	at scala.concurrent.impl.Promise$DefaultPromise.result(Promise.scala:261)
	at scala.concurrent.Await$.$anonfun$result$1(package.scala:201)
	at scala.concurrent.BlockContext$DefaultBlockContext$.blockOn(BlockContext.scala:62)
	at scala.concurrent.Await$.result(package.scala:124)
	at com.bqn.bsecurity.client.CheckConnectionTask.$anonfun$action$1(CheckConnectionTask.scala:11)
	at scala.util.Try$.apply(Try.scala:217)
	at com.bqn.bsecurity.client.CheckConnectionTask.action(CheckConnectionTask.scala:11)
	at com.bqn.tasks.Task.run(Task.scala:72)
	at org.apache.pekko.actor.LightArrayRevolverScheduler$$anon$1$$anon$2.run(LightArrayRevolverScheduler.scala:145)
	at org.apache.pekko.dispatch.TaskInvocation.run(AbstractDispatcher.scala:59)
	at java.base/java.util.concurrent.ThreadPoolExecutor.runWorker(ThreadPoolExecutor.java:1136)
	at java.base/java.util.concurrent.ThreadPoolExecutor$Worker.run(ThreadPoolExecutor.java:635)
	at java.base/java.lang.Thread.run(Thread.java:840)
2026-03-17 01:12:55.006 [TaskController-tasks.scheduler-dispatcher-3430] INFO  c.b.b.client.CheckConnectionTask - Starting task: CheckConnectionTask
2026-03-17 01:12:55.826 [TaskController-tasks.scheduler-dispatcher-3429] WARN  c.b.b.client.CheckConnectionTask - Task CheckConnectionTask failed: Future timed out after [30 seconds]
java.util.concurrent.TimeoutException: Future timed out after [30 seconds]
	at scala.concurrent.impl.Promise$DefaultPromise.tryAwait0(Promise.scala:248)
	at scala.concurrent.impl.Promise$DefaultPromise.result(Promise.scala:261)
	at scala.concurrent.Await$.$anonfun$result$1(package.scala:201)
	at scala.concurrent.BlockContext$DefaultBlockContext$.blockOn(BlockContext.scala:62)
	at scala.concurrent.Await$.result(package.scala:124)
	at com.bqn.bsecurity.client.CheckConnectionTask.$anonfun$action$1(CheckConnectionTask.scala:11)
	at scala.util.Try$.apply(Try.scala:217)
	at com.bqn.bsecurity.client.CheckConnectionTask.action(CheckConnectionTask.scala:11)
	at com.bqn.tasks.Task.run(Task.scala:72)
	at org.apache.pekko.actor.LightArrayRevolverScheduler$$anon$1$$anon$2.run(LightArrayRevolverScheduler.scala:145)
	at org.apache.pekko.dispatch.TaskInvocation.run(AbstractDispatcher.scala:59)
	at java.base/java.util.concurrent.ThreadPoolExecutor.runWorker(ThreadPoolExecutor.java:1136)
	at java.base/java.util.concurrent.ThreadPoolExecutor$Worker.run(ThreadPoolExecutor.java:635)
	at java.base/java.lang.Thread.run(Thread.java:840)
2026-03-17 01:13:04.202 [bol-api-pekko.actor.default-dispatcher-11748] DEBUG c.b.b.s.status.GetStatusHandler - Dialog: 0d1c0592-cf7f-4061-8bf4-6af37124e016
Start: 2026-03-17T01:13:04.202150749
Request:null
2026-03-17 01:13:04.202 [bol-api-pekko.actor.default-dispatcher-11748] DEBUG c.b.b.s.status.GetStatusHandler - Dialog: 0d1c0592-cf7f-4061-8bf4-6af37124e016
Start: 2026-03-17T01:13:04.202150749
Request:null
----------------------------------------
Response:{
  "statusCode" : 200,
  "entity" : {
    "name" : "bol-api",
    "version" : "1.1.0-SNAPSHOT",
    "builtAt" : "2026-02-11T12:34:19",
    "startedAt" : "2026-03-06T11:57:19",
    "currentTime" : "2026-03-17T01:13:04",
    "environment" : "developer",
    "status" : "OK"
  }
}
Duration:0 ms
2026-03-17 01:13:25.006 [TaskController-tasks.scheduler-dispatcher-3430] WARN  c.b.b.client.CheckConnectionTask - Task CheckConnectionTask failed: Future timed out after [30 seconds]
java.util.concurrent.TimeoutException: Future timed out after [30 seconds]
	at scala.concurrent.impl.Promise$DefaultPromise.tryAwait0(Promise.scala:248)
	at scala.concurrent.impl.Promise$DefaultPromise.result(Promise.scala:261)
	at scala.concurrent.Await$.$anonfun$result$1(package.scala:201)
	at scala.concurrent.BlockContext$DefaultBlockContext$.blockOn(BlockContext.scala:62)
	at scala.concurrent.Await$.result(package.scala:124)
	at com.bqn.bsecurity.client.CheckConnectionTask.$anonfun$action$1(CheckConnectionTask.scala:11)
	at scala.util.Try$.apply(Try.scala:217)
	at com.bqn.bsecurity.client.CheckConnectionTask.action(CheckConnectionTask.scala:11)
	at com.bqn.tasks.Task.run(Task.scala:72)
	at org.apache.pekko.actor.LightArrayRevolverScheduler$$anon$1$$anon$2.run(LightArrayRevolverScheduler.scala:145)
	at org.apache.pekko.dispatch.TaskInvocation.run(AbstractDispatcher.scala:59)
	at java.base/java.util.concurrent.ThreadPoolExecutor.runWorker(ThreadPoolExecutor.java:1136)
	at java.base/java.util.concurrent.ThreadPoolExecutor$Worker.run(ThreadPoolExecutor.java:635)
	at java.base/java.lang.Thread.run(Thread.java:840)
2026-03-17 01:18:25.506 [TaskController-tasks.scheduler-dispatcher-3431] INFO  c.b.b.client.CheckConnectionTask - Starting task: CheckConnectionTask
2026-03-17 01:18:55.507 [TaskController-tasks.scheduler-dispatcher-3431] WARN  c.b.b.client.CheckConnectionTask - Task CheckConnectionTask failed: Future timed out after [30 seconds]
java.util.concurrent.TimeoutException: Future timed out after [30 seconds]
	at scala.concurrent.impl.Promise$DefaultPromise.tryAwait0(Promise.scala:248)
	at scala.concurrent.impl.Promise$DefaultPromise.result(Promise.scala:261)
	at scala.concurrent.Await$.$anonfun$result$1(package.scala:201)
	at scala.concurrent.BlockContext$DefaultBlockContext$.blockOn(BlockContext.scala:62)
	at scala.concurrent.Await$.result(package.scala:124)
	at com.bqn.bsecurity.client.CheckConnectionTask.$anonfun$action$1(CheckConnectionTask.scala:11)
	at scala.util.Try$.apply(Try.scala:217)
	at com.bqn.bsecurity.client.CheckConnectionTask.action(CheckConnectionTask.scala:11)
	at com.bqn.tasks.Task.run(Task.scala:72)
	at org.apache.pekko.actor.LightArrayRevolverScheduler$$anon$1$$anon$2.run(LightArrayRevolverScheduler.scala:145)
	at org.apache.pekko.dispatch.TaskInvocation.run(AbstractDispatcher.scala:59)
	at java.base/java.util.concurrent.ThreadPoolExecutor.runWorker(ThreadPoolExecutor.java:1136)
	at java.base/java.util.concurrent.ThreadPoolExecutor$Worker.run(ThreadPoolExecutor.java:635)
	at java.base/java.lang.Thread.run(Thread.java:840)
2026-03-17 01:22:18.146 [TaskController-tasks.scheduler-dispatcher-3432] INFO  c.b.b.client.CheckConnectionTask - Starting task: CheckConnectionTask
2026-03-17 01:22:25.836 [TaskController-tasks.scheduler-dispatcher-3433] INFO  c.b.b.client.CheckConnectionTask - Starting task: CheckConnectionTask
2026-03-17 01:22:48.147 [TaskController-tasks.scheduler-dispatcher-3432] WARN  c.b.b.client.CheckConnectionTask - Task CheckConnectionTask failed: Future timed out after [30 seconds]
java.util.concurrent.TimeoutException: Future timed out after [30 seconds]
	at scala.concurrent.impl.Promise$DefaultPromise.tryAwait0(Promise.scala:248)
	at scala.concurrent.impl.Promise$DefaultPromise.result(Promise.scala:261)
	at scala.concurrent.Await$.$anonfun$result$1(package.scala:201)
	at scala.concurrent.BlockContext$DefaultBlockContext$.blockOn(BlockContext.scala:62)
	at scala.concurrent.Await$.result(package.scala:124)
	at com.bqn.bsecurity.client.CheckConnectionTask.$anonfun$action$1(CheckConnectionTask.scala:11)
	at scala.util.Try$.apply(Try.scala:217)
	at com.bqn.bsecurity.client.CheckConnectionTask.action(CheckConnectionTask.scala:11)
	at com.bqn.tasks.Task.run(Task.scala:72)
	at org.apache.pekko.actor.LightArrayRevolverScheduler$$anon$1$$anon$2.run(LightArrayRevolverScheduler.scala:145)
	at org.apache.pekko.dispatch.TaskInvocation.run(AbstractDispatcher.scala:59)
	at java.base/java.util.concurrent.ThreadPoolExecutor.runWorker(ThreadPoolExecutor.java:1136)
	at java.base/java.util.concurrent.ThreadPoolExecutor$Worker.run(ThreadPoolExecutor.java:635)
	at java.base/java.lang.Thread.run(Thread.java:840)
2026-03-17 01:22:55.007 [TaskController-tasks.scheduler-dispatcher-3434] INFO  c.b.b.client.CheckConnectionTask - Starting task: CheckConnectionTask
2026-03-17 01:22:55.836 [TaskController-tasks.scheduler-dispatcher-3433] WARN  c.b.b.client.CheckConnectionTask - Task CheckConnectionTask failed: Future timed out after [30 seconds]
java.util.concurrent.TimeoutException: Future timed out after [30 seconds]
	at scala.concurrent.impl.Promise$DefaultPromise.tryAwait0(Promise.scala:248)
	at scala.concurrent.impl.Promise$DefaultPromise.result(Promise.scala:261)
	at scala.concurrent.Await$.$anonfun$result$1(package.scala:201)
	at scala.concurrent.BlockContext$DefaultBlockContext$.blockOn(BlockContext.scala:62)
	at scala.concurrent.Await$.result(package.scala:124)
	at com.bqn.bsecurity.client.CheckConnectionTask.$anonfun$action$1(CheckConnectionTask.scala:11)
	at scala.util.Try$.apply(Try.scala:217)
	at com.bqn.bsecurity.client.CheckConnectionTask.action(CheckConnectionTask.scala:11)
	at com.bqn.tasks.Task.run(Task.scala:72)
	at org.apache.pekko.actor.LightArrayRevolverScheduler$$anon$1$$anon$2.run(LightArrayRevolverScheduler.scala:145)
	at org.apache.pekko.dispatch.TaskInvocation.run(AbstractDispatcher.scala:59)
	at java.base/java.util.concurrent.ThreadPoolExecutor.runWorker(ThreadPoolExecutor.java:1136)
	at java.base/java.util.concurrent.ThreadPoolExecutor$Worker.run(ThreadPoolExecutor.java:635)
	at java.base/java.lang.Thread.run(Thread.java:840)
2026-03-17 01:23:04.196 [bol-api-pekko.actor.default-dispatcher-11754] DEBUG c.b.b.s.status.GetStatusHandler - Dialog: 223e6046-07a8-4c7a-a7b2-f4bcf93d3415
Start: 2026-03-17T01:23:04.196168434
Request:null
2026-03-17 01:23:04.196 [bol-api-pekko.actor.default-dispatcher-11754] DEBUG c.b.b.s.status.GetStatusHandler - Dialog: 223e6046-07a8-4c7a-a7b2-f4bcf93d3415
Start: 2026-03-17T01:23:04.196168434
Request:null
----------------------------------------
Response:{
  "statusCode" : 200,
  "entity" : {
    "name" : "bol-api",
    "version" : "1.1.0-SNAPSHOT",
    "builtAt" : "2026-02-11T12:34:19",
    "startedAt" : "2026-03-06T11:57:19",
    "currentTime" : "2026-03-17T01:23:04",
    "environment" : "developer",
    "status" : "OK"
  }
}
Duration:0 ms
2026-03-17 01:23:25.007 [TaskController-tasks.scheduler-dispatcher-3434] WARN  c.b.b.client.CheckConnectionTask - Task CheckConnectionTask failed: Future timed out after [30 seconds]
java.util.concurrent.TimeoutException: Future timed out after [30 seconds]
	at scala.concurrent.impl.Promise$DefaultPromise.tryAwait0(Promise.scala:248)
	at scala.concurrent.impl.Promise$DefaultPromise.result(Promise.scala:261)
	at scala.concurrent.Await$.$anonfun$result$1(package.scala:201)
	at scala.concurrent.BlockContext$DefaultBlockContext$.blockOn(BlockContext.scala:62)
	at scala.concurrent.Await$.result(package.scala:124)
	at com.bqn.bsecurity.client.CheckConnectionTask.$anonfun$action$1(CheckConnectionTask.scala:11)
	at scala.util.Try$.apply(Try.scala:217)
	at com.bqn.bsecurity.client.CheckConnectionTask.action(CheckConnectionTask.scala:11)
	at com.bqn.tasks.Task.run(Task.scala:72)
	at org.apache.pekko.actor.LightArrayRevolverScheduler$$anon$1$$anon$2.run(LightArrayRevolverScheduler.scala:145)
	at org.apache.pekko.dispatch.TaskInvocation.run(AbstractDispatcher.scala:59)
	at java.base/java.util.concurrent.ThreadPoolExecutor.runWorker(ThreadPoolExecutor.java:1136)
	at java.base/java.util.concurrent.ThreadPoolExecutor$Worker.run(ThreadPoolExecutor.java:635)
	at java.base/java.lang.Thread.run(Thread.java:840)
2026-03-17 01:28:25.507 [TaskController-tasks.scheduler-dispatcher-3435] INFO  c.b.b.client.CheckConnectionTask - Starting task: CheckConnectionTask
2026-03-17 01:28:55.508 [TaskController-tasks.scheduler-dispatcher-3435] WARN  c.b.b.client.CheckConnectionTask - Task CheckConnectionTask failed: Future timed out after [30 seconds]
java.util.concurrent.TimeoutException: Future timed out after [30 seconds]
	at scala.concurrent.impl.Promise$DefaultPromise.tryAwait0(Promise.scala:248)
	at scala.concurrent.impl.Promise$DefaultPromise.result(Promise.scala:261)
	at scala.concurrent.Await$.$anonfun$result$1(package.scala:201)
	at scala.concurrent.BlockContext$DefaultBlockContext$.blockOn(BlockContext.scala:62)
	at scala.concurrent.Await$.result(package.scala:124)
	at com.bqn.bsecurity.client.CheckConnectionTask.$anonfun$action$1(CheckConnectionTask.scala:11)
	at scala.util.Try$.apply(Try.scala:217)
	at com.bqn.bsecurity.client.CheckConnectionTask.action(CheckConnectionTask.scala:11)
	at com.bqn.tasks.Task.run(Task.scala:72)
	at org.apache.pekko.actor.LightArrayRevolverScheduler$$anon$1$$anon$2.run(LightArrayRevolverScheduler.scala:145)
	at org.apache.pekko.dispatch.TaskInvocation.run(AbstractDispatcher.scala:59)
	at java.base/java.util.concurrent.ThreadPoolExecutor.runWorker(ThreadPoolExecutor.java:1136)
	at java.base/java.util.concurrent.ThreadPoolExecutor$Worker.run(ThreadPoolExecutor.java:635)
	at java.base/java.lang.Thread.run(Thread.java:840)
2026-03-17 01:32:18.147 [TaskController-tasks.scheduler-dispatcher-3436] INFO  c.b.b.client.CheckConnectionTask - Starting task: CheckConnectionTask
2026-03-17 01:32:25.826 [TaskController-tasks.scheduler-dispatcher-3437] INFO  c.b.b.client.CheckConnectionTask - Starting task: CheckConnectionTask
2026-03-17 01:32:48.147 [TaskController-tasks.scheduler-dispatcher-3436] WARN  c.b.b.client.CheckConnectionTask - Task CheckConnectionTask failed: Future timed out after [30 seconds]
java.util.concurrent.TimeoutException: Future timed out after [30 seconds]
	at scala.concurrent.impl.Promise$DefaultPromise.tryAwait0(Promise.scala:248)
	at scala.concurrent.impl.Promise$DefaultPromise.result(Promise.scala:261)
	at scala.concurrent.Await$.$anonfun$result$1(package.scala:201)
	at scala.concurrent.BlockContext$DefaultBlockContext$.blockOn(BlockContext.scala:62)
	at scala.concurrent.Await$.result(package.scala:124)
	at com.bqn.bsecurity.client.CheckConnectionTask.$anonfun$action$1(CheckConnectionTask.scala:11)
	at scala.util.Try$.apply(Try.scala:217)
	at com.bqn.bsecurity.client.CheckConnectionTask.action(CheckConnectionTask.scala:11)
	at com.bqn.tasks.Task.run(Task.scala:72)
	at org.apache.pekko.actor.LightArrayRevolverScheduler$$anon$1$$anon$2.run(LightArrayRevolverScheduler.scala:145)
	at org.apache.pekko.dispatch.TaskInvocation.run(AbstractDispatcher.scala:59)
	at java.base/java.util.concurrent.ThreadPoolExecutor.runWorker(ThreadPoolExecutor.java:1136)
	at java.base/java.util.concurrent.ThreadPoolExecutor$Worker.run(ThreadPoolExecutor.java:635)
	at java.base/java.lang.Thread.run(Thread.java:840)
2026-03-17 01:32:55.006 [TaskController-tasks.scheduler-dispatcher-3438] INFO  c.b.b.client.CheckConnectionTask - Starting task: CheckConnectionTask
2026-03-17 01:32:55.826 [TaskController-tasks.scheduler-dispatcher-3437] WARN  c.b.b.client.CheckConnectionTask - Task CheckConnectionTask failed: Future timed out after [30 seconds]
java.util.concurrent.TimeoutException: Future timed out after [30 seconds]
	at scala.concurrent.impl.Promise$DefaultPromise.tryAwait0(Promise.scala:248)
	at scala.concurrent.impl.Promise$DefaultPromise.result(Promise.scala:261)
	at scala.concurrent.Await$.$anonfun$result$1(package.scala:201)
	at scala.concurrent.BlockContext$DefaultBlockContext$.blockOn(BlockContext.scala:62)
	at scala.concurrent.Await$.result(package.scala:124)
	at com.bqn.bsecurity.client.CheckConnectionTask.$anonfun$action$1(CheckConnectionTask.scala:11)
	at scala.util.Try$.apply(Try.scala:217)
	at com.bqn.bsecurity.client.CheckConnectionTask.action(CheckConnectionTask.scala:11)
	at com.bqn.tasks.Task.run(Task.scala:72)
	at org.apache.pekko.actor.LightArrayRevolverScheduler$$anon$1$$anon$2.run(LightArrayRevolverScheduler.scala:145)
	at org.apache.pekko.dispatch.TaskInvocation.run(AbstractDispatcher.scala:59)
	at java.base/java.util.concurrent.ThreadPoolExecutor.runWorker(ThreadPoolExecutor.java:1136)
	at java.base/java.util.concurrent.ThreadPoolExecutor$Worker.run(ThreadPoolExecutor.java:635)
	at java.base/java.lang.Thread.run(Thread.java:840)
2026-03-17 01:33:04.196 [bol-api-pekko.actor.default-dispatcher-11762] DEBUG c.b.b.s.status.GetStatusHandler - Dialog: 7fc23f53-2163-4ae4-b4a9-cbd82a76cf92
Start: 2026-03-17T01:33:04.196287071
Request:null
2026-03-17 01:33:04.196 [bol-api-pekko.actor.default-dispatcher-11762] DEBUG c.b.b.s.status.GetStatusHandler - Dialog: 7fc23f53-2163-4ae4-b4a9-cbd82a76cf92
Start: 2026-03-17T01:33:04.196287071
Request:null
----------------------------------------
Response:{
  "statusCode" : 200,
  "entity" : {
    "name" : "bol-api",
    "version" : "1.1.0-SNAPSHOT",
    "builtAt" : "2026-02-11T12:34:19",
    "startedAt" : "2026-03-06T11:57:19",
    "currentTime" : "2026-03-17T01:33:04",
    "environment" : "developer",
    "status" : "OK"
  }
}
Duration:0 ms
2026-03-17 01:33:25.007 [TaskController-tasks.scheduler-dispatcher-3438] WARN  c.b.b.client.CheckConnectionTask - Task CheckConnectionTask failed: Future timed out after [30 seconds]
java.util.concurrent.TimeoutException: Future timed out after [30 seconds]
	at scala.concurrent.impl.Promise$DefaultPromise.tryAwait0(Promise.scala:248)
	at scala.concurrent.impl.Promise$DefaultPromise.result(Promise.scala:261)
	at scala.concurrent.Await$.$anonfun$result$1(package.scala:201)
	at scala.concurrent.BlockContext$DefaultBlockContext$.blockOn(BlockContext.scala:62)
	at scala.concurrent.Await$.result(package.scala:124)
	at com.bqn.bsecurity.client.CheckConnectionTask.$anonfun$action$1(CheckConnectionTask.scala:11)
	at scala.util.Try$.apply(Try.scala:217)
	at com.bqn.bsecurity.client.CheckConnectionTask.action(CheckConnectionTask.scala:11)
	at com.bqn.tasks.Task.run(Task.scala:72)
	at org.apache.pekko.actor.LightArrayRevolverScheduler$$anon$1$$anon$2.run(LightArrayRevolverScheduler.scala:145)
	at org.apache.pekko.dispatch.TaskInvocation.run(AbstractDispatcher.scala:59)
	at java.base/java.util.concurrent.ThreadPoolExecutor.runWorker(ThreadPoolExecutor.java:1136)
	at java.base/java.util.concurrent.ThreadPoolExecutor$Worker.run(ThreadPoolExecutor.java:635)
	at java.base/java.lang.Thread.run(Thread.java:840)
2026-03-17 01:38:25.507 [TaskController-tasks.scheduler-dispatcher-3439] INFO  c.b.b.client.CheckConnectionTask - Starting task: CheckConnectionTask
2026-03-17 01:38:55.507 [TaskController-tasks.scheduler-dispatcher-3439] WARN  c.b.b.client.CheckConnectionTask - Task CheckConnectionTask failed: Future timed out after [30 seconds]
java.util.concurrent.TimeoutException: Future timed out after [30 seconds]
	at scala.concurrent.impl.Promise$DefaultPromise.tryAwait0(Promise.scala:248)
	at scala.concurrent.impl.Promise$DefaultPromise.result(Promise.scala:261)
	at scala.concurrent.Await$.$anonfun$result$1(package.scala:201)
	at scala.concurrent.BlockContext$DefaultBlockContext$.blockOn(BlockContext.scala:62)
	at scala.concurrent.Await$.result(package.scala:124)
	at com.bqn.bsecurity.client.CheckConnectionTask.$anonfun$action$1(CheckConnectionTask.scala:11)
	at scala.util.Try$.apply(Try.scala:217)
	at com.bqn.bsecurity.client.CheckConnectionTask.action(CheckConnectionTask.scala:11)
	at com.bqn.tasks.Task.run(Task.scala:72)
	at org.apache.pekko.actor.LightArrayRevolverScheduler$$anon$1$$anon$2.run(LightArrayRevolverScheduler.scala:145)
	at org.apache.pekko.dispatch.TaskInvocation.run(AbstractDispatcher.scala:59)
	at java.base/java.util.concurrent.ThreadPoolExecutor.runWorker(ThreadPoolExecutor.java:1136)
	at java.base/java.util.concurrent.ThreadPoolExecutor$Worker.run(ThreadPoolExecutor.java:635)
	at java.base/java.lang.Thread.run(Thread.java:840)
2026-03-17 01:42:18.147 [TaskController-tasks.scheduler-dispatcher-3440] INFO  c.b.b.client.CheckConnectionTask - Starting task: CheckConnectionTask
2026-03-17 01:42:25.827 [TaskController-tasks.scheduler-dispatcher-3441] INFO  c.b.b.client.CheckConnectionTask - Starting task: CheckConnectionTask
2026-03-17 01:42:48.147 [TaskController-tasks.scheduler-dispatcher-3440] WARN  c.b.b.client.CheckConnectionTask - Task CheckConnectionTask failed: Future timed out after [30 seconds]
java.util.concurrent.TimeoutException: Future timed out after [30 seconds]
	at scala.concurrent.impl.Promise$DefaultPromise.tryAwait0(Promise.scala:248)
	at scala.concurrent.impl.Promise$DefaultPromise.result(Promise.scala:261)
	at scala.concurrent.Await$.$anonfun$result$1(package.scala:201)
	at scala.concurrent.BlockContext$DefaultBlockContext$.blockOn(BlockContext.scala:62)
	at scala.concurrent.Await$.result(package.scala:124)
	at com.bqn.bsecurity.client.CheckConnectionTask.$anonfun$action$1(CheckConnectionTask.scala:11)
	at scala.util.Try$.apply(Try.scala:217)
	at com.bqn.bsecurity.client.CheckConnectionTask.action(CheckConnectionTask.scala:11)
	at com.bqn.tasks.Task.run(Task.scala:72)
	at org.apache.pekko.actor.LightArrayRevolverScheduler$$anon$1$$anon$2.run(LightArrayRevolverScheduler.scala:145)
	at org.apache.pekko.dispatch.TaskInvocation.run(AbstractDispatcher.scala:59)
	at java.base/java.util.concurrent.ThreadPoolExecutor.runWorker(ThreadPoolExecutor.java:1136)
	at java.base/java.util.concurrent.ThreadPoolExecutor$Worker.run(ThreadPoolExecutor.java:635)
	at java.base/java.lang.Thread.run(Thread.java:840)
2026-03-17 01:42:55.007 [TaskController-tasks.scheduler-dispatcher-3442] INFO  c.b.b.client.CheckConnectionTask - Starting task: CheckConnectionTask
2026-03-17 01:42:55.827 [TaskController-tasks.scheduler-dispatcher-3441] WARN  c.b.b.client.CheckConnectionTask - Task CheckConnectionTask failed: Future timed out after [30 seconds]
java.util.concurrent.TimeoutException: Future timed out after [30 seconds]
	at scala.concurrent.impl.Promise$DefaultPromise.tryAwait0(Promise.scala:248)
	at scala.concurrent.impl.Promise$DefaultPromise.result(Promise.scala:261)
	at scala.concurrent.Await$.$anonfun$result$1(package.scala:201)
	at scala.concurrent.BlockContext$DefaultBlockContext$.blockOn(BlockContext.scala:62)
	at scala.concurrent.Await$.result(package.scala:124)
	at com.bqn.bsecurity.client.CheckConnectionTask.$anonfun$action$1(CheckConnectionTask.scala:11)
	at scala.util.Try$.apply(Try.scala:217)
	at com.bqn.bsecurity.client.CheckConnectionTask.action(CheckConnectionTask.scala:11)
	at com.bqn.tasks.Task.run(Task.scala:72)
	at org.apache.pekko.actor.LightArrayRevolverScheduler$$anon$1$$anon$2.run(LightArrayRevolverScheduler.scala:145)
	at org.apache.pekko.dispatch.TaskInvocation.run(AbstractDispatcher.scala:59)
	at java.base/java.util.concurrent.ThreadPoolExecutor.runWorker(ThreadPoolExecutor.java:1136)
	at java.base/java.util.concurrent.ThreadPoolExecutor$Worker.run(ThreadPoolExecutor.java:635)
	at java.base/java.lang.Thread.run(Thread.java:840)
2026-03-17 01:43:04.202 [bol-api-pekko.actor.default-dispatcher-11766] DEBUG c.b.b.s.status.GetStatusHandler - Dialog: 609ed22c-30cc-4fde-b47f-3f0856c351fa
Start: 2026-03-17T01:43:04.202150506
Request:null
2026-03-17 01:43:04.202 [bol-api-pekko.actor.default-dispatcher-11766] DEBUG c.b.b.s.status.GetStatusHandler - Dialog: 609ed22c-30cc-4fde-b47f-3f0856c351fa
Start: 2026-03-17T01:43:04.202150506
Request:null
----------------------------------------
Response:{
  "statusCode" : 200,
  "entity" : {
    "name" : "bol-api",
    "version" : "1.1.0-SNAPSHOT",
    "builtAt" : "2026-02-11T12:34:19",
    "startedAt" : "2026-03-06T11:57:19",
    "currentTime" : "2026-03-17T01:43:04",
    "environment" : "developer",
    "status" : "OK"
  }
}
Duration:0 ms
2026-03-17 01:43:25.007 [TaskController-tasks.scheduler-dispatcher-3442] WARN  c.b.b.client.CheckConnectionTask - Task CheckConnectionTask failed: Future timed out after [30 seconds]
java.util.concurrent.TimeoutException: Future timed out after [30 seconds]
	at scala.concurrent.impl.Promise$DefaultPromise.tryAwait0(Promise.scala:248)
	at scala.concurrent.impl.Promise$DefaultPromise.result(Promise.scala:261)
	at scala.concurrent.Await$.$anonfun$result$1(package.scala:201)
	at scala.concurrent.BlockContext$DefaultBlockContext$.blockOn(BlockContext.scala:62)
	at scala.concurrent.Await$.result(package.scala:124)
	at com.bqn.bsecurity.client.CheckConnectionTask.$anonfun$action$1(CheckConnectionTask.scala:11)
	at scala.util.Try$.apply(Try.scala:217)
	at com.bqn.bsecurity.client.CheckConnectionTask.action(CheckConnectionTask.scala:11)
	at com.bqn.tasks.Task.run(Task.scala:72)
	at org.apache.pekko.actor.LightArrayRevolverScheduler$$anon$1$$anon$2.run(LightArrayRevolverScheduler.scala:145)
	at org.apache.pekko.dispatch.TaskInvocation.run(AbstractDispatcher.scala:59)
	at java.base/java.util.concurrent.ThreadPoolExecutor.runWorker(ThreadPoolExecutor.java:1136)
	at java.base/java.util.concurrent.ThreadPoolExecutor$Worker.run(ThreadPoolExecutor.java:635)
	at java.base/java.lang.Thread.run(Thread.java:840)
2026-03-17 01:48:25.507 [TaskController-tasks.scheduler-dispatcher-3443] INFO  c.b.b.client.CheckConnectionTask - Starting task: CheckConnectionTask
2026-03-17 01:48:55.507 [TaskController-tasks.scheduler-dispatcher-3443] WARN  c.b.b.client.CheckConnectionTask - Task CheckConnectionTask failed: Future timed out after [30 seconds]
java.util.concurrent.TimeoutException: Future timed out after [30 seconds]
	at scala.concurrent.impl.Promise$DefaultPromise.tryAwait0(Promise.scala:248)
	at scala.concurrent.impl.Promise$DefaultPromise.result(Promise.scala:261)
	at scala.concurrent.Await$.$anonfun$result$1(package.scala:201)
	at scala.concurrent.BlockContext$DefaultBlockContext$.blockOn(BlockContext.scala:62)
	at scala.concurrent.Await$.result(package.scala:124)
	at com.bqn.bsecurity.client.CheckConnectionTask.$anonfun$action$1(CheckConnectionTask.scala:11)
	at scala.util.Try$.apply(Try.scala:217)
	at com.bqn.bsecurity.client.CheckConnectionTask.action(CheckConnectionTask.scala:11)
	at com.bqn.tasks.Task.run(Task.scala:72)
	at org.apache.pekko.actor.LightArrayRevolverScheduler$$anon$1$$anon$2.run(LightArrayRevolverScheduler.scala:145)
	at org.apache.pekko.dispatch.TaskInvocation.run(AbstractDispatcher.scala:59)
	at java.base/java.util.concurrent.ThreadPoolExecutor.runWorker(ThreadPoolExecutor.java:1136)
	at java.base/java.util.concurrent.ThreadPoolExecutor$Worker.run(ThreadPoolExecutor.java:635)
	at java.base/java.lang.Thread.run(Thread.java:840)
2026-03-17 01:52:18.147 [TaskController-tasks.scheduler-dispatcher-3444] INFO  c.b.b.client.CheckConnectionTask - Starting task: CheckConnectionTask
2026-03-17 01:52:25.837 [TaskController-tasks.scheduler-dispatcher-3445] INFO  c.b.b.client.CheckConnectionTask - Starting task: CheckConnectionTask
2026-03-17 01:52:48.148 [TaskController-tasks.scheduler-dispatcher-3444] WARN  c.b.b.client.CheckConnectionTask - Task CheckConnectionTask failed: Future timed out after [30 seconds]
java.util.concurrent.TimeoutException: Future timed out after [30 seconds]
	at scala.concurrent.impl.Promise$DefaultPromise.tryAwait0(Promise.scala:248)
	at scala.concurrent.impl.Promise$DefaultPromise.result(Promise.scala:261)
	at scala.concurrent.Await$.$anonfun$result$1(package.scala:201)
	at scala.concurrent.BlockContext$DefaultBlockContext$.blockOn(BlockContext.scala:62)
	at scala.concurrent.Await$.result(package.scala:124)
	at com.bqn.bsecurity.client.CheckConnectionTask.$anonfun$action$1(CheckConnectionTask.scala:11)
	at scala.util.Try$.apply(Try.scala:217)
	at com.bqn.bsecurity.client.CheckConnectionTask.action(CheckConnectionTask.scala:11)
	at com.bqn.tasks.Task.run(Task.scala:72)
	at org.apache.pekko.actor.LightArrayRevolverScheduler$$anon$1$$anon$2.run(LightArrayRevolverScheduler.scala:145)
	at org.apache.pekko.dispatch.TaskInvocation.run(AbstractDispatcher.scala:59)
	at java.base/java.util.concurrent.ThreadPoolExecutor.runWorker(ThreadPoolExecutor.java:1136)
	at java.base/java.util.concurrent.ThreadPoolExecutor$Worker.run(ThreadPoolExecutor.java:635)
	at java.base/java.lang.Thread.run(Thread.java:840)
2026-03-17 01:52:55.007 [TaskController-tasks.scheduler-dispatcher-3446] INFO  c.b.b.client.CheckConnectionTask - Starting task: CheckConnectionTask
2026-03-17 01:52:55.837 [TaskController-tasks.scheduler-dispatcher-3445] WARN  c.b.b.client.CheckConnectionTask - Task CheckConnectionTask failed: Future timed out after [30 seconds]
java.util.concurrent.TimeoutException: Future timed out after [30 seconds]
	at scala.concurrent.impl.Promise$DefaultPromise.tryAwait0(Promise.scala:248)
	at scala.concurrent.impl.Promise$DefaultPromise.result(Promise.scala:261)
	at scala.concurrent.Await$.$anonfun$result$1(package.scala:201)
	at scala.concurrent.BlockContext$DefaultBlockContext$.blockOn(BlockContext.scala:62)
	at scala.concurrent.Await$.result(package.scala:124)
	at com.bqn.bsecurity.client.CheckConnectionTask.$anonfun$action$1(CheckConnectionTask.scala:11)
	at scala.util.Try$.apply(Try.scala:217)
	at com.bqn.bsecurity.client.CheckConnectionTask.action(CheckConnectionTask.scala:11)
	at com.bqn.tasks.Task.run(Task.scala:72)
	at org.apache.pekko.actor.LightArrayRevolverScheduler$$anon$1$$anon$2.run(LightArrayRevolverScheduler.scala:145)
	at org.apache.pekko.dispatch.TaskInvocation.run(AbstractDispatcher.scala:59)
	at java.base/java.util.concurrent.ThreadPoolExecutor.runWorker(ThreadPoolExecutor.java:1136)
	at java.base/java.util.concurrent.ThreadPoolExecutor$Worker.run(ThreadPoolExecutor.java:635)
	at java.base/java.lang.Thread.run(Thread.java:840)
2026-03-17 01:53:04.195 [bol-api-pekko.actor.default-dispatcher-11772] DEBUG c.b.b.s.status.GetStatusHandler - Dialog: e1de491c-636c-48c0-b1e6-0d185912457d
Start: 2026-03-17T01:53:04.195347265
Request:null
2026-03-17 01:53:04.195 [bol-api-pekko.actor.default-dispatcher-11772] DEBUG c.b.b.s.status.GetStatusHandler - Dialog: e1de491c-636c-48c0-b1e6-0d185912457d
Start: 2026-03-17T01:53:04.195347265
Request:null
----------------------------------------
Response:{
  "statusCode" : 200,
  "entity" : {
    "name" : "bol-api",
    "version" : "1.1.0-SNAPSHOT",
    "builtAt" : "2026-02-11T12:34:19",
    "startedAt" : "2026-03-06T11:57:19",
    "currentTime" : "2026-03-17T01:53:04",
    "environment" : "developer",
    "status" : "OK"
  }
}
Duration:0 ms
2026-03-17 01:53:25.007 [TaskController-tasks.scheduler-dispatcher-3446] WARN  c.b.b.client.CheckConnectionTask - Task CheckConnectionTask failed: Future timed out after [30 seconds]
java.util.concurrent.TimeoutException: Future timed out after [30 seconds]
	at scala.concurrent.impl.Promise$DefaultPromise.tryAwait0(Promise.scala:248)
	at scala.concurrent.impl.Promise$DefaultPromise.result(Promise.scala:261)
	at scala.concurrent.Await$.$anonfun$result$1(package.scala:201)
	at scala.concurrent.BlockContext$DefaultBlockContext$.blockOn(BlockContext.scala:62)
	at scala.concurrent.Await$.result(package.scala:124)
	at com.bqn.bsecurity.client.CheckConnectionTask.$anonfun$action$1(CheckConnectionTask.scala:11)
	at scala.util.Try$.apply(Try.scala:217)
	at com.bqn.bsecurity.client.CheckConnectionTask.action(CheckConnectionTask.scala:11)
	at com.bqn.tasks.Task.run(Task.scala:72)
	at org.apache.pekko.actor.LightArrayRevolverScheduler$$anon$1$$anon$2.run(LightArrayRevolverScheduler.scala:145)
	at org.apache.pekko.dispatch.TaskInvocation.run(AbstractDispatcher.scala:59)
	at java.base/java.util.concurrent.ThreadPoolExecutor.runWorker(ThreadPoolExecutor.java:1136)
	at java.base/java.util.concurrent.ThreadPoolExecutor$Worker.run(ThreadPoolExecutor.java:635)
	at java.base/java.lang.Thread.run(Thread.java:840)
2026-03-17 01:58:25.506 [TaskController-tasks.scheduler-dispatcher-3447] INFO  c.b.b.client.CheckConnectionTask - Starting task: CheckConnectionTask
2026-03-17 01:58:55.507 [TaskController-tasks.scheduler-dispatcher-3447] WARN  c.b.b.client.CheckConnectionTask - Task CheckConnectionTask failed: Future timed out after [30 seconds]
java.util.concurrent.TimeoutException: Future timed out after [30 seconds]
	at scala.concurrent.impl.Promise$DefaultPromise.tryAwait0(Promise.scala:248)
	at scala.concurrent.impl.Promise$DefaultPromise.result(Promise.scala:261)
	at scala.concurrent.Await$.$anonfun$result$1(package.scala:201)
	at scala.concurrent.BlockContext$DefaultBlockContext$.blockOn(BlockContext.scala:62)
	at scala.concurrent.Await$.result(package.scala:124)
	at com.bqn.bsecurity.client.CheckConnectionTask.$anonfun$action$1(CheckConnectionTask.scala:11)
	at scala.util.Try$.apply(Try.scala:217)
	at com.bqn.bsecurity.client.CheckConnectionTask.action(CheckConnectionTask.scala:11)
	at com.bqn.tasks.Task.run(Task.scala:72)
	at org.apache.pekko.actor.LightArrayRevolverScheduler$$anon$1$$anon$2.run(LightArrayRevolverScheduler.scala:145)
	at org.apache.pekko.dispatch.TaskInvocation.run(AbstractDispatcher.scala:59)
	at java.base/java.util.concurrent.ThreadPoolExecutor.runWorker(ThreadPoolExecutor.java:1136)
	at java.base/java.util.concurrent.ThreadPoolExecutor$Worker.run(ThreadPoolExecutor.java:635)
	at java.base/java.lang.Thread.run(Thread.java:840)
2026-03-17 02:02:18.136 [TaskController-tasks.scheduler-dispatcher-3448] INFO  c.b.b.client.CheckConnectionTask - Starting task: CheckConnectionTask
2026-03-17 02:02:25.826 [TaskController-tasks.scheduler-dispatcher-3449] INFO  c.b.b.client.CheckConnectionTask - Starting task: CheckConnectionTask
2026-03-17 02:02:48.137 [TaskController-tasks.scheduler-dispatcher-3448] WARN  c.b.b.client.CheckConnectionTask - Task CheckConnectionTask failed: Future timed out after [30 seconds]
java.util.concurrent.TimeoutException: Future timed out after [30 seconds]
	at scala.concurrent.impl.Promise$DefaultPromise.tryAwait0(Promise.scala:248)
	at scala.concurrent.impl.Promise$DefaultPromise.result(Promise.scala:261)
	at scala.concurrent.Await$.$anonfun$result$1(package.scala:201)
	at scala.concurrent.BlockContext$DefaultBlockContext$.blockOn(BlockContext.scala:62)
	at scala.concurrent.Await$.result(package.scala:124)
	at com.bqn.bsecurity.client.CheckConnectionTask.$anonfun$action$1(CheckConnectionTask.scala:11)
	at scala.util.Try$.apply(Try.scala:217)
	at com.bqn.bsecurity.client.CheckConnectionTask.action(CheckConnectionTask.scala:11)
	at com.bqn.tasks.Task.run(Task.scala:72)
	at org.apache.pekko.actor.LightArrayRevolverScheduler$$anon$1$$anon$2.run(LightArrayRevolverScheduler.scala:145)
	at org.apache.pekko.dispatch.TaskInvocation.run(AbstractDispatcher.scala:59)
	at java.base/java.util.concurrent.ThreadPoolExecutor.runWorker(ThreadPoolExecutor.java:1136)
	at java.base/java.util.concurrent.ThreadPoolExecutor$Worker.run(ThreadPoolExecutor.java:635)
	at java.base/java.lang.Thread.run(Thread.java:840)
2026-03-17 02:02:55.009 [TaskController-tasks.scheduler-dispatcher-3450] INFO  c.b.b.client.CheckConnectionTask - Starting task: CheckConnectionTask
2026-03-17 02:02:55.826 [TaskController-tasks.scheduler-dispatcher-3449] WARN  c.b.b.client.CheckConnectionTask - Task CheckConnectionTask failed: Future timed out after [30 seconds]
java.util.concurrent.TimeoutException: Future timed out after [30 seconds]
	at scala.concurrent.impl.Promise$DefaultPromise.tryAwait0(Promise.scala:248)
	at scala.concurrent.impl.Promise$DefaultPromise.result(Promise.scala:261)
	at scala.concurrent.Await$.$anonfun$result$1(package.scala:201)
	at scala.concurrent.BlockContext$DefaultBlockContext$.blockOn(BlockContext.scala:62)
	at scala.concurrent.Await$.result(package.scala:124)
	at com.bqn.bsecurity.client.CheckConnectionTask.$anonfun$action$1(CheckConnectionTask.scala:11)
	at scala.util.Try$.apply(Try.scala:217)
	at com.bqn.bsecurity.client.CheckConnectionTask.action(CheckConnectionTask.scala:11)
	at com.bqn.tasks.Task.run(Task.scala:72)
	at org.apache.pekko.actor.LightArrayRevolverScheduler$$anon$1$$anon$2.run(LightArrayRevolverScheduler.scala:145)
	at org.apache.pekko.dispatch.TaskInvocation.run(AbstractDispatcher.scala:59)
	at java.base/java.util.concurrent.ThreadPoolExecutor.runWorker(ThreadPoolExecutor.java:1136)
	at java.base/java.util.concurrent.ThreadPoolExecutor$Worker.run(ThreadPoolExecutor.java:635)
	at java.base/java.lang.Thread.run(Thread.java:840)
2026-03-17 02:03:04.205 [bol-api-pekko.actor.default-dispatcher-11778] DEBUG c.b.b.s.status.GetStatusHandler - Dialog: 062a321b-c172-40d6-b088-9f4d0d246bfb
Start: 2026-03-17T02:03:04.205749836
Request:null
2026-03-17 02:03:04.205 [bol-api-pekko.actor.default-dispatcher-11778] DEBUG c.b.b.s.status.GetStatusHandler - Dialog: 062a321b-c172-40d6-b088-9f4d0d246bfb
Start: 2026-03-17T02:03:04.205749836
Request:null
----------------------------------------
Response:{
  "statusCode" : 200,
  "entity" : {
    "name" : "bol-api",
    "version" : "1.1.0-SNAPSHOT",
    "builtAt" : "2026-02-11T12:34:19",
    "startedAt" : "2026-03-06T11:57:19",
    "currentTime" : "2026-03-17T02:03:04",
    "environment" : "developer",
    "status" : "OK"
  }
}
Duration:0 ms
2026-03-17 02:03:25.009 [TaskController-tasks.scheduler-dispatcher-3450] WARN  c.b.b.client.CheckConnectionTask - Task CheckConnectionTask failed: Future timed out after [30 seconds]
java.util.concurrent.TimeoutException: Future timed out after [30 seconds]
	at scala.concurrent.impl.Promise$DefaultPromise.tryAwait0(Promise.scala:248)
	at scala.concurrent.impl.Promise$DefaultPromise.result(Promise.scala:261)
	at scala.concurrent.Await$.$anonfun$result$1(package.scala:201)
	at scala.concurrent.BlockContext$DefaultBlockContext$.blockOn(BlockContext.scala:62)
	at scala.concurrent.Await$.result(package.scala:124)
	at com.bqn.bsecurity.client.CheckConnectionTask.$anonfun$action$1(CheckConnectionTask.scala:11)
	at scala.util.Try$.apply(Try.scala:217)
	at com.bqn.bsecurity.client.CheckConnectionTask.action(CheckConnectionTask.scala:11)
	at com.bqn.tasks.Task.run(Task.scala:72)
	at org.apache.pekko.actor.LightArrayRevolverScheduler$$anon$1$$anon$2.run(LightArrayRevolverScheduler.scala:145)
	at org.apache.pekko.dispatch.TaskInvocation.run(AbstractDispatcher.scala:59)
	at java.base/java.util.concurrent.ThreadPoolExecutor.runWorker(ThreadPoolExecutor.java:1136)
	at java.base/java.util.concurrent.ThreadPoolExecutor$Worker.run(ThreadPoolExecutor.java:635)
	at java.base/java.lang.Thread.run(Thread.java:840)
2026-03-17 02:08:25.497 [TaskController-tasks.scheduler-dispatcher-3451] INFO  c.b.b.client.CheckConnectionTask - Starting task: CheckConnectionTask
2026-03-17 02:08:55.497 [TaskController-tasks.scheduler-dispatcher-3451] WARN  c.b.b.client.CheckConnectionTask - Task CheckConnectionTask failed: Future timed out after [30 seconds]
java.util.concurrent.TimeoutException: Future timed out after [30 seconds]
	at scala.concurrent.impl.Promise$DefaultPromise.tryAwait0(Promise.scala:248)
	at scala.concurrent.impl.Promise$DefaultPromise.result(Promise.scala:261)
	at scala.concurrent.Await$.$anonfun$result$1(package.scala:201)
	at scala.concurrent.BlockContext$DefaultBlockContext$.blockOn(BlockContext.scala:62)
	at scala.concurrent.Await$.result(package.scala:124)
	at com.bqn.bsecurity.client.CheckConnectionTask.$anonfun$action$1(CheckConnectionTask.scala:11)
	at scala.util.Try$.apply(Try.scala:217)
	at com.bqn.bsecurity.client.CheckConnectionTask.action(CheckConnectionTask.scala:11)
	at com.bqn.tasks.Task.run(Task.scala:72)
	at org.apache.pekko.actor.LightArrayRevolverScheduler$$anon$1$$anon$2.run(LightArrayRevolverScheduler.scala:145)
	at org.apache.pekko.dispatch.TaskInvocation.run(AbstractDispatcher.scala:59)
	at java.base/java.util.concurrent.ThreadPoolExecutor.runWorker(ThreadPoolExecutor.java:1136)
	at java.base/java.util.concurrent.ThreadPoolExecutor$Worker.run(ThreadPoolExecutor.java:635)
	at java.base/java.lang.Thread.run(Thread.java:840)
2026-03-17 02:12:18.136 [TaskController-tasks.scheduler-dispatcher-3452] INFO  c.b.b.client.CheckConnectionTask - Starting task: CheckConnectionTask
2026-03-17 02:12:25.826 [TaskController-tasks.scheduler-dispatcher-3453] INFO  c.b.b.client.CheckConnectionTask - Starting task: CheckConnectionTask
2026-03-17 02:12:48.137 [TaskController-tasks.scheduler-dispatcher-3452] WARN  c.b.b.client.CheckConnectionTask - Task CheckConnectionTask failed: Future timed out after [30 seconds]
java.util.concurrent.TimeoutException: Future timed out after [30 seconds]
	at scala.concurrent.impl.Promise$DefaultPromise.tryAwait0(Promise.scala:248)
	at scala.concurrent.impl.Promise$DefaultPromise.result(Promise.scala:261)
	at scala.concurrent.Await$.$anonfun$result$1(package.scala:201)
	at scala.concurrent.BlockContext$DefaultBlockContext$.blockOn(BlockContext.scala:62)
	at scala.concurrent.Await$.result(package.scala:124)
	at com.bqn.bsecurity.client.CheckConnectionTask.$anonfun$action$1(CheckConnectionTask.scala:11)
	at scala.util.Try$.apply(Try.scala:217)
	at com.bqn.bsecurity.client.CheckConnectionTask.action(CheckConnectionTask.scala:11)
	at com.bqn.tasks.Task.run(Task.scala:72)
	at org.apache.pekko.actor.LightArrayRevolverScheduler$$anon$1$$anon$2.run(LightArrayRevolverScheduler.scala:145)
	at org.apache.pekko.dispatch.TaskInvocation.run(AbstractDispatcher.scala:59)
	at java.base/java.util.concurrent.ThreadPoolExecutor.runWorker(ThreadPoolExecutor.java:1136)
	at java.base/java.util.concurrent.ThreadPoolExecutor$Worker.run(ThreadPoolExecutor.java:635)
	at java.base/java.lang.Thread.run(Thread.java:840)
2026-03-17 02:12:55.006 [TaskController-tasks.scheduler-dispatcher-3454] INFO  c.b.b.client.CheckConnectionTask - Starting task: CheckConnectionTask
2026-03-17 02:12:55.827 [TaskController-tasks.scheduler-dispatcher-3453] WARN  c.b.b.client.CheckConnectionTask - Task CheckConnectionTask failed: Future timed out after [30 seconds]
java.util.concurrent.TimeoutException: Future timed out after [30 seconds]
	at scala.concurrent.impl.Promise$DefaultPromise.tryAwait0(Promise.scala:248)
	at scala.concurrent.impl.Promise$DefaultPromise.result(Promise.scala:261)
	at scala.concurrent.Await$.$anonfun$result$1(package.scala:201)
	at scala.concurrent.BlockContext$DefaultBlockContext$.blockOn(BlockContext.scala:62)
	at scala.concurrent.Await$.result(package.scala:124)
	at com.bqn.bsecurity.client.CheckConnectionTask.$anonfun$action$1(CheckConnectionTask.scala:11)
	at scala.util.Try$.apply(Try.scala:217)
	at com.bqn.bsecurity.client.CheckConnectionTask.action(CheckConnectionTask.scala:11)
	at com.bqn.tasks.Task.run(Task.scala:72)
	at org.apache.pekko.actor.LightArrayRevolverScheduler$$anon$1$$anon$2.run(LightArrayRevolverScheduler.scala:145)
	at org.apache.pekko.dispatch.TaskInvocation.run(AbstractDispatcher.scala:59)
	at java.base/java.util.concurrent.ThreadPoolExecutor.runWorker(ThreadPoolExecutor.java:1136)
	at java.base/java.util.concurrent.ThreadPoolExecutor$Worker.run(ThreadPoolExecutor.java:635)
	at java.base/java.lang.Thread.run(Thread.java:840)
2026-03-17 02:13:04.203 [bol-api-pekko.actor.default-dispatcher-11784] DEBUG c.b.b.s.status.GetStatusHandler - Dialog: e695cc65-8f4d-4635-960d-dd5250fa2f21
Start: 2026-03-17T02:13:04.202982052
Request:null
2026-03-17 02:13:04.203 [bol-api-pekko.actor.default-dispatcher-11784] DEBUG c.b.b.s.status.GetStatusHandler - Dialog: e695cc65-8f4d-4635-960d-dd5250fa2f21
Start: 2026-03-17T02:13:04.202982052
Request:null
----------------------------------------
Response:{
  "statusCode" : 200,
  "entity" : {
    "name" : "bol-api",
    "version" : "1.1.0-SNAPSHOT",
    "builtAt" : "2026-02-11T12:34:19",
    "startedAt" : "2026-03-06T11:57:19",
    "currentTime" : "2026-03-17T02:13:04",
    "environment" : "developer",
    "status" : "OK"
  }
}
Duration:0 ms
2026-03-17 02:13:25.006 [TaskController-tasks.scheduler-dispatcher-3454] WARN  c.b.b.client.CheckConnectionTask - Task CheckConnectionTask failed: Future timed out after [30 seconds]
java.util.concurrent.TimeoutException: Future timed out after [30 seconds]
	at scala.concurrent.impl.Promise$DefaultPromise.tryAwait0(Promise.scala:248)
	at scala.concurrent.impl.Promise$DefaultPromise.result(Promise.scala:261)
	at scala.concurrent.Await$.$anonfun$result$1(package.scala:201)
	at scala.concurrent.BlockContext$DefaultBlockContext$.blockOn(BlockContext.scala:62)
	at scala.concurrent.Await$.result(package.scala:124)
	at com.bqn.bsecurity.client.CheckConnectionTask.$anonfun$action$1(CheckConnectionTask.scala:11)
	at scala.util.Try$.apply(Try.scala:217)
	at com.bqn.bsecurity.client.CheckConnectionTask.action(CheckConnectionTask.scala:11)
	at com.bqn.tasks.Task.run(Task.scala:72)
	at org.apache.pekko.actor.LightArrayRevolverScheduler$$anon$1$$anon$2.run(LightArrayRevolverScheduler.scala:145)
	at org.apache.pekko.dispatch.TaskInvocation.run(AbstractDispatcher.scala:59)
	at java.base/java.util.concurrent.ThreadPoolExecutor.runWorker(ThreadPoolExecutor.java:1136)
	at java.base/java.util.concurrent.ThreadPoolExecutor$Worker.run(ThreadPoolExecutor.java:635)
	at java.base/java.lang.Thread.run(Thread.java:840)
2026-03-17 02:18:25.507 [TaskController-tasks.scheduler-dispatcher-3455] INFO  c.b.b.client.CheckConnectionTask - Starting task: CheckConnectionTask
2026-03-17 02:18:55.507 [TaskController-tasks.scheduler-dispatcher-3455] WARN  c.b.b.client.CheckConnectionTask - Task CheckConnectionTask failed: Future timed out after [30 seconds]
java.util.concurrent.TimeoutException: Future timed out after [30 seconds]
	at scala.concurrent.impl.Promise$DefaultPromise.tryAwait0(Promise.scala:248)
	at scala.concurrent.impl.Promise$DefaultPromise.result(Promise.scala:261)
	at scala.concurrent.Await$.$anonfun$result$1(package.scala:201)
	at scala.concurrent.BlockContext$DefaultBlockContext$.blockOn(BlockContext.scala:62)
	at scala.concurrent.Await$.result(package.scala:124)
	at com.bqn.bsecurity.client.CheckConnectionTask.$anonfun$action$1(CheckConnectionTask.scala:11)
	at scala.util.Try$.apply(Try.scala:217)
	at com.bqn.bsecurity.client.CheckConnectionTask.action(CheckConnectionTask.scala:11)
	at com.bqn.tasks.Task.run(Task.scala:72)
	at org.apache.pekko.actor.LightArrayRevolverScheduler$$anon$1$$anon$2.run(LightArrayRevolverScheduler.scala:145)
	at org.apache.pekko.dispatch.TaskInvocation.run(AbstractDispatcher.scala:59)
	at java.base/java.util.concurrent.ThreadPoolExecutor.runWorker(ThreadPoolExecutor.java:1136)
	at java.base/java.util.concurrent.ThreadPoolExecutor$Worker.run(ThreadPoolExecutor.java:635)
	at java.base/java.lang.Thread.run(Thread.java:840)
2026-03-17 02:22:18.137 [TaskController-tasks.scheduler-dispatcher-3456] INFO  c.b.b.client.CheckConnectionTask - Starting task: CheckConnectionTask
2026-03-17 02:22:25.837 [TaskController-tasks.scheduler-dispatcher-3457] INFO  c.b.b.client.CheckConnectionTask - Starting task: CheckConnectionTask
2026-03-17 02:22:48.137 [TaskController-tasks.scheduler-dispatcher-3456] WARN  c.b.b.client.CheckConnectionTask - Task CheckConnectionTask failed: Future timed out after [30 seconds]
java.util.concurrent.TimeoutException: Future timed out after [30 seconds]
	at scala.concurrent.impl.Promise$DefaultPromise.tryAwait0(Promise.scala:248)
	at scala.concurrent.impl.Promise$DefaultPromise.result(Promise.scala:261)
	at scala.concurrent.Await$.$anonfun$result$1(package.scala:201)
	at scala.concurrent.BlockContext$DefaultBlockContext$.blockOn(BlockContext.scala:62)
	at scala.concurrent.Await$.result(package.scala:124)
	at com.bqn.bsecurity.client.CheckConnectionTask.$anonfun$action$1(CheckConnectionTask.scala:11)
	at scala.util.Try$.apply(Try.scala:217)
	at com.bqn.bsecurity.client.CheckConnectionTask.action(CheckConnectionTask.scala:11)
	at com.bqn.tasks.Task.run(Task.scala:72)
	at org.apache.pekko.actor.LightArrayRevolverScheduler$$anon$1$$anon$2.run(LightArrayRevolverScheduler.scala:145)
	at org.apache.pekko.dispatch.TaskInvocation.run(AbstractDispatcher.scala:59)
	at java.base/java.util.concurrent.ThreadPoolExecutor.runWorker(ThreadPoolExecutor.java:1136)
	at java.base/java.util.concurrent.ThreadPoolExecutor$Worker.run(ThreadPoolExecutor.java:635)
	at java.base/java.lang.Thread.run(Thread.java:840)
2026-03-17 02:22:54.996 [TaskController-tasks.scheduler-dispatcher-3458] INFO  c.b.b.client.CheckConnectionTask - Starting task: CheckConnectionTask
2026-03-17 02:22:55.837 [TaskController-tasks.scheduler-dispatcher-3457] WARN  c.b.b.client.CheckConnectionTask - Task CheckConnectionTask failed: Future timed out after [30 seconds]
java.util.concurrent.TimeoutException: Future timed out after [30 seconds]
	at scala.concurrent.impl.Promise$DefaultPromise.tryAwait0(Promise.scala:248)
	at scala.concurrent.impl.Promise$DefaultPromise.result(Promise.scala:261)
	at scala.concurrent.Await$.$anonfun$result$1(package.scala:201)
	at scala.concurrent.BlockContext$DefaultBlockContext$.blockOn(BlockContext.scala:62)
	at scala.concurrent.Await$.result(package.scala:124)
	at com.bqn.bsecurity.client.CheckConnectionTask.$anonfun$action$1(CheckConnectionTask.scala:11)
	at scala.util.Try$.apply(Try.scala:217)
	at com.bqn.bsecurity.client.CheckConnectionTask.action(CheckConnectionTask.scala:11)
	at com.bqn.tasks.Task.run(Task.scala:72)
	at org.apache.pekko.actor.LightArrayRevolverScheduler$$anon$1$$anon$2.run(LightArrayRevolverScheduler.scala:145)
	at org.apache.pekko.dispatch.TaskInvocation.run(AbstractDispatcher.scala:59)
	at java.base/java.util.concurrent.ThreadPoolExecutor.runWorker(ThreadPoolExecutor.java:1136)
	at java.base/java.util.concurrent.ThreadPoolExecutor$Worker.run(ThreadPoolExecutor.java:635)
	at java.base/java.lang.Thread.run(Thread.java:840)
2026-03-17 02:23:04.201 [bol-api-pekko.actor.default-dispatcher-11790] DEBUG c.b.b.s.status.GetStatusHandler - Dialog: bbd0798b-7ff4-4f44-aead-8b9903fd0d30
Start: 2026-03-17T02:23:04.201786623
Request:null
2026-03-17 02:23:04.201 [bol-api-pekko.actor.default-dispatcher-11790] DEBUG c.b.b.s.status.GetStatusHandler - Dialog: bbd0798b-7ff4-4f44-aead-8b9903fd0d30
Start: 2026-03-17T02:23:04.201786623
Request:null
----------------------------------------
Response:{
  "statusCode" : 200,
  "entity" : {
    "name" : "bol-api",
    "version" : "1.1.0-SNAPSHOT",
    "builtAt" : "2026-02-11T12:34:19",
    "startedAt" : "2026-03-06T11:57:19",
    "currentTime" : "2026-03-17T02:23:04",
    "environment" : "developer",
    "status" : "OK"
  }
}
Duration:0 ms
2026-03-17 02:23:24.997 [TaskController-tasks.scheduler-dispatcher-3458] WARN  c.b.b.client.CheckConnectionTask - Task CheckConnectionTask failed: Future timed out after [30 seconds]
java.util.concurrent.TimeoutException: Future timed out after [30 seconds]
	at scala.concurrent.impl.Promise$DefaultPromise.tryAwait0(Promise.scala:248)
	at scala.concurrent.impl.Promise$DefaultPromise.result(Promise.scala:261)
	at scala.concurrent.Await$.$anonfun$result$1(package.scala:201)
	at scala.concurrent.BlockContext$DefaultBlockContext$.blockOn(BlockContext.scala:62)
	at scala.concurrent.Await$.result(package.scala:124)
	at com.bqn.bsecurity.client.CheckConnectionTask.$anonfun$action$1(CheckConnectionTask.scala:11)
	at scala.util.Try$.apply(Try.scala:217)
	at com.bqn.bsecurity.client.CheckConnectionTask.action(CheckConnectionTask.scala:11)
	at com.bqn.tasks.Task.run(Task.scala:72)
	at org.apache.pekko.actor.LightArrayRevolverScheduler$$anon$1$$anon$2.run(LightArrayRevolverScheduler.scala:145)
	at org.apache.pekko.dispatch.TaskInvocation.run(AbstractDispatcher.scala:59)
	at java.base/java.util.concurrent.ThreadPoolExecutor.runWorker(ThreadPoolExecutor.java:1136)
	at java.base/java.util.concurrent.ThreadPoolExecutor$Worker.run(ThreadPoolExecutor.java:635)
	at java.base/java.lang.Thread.run(Thread.java:840)
2026-03-17 02:28:25.507 [TaskController-tasks.scheduler-dispatcher-3459] INFO  c.b.b.client.CheckConnectionTask - Starting task: CheckConnectionTask
2026-03-17 02:28:55.507 [TaskController-tasks.scheduler-dispatcher-3459] WARN  c.b.b.client.CheckConnectionTask - Task CheckConnectionTask failed: Future timed out after [30 seconds]
java.util.concurrent.TimeoutException: Future timed out after [30 seconds]
	at scala.concurrent.impl.Promise$DefaultPromise.tryAwait0(Promise.scala:248)
	at scala.concurrent.impl.Promise$DefaultPromise.result(Promise.scala:261)
	at scala.concurrent.Await$.$anonfun$result$1(package.scala:201)
	at scala.concurrent.BlockContext$DefaultBlockContext$.blockOn(BlockContext.scala:62)
	at scala.concurrent.Await$.result(package.scala:124)
	at com.bqn.bsecurity.client.CheckConnectionTask.$anonfun$action$1(CheckConnectionTask.scala:11)
	at scala.util.Try$.apply(Try.scala:217)
	at com.bqn.bsecurity.client.CheckConnectionTask.action(CheckConnectionTask.scala:11)
	at com.bqn.tasks.Task.run(Task.scala:72)
	at org.apache.pekko.actor.LightArrayRevolverScheduler$$anon$1$$anon$2.run(LightArrayRevolverScheduler.scala:145)
	at org.apache.pekko.dispatch.TaskInvocation.run(AbstractDispatcher.scala:59)
	at java.base/java.util.concurrent.ThreadPoolExecutor.runWorker(ThreadPoolExecutor.java:1136)
	at java.base/java.util.concurrent.ThreadPoolExecutor$Worker.run(ThreadPoolExecutor.java:635)
	at java.base/java.lang.Thread.run(Thread.java:840)
2026-03-17 02:32:18.146 [TaskController-tasks.scheduler-dispatcher-3460] INFO  c.b.b.client.CheckConnectionTask - Starting task: CheckConnectionTask
2026-03-17 02:32:25.826 [TaskController-tasks.scheduler-dispatcher-3461] INFO  c.b.b.client.CheckConnectionTask - Starting task: CheckConnectionTask
2026-03-17 02:32:48.146 [TaskController-tasks.scheduler-dispatcher-3460] WARN  c.b.b.client.CheckConnectionTask - Task CheckConnectionTask failed: Future timed out after [30 seconds]
java.util.concurrent.TimeoutException: Future timed out after [30 seconds]
	at scala.concurrent.impl.Promise$DefaultPromise.tryAwait0(Promise.scala:248)
	at scala.concurrent.impl.Promise$DefaultPromise.result(Promise.scala:261)
	at scala.concurrent.Await$.$anonfun$result$1(package.scala:201)
	at scala.concurrent.BlockContext$DefaultBlockContext$.blockOn(BlockContext.scala:62)
	at scala.concurrent.Await$.result(package.scala:124)
	at com.bqn.bsecurity.client.CheckConnectionTask.$anonfun$action$1(CheckConnectionTask.scala:11)
	at scala.util.Try$.apply(Try.scala:217)
	at com.bqn.bsecurity.client.CheckConnectionTask.action(CheckConnectionTask.scala:11)
	at com.bqn.tasks.Task.run(Task.scala:72)
	at org.apache.pekko.actor.LightArrayRevolverScheduler$$anon$1$$anon$2.run(LightArrayRevolverScheduler.scala:145)
	at org.apache.pekko.dispatch.TaskInvocation.run(AbstractDispatcher.scala:59)
	at java.base/java.util.concurrent.ThreadPoolExecutor.runWorker(ThreadPoolExecutor.java:1136)
	at java.base/java.util.concurrent.ThreadPoolExecutor$Worker.run(ThreadPoolExecutor.java:635)
	at java.base/java.lang.Thread.run(Thread.java:840)
2026-03-17 02:32:54.996 [TaskController-tasks.scheduler-dispatcher-3462] INFO  c.b.b.client.CheckConnectionTask - Starting task: CheckConnectionTask
2026-03-17 02:32:55.826 [TaskController-tasks.scheduler-dispatcher-3461] WARN  c.b.b.client.CheckConnectionTask - Task CheckConnectionTask failed: Future timed out after [30 seconds]
java.util.concurrent.TimeoutException: Future timed out after [30 seconds]
	at scala.concurrent.impl.Promise$DefaultPromise.tryAwait0(Promise.scala:248)
	at scala.concurrent.impl.Promise$DefaultPromise.result(Promise.scala:261)
	at scala.concurrent.Await$.$anonfun$result$1(package.scala:201)
	at scala.concurrent.BlockContext$DefaultBlockContext$.blockOn(BlockContext.scala:62)
	at scala.concurrent.Await$.result(package.scala:124)
	at com.bqn.bsecurity.client.CheckConnectionTask.$anonfun$action$1(CheckConnectionTask.scala:11)
	at scala.util.Try$.apply(Try.scala:217)
	at com.bqn.bsecurity.client.CheckConnectionTask.action(CheckConnectionTask.scala:11)
	at com.bqn.tasks.Task.run(Task.scala:72)
	at org.apache.pekko.actor.LightArrayRevolverScheduler$$anon$1$$anon$2.run(LightArrayRevolverScheduler.scala:145)
	at org.apache.pekko.dispatch.TaskInvocation.run(AbstractDispatcher.scala:59)
	at java.base/java.util.concurrent.ThreadPoolExecutor.runWorker(ThreadPoolExecutor.java:1136)
	at java.base/java.util.concurrent.ThreadPoolExecutor$Worker.run(ThreadPoolExecutor.java:635)
	at java.base/java.lang.Thread.run(Thread.java:840)
2026-03-17 02:33:04.229 [bol-api-pekko.actor.default-dispatcher-11796] DEBUG c.b.b.s.status.GetStatusHandler - Dialog: 34facef4-627c-401e-9b44-6c39f492c2a9
Start: 2026-03-17T02:33:04.229243660
Request:null
2026-03-17 02:33:04.262 [bol-api-pekko.actor.default-dispatcher-11796] DEBUG c.b.b.s.status.GetStatusHandler - Dialog: 34facef4-627c-401e-9b44-6c39f492c2a9
Start: 2026-03-17T02:33:04.229243660
Request:null
----------------------------------------
Response:{
  "statusCode" : 200,
  "entity" : {
    "name" : "bol-api",
    "version" : "1.1.0-SNAPSHOT",
    "builtAt" : "2026-02-11T12:34:19",
    "startedAt" : "2026-03-06T11:57:19",
    "currentTime" : "2026-03-17T02:33:04",
    "environment" : "developer",
    "status" : "OK"
  }
}
Duration:33 ms
2026-03-17 02:33:24.997 [TaskController-tasks.scheduler-dispatcher-3462] WARN  c.b.b.client.CheckConnectionTask - Task CheckConnectionTask failed: Future timed out after [30 seconds]
java.util.concurrent.TimeoutException: Future timed out after [30 seconds]
	at scala.concurrent.impl.Promise$DefaultPromise.tryAwait0(Promise.scala:248)
	at scala.concurrent.impl.Promise$DefaultPromise.result(Promise.scala:261)
	at scala.concurrent.Await$.$anonfun$result$1(package.scala:201)
	at scala.concurrent.BlockContext$DefaultBlockContext$.blockOn(BlockContext.scala:62)
	at scala.concurrent.Await$.result(package.scala:124)
	at com.bqn.bsecurity.client.CheckConnectionTask.$anonfun$action$1(CheckConnectionTask.scala:11)
	at scala.util.Try$.apply(Try.scala:217)
	at com.bqn.bsecurity.client.CheckConnectionTask.action(CheckConnectionTask.scala:11)
	at com.bqn.tasks.Task.run(Task.scala:72)
	at org.apache.pekko.actor.LightArrayRevolverScheduler$$anon$1$$anon$2.run(LightArrayRevolverScheduler.scala:145)
	at org.apache.pekko.dispatch.TaskInvocation.run(AbstractDispatcher.scala:59)
	at java.base/java.util.concurrent.ThreadPoolExecutor.runWorker(ThreadPoolExecutor.java:1136)
	at java.base/java.util.concurrent.ThreadPoolExecutor$Worker.run(ThreadPoolExecutor.java:635)
	at java.base/java.lang.Thread.run(Thread.java:840)
2026-03-17 02:38:25.507 [TaskController-tasks.scheduler-dispatcher-3463] INFO  c.b.b.client.CheckConnectionTask - Starting task: CheckConnectionTask
2026-03-17 02:38:55.508 [TaskController-tasks.scheduler-dispatcher-3463] WARN  c.b.b.client.CheckConnectionTask - Task CheckConnectionTask failed: Future timed out after [30 seconds]
java.util.concurrent.TimeoutException: Future timed out after [30 seconds]
	at scala.concurrent.impl.Promise$DefaultPromise.tryAwait0(Promise.scala:248)
	at scala.concurrent.impl.Promise$DefaultPromise.result(Promise.scala:261)
	at scala.concurrent.Await$.$anonfun$result$1(package.scala:201)
	at scala.concurrent.BlockContext$DefaultBlockContext$.blockOn(BlockContext.scala:62)
	at scala.concurrent.Await$.result(package.scala:124)
	at com.bqn.bsecurity.client.CheckConnectionTask.$anonfun$action$1(CheckConnectionTask.scala:11)
	at scala.util.Try$.apply(Try.scala:217)
	at com.bqn.bsecurity.client.CheckConnectionTask.action(CheckConnectionTask.scala:11)
	at com.bqn.tasks.Task.run(Task.scala:72)
	at org.apache.pekko.actor.LightArrayRevolverScheduler$$anon$1$$anon$2.run(LightArrayRevolverScheduler.scala:145)
	at org.apache.pekko.dispatch.TaskInvocation.run(AbstractDispatcher.scala:59)
	at java.base/java.util.concurrent.ThreadPoolExecutor.runWorker(ThreadPoolExecutor.java:1136)
	at java.base/java.util.concurrent.ThreadPoolExecutor$Worker.run(ThreadPoolExecutor.java:635)
	at java.base/java.lang.Thread.run(Thread.java:840)
2026-03-17 02:42:18.147 [TaskController-tasks.scheduler-dispatcher-3464] INFO  c.b.b.client.CheckConnectionTask - Starting task: CheckConnectionTask
2026-03-17 02:42:25.837 [TaskController-tasks.scheduler-dispatcher-3465] INFO  c.b.b.client.CheckConnectionTask - Starting task: CheckConnectionTask
2026-03-17 02:42:48.147 [TaskController-tasks.scheduler-dispatcher-3464] WARN  c.b.b.client.CheckConnectionTask - Task CheckConnectionTask failed: Future timed out after [30 seconds]
java.util.concurrent.TimeoutException: Future timed out after [30 seconds]
	at scala.concurrent.impl.Promise$DefaultPromise.tryAwait0(Promise.scala:248)
	at scala.concurrent.impl.Promise$DefaultPromise.result(Promise.scala:261)
	at scala.concurrent.Await$.$anonfun$result$1(package.scala:201)
	at scala.concurrent.BlockContext$DefaultBlockContext$.blockOn(BlockContext.scala:62)
	at scala.concurrent.Await$.result(package.scala:124)
	at com.bqn.bsecurity.client.CheckConnectionTask.$anonfun$action$1(CheckConnectionTask.scala:11)
	at scala.util.Try$.apply(Try.scala:217)
	at com.bqn.bsecurity.client.CheckConnectionTask.action(CheckConnectionTask.scala:11)
	at com.bqn.tasks.Task.run(Task.scala:72)
	at org.apache.pekko.actor.LightArrayRevolverScheduler$$anon$1$$anon$2.run(LightArrayRevolverScheduler.scala:145)
	at org.apache.pekko.dispatch.TaskInvocation.run(AbstractDispatcher.scala:59)
	at java.base/java.util.concurrent.ThreadPoolExecutor.runWorker(ThreadPoolExecutor.java:1136)
	at java.base/java.util.concurrent.ThreadPoolExecutor$Worker.run(ThreadPoolExecutor.java:635)
	at java.base/java.lang.Thread.run(Thread.java:840)
2026-03-17 02:42:55.006 [TaskController-tasks.scheduler-dispatcher-3466] INFO  c.b.b.client.CheckConnectionTask - Starting task: CheckConnectionTask
2026-03-17 02:42:55.837 [TaskController-tasks.scheduler-dispatcher-3465] WARN  c.b.b.client.CheckConnectionTask - Task CheckConnectionTask failed: Future timed out after [30 seconds]
java.util.concurrent.TimeoutException: Future timed out after [30 seconds]
	at scala.concurrent.impl.Promise$DefaultPromise.tryAwait0(Promise.scala:248)
	at scala.concurrent.impl.Promise$DefaultPromise.result(Promise.scala:261)
	at scala.concurrent.Await$.$anonfun$result$1(package.scala:201)
	at scala.concurrent.BlockContext$DefaultBlockContext$.blockOn(BlockContext.scala:62)
	at scala.concurrent.Await$.result(package.scala:124)
	at com.bqn.bsecurity.client.CheckConnectionTask.$anonfun$action$1(CheckConnectionTask.scala:11)
	at scala.util.Try$.apply(Try.scala:217)
	at com.bqn.bsecurity.client.CheckConnectionTask.action(CheckConnectionTask.scala:11)
	at com.bqn.tasks.Task.run(Task.scala:72)
	at org.apache.pekko.actor.LightArrayRevolverScheduler$$anon$1$$anon$2.run(LightArrayRevolverScheduler.scala:145)
	at org.apache.pekko.dispatch.TaskInvocation.run(AbstractDispatcher.scala:59)
	at java.base/java.util.concurrent.ThreadPoolExecutor.runWorker(ThreadPoolExecutor.java:1136)
	at java.base/java.util.concurrent.ThreadPoolExecutor$Worker.run(ThreadPoolExecutor.java:635)
	at java.base/java.lang.Thread.run(Thread.java:840)
2026-03-17 02:43:04.205 [bol-api-pekko.actor.default-dispatcher-11802] DEBUG c.b.b.s.status.GetStatusHandler - Dialog: 9dab191e-1544-4e12-8509-c6e2ed198460
Start: 2026-03-17T02:43:04.205386983
Request:null
2026-03-17 02:43:04.205 [bol-api-pekko.actor.default-dispatcher-11802] DEBUG c.b.b.s.status.GetStatusHandler - Dialog: 9dab191e-1544-4e12-8509-c6e2ed198460
Start: 2026-03-17T02:43:04.205386983
Request:null
----------------------------------------
Response:{
  "statusCode" : 200,
  "entity" : {
    "name" : "bol-api",
    "version" : "1.1.0-SNAPSHOT",
    "builtAt" : "2026-02-11T12:34:19",
    "startedAt" : "2026-03-06T11:57:19",
    "currentTime" : "2026-03-17T02:43:04",
    "environment" : "developer",
    "status" : "OK"
  }
}
Duration:0 ms
2026-03-17 02:43:25.006 [TaskController-tasks.scheduler-dispatcher-3466] WARN  c.b.b.client.CheckConnectionTask - Task CheckConnectionTask failed: Future timed out after [30 seconds]
java.util.concurrent.TimeoutException: Future timed out after [30 seconds]
	at scala.concurrent.impl.Promise$DefaultPromise.tryAwait0(Promise.scala:248)
	at scala.concurrent.impl.Promise$DefaultPromise.result(Promise.scala:261)
	at scala.concurrent.Await$.$anonfun$result$1(package.scala:201)
	at scala.concurrent.BlockContext$DefaultBlockContext$.blockOn(BlockContext.scala:62)
	at scala.concurrent.Await$.result(package.scala:124)
	at com.bqn.bsecurity.client.CheckConnectionTask.$anonfun$action$1(CheckConnectionTask.scala:11)
	at scala.util.Try$.apply(Try.scala:217)
	at com.bqn.bsecurity.client.CheckConnectionTask.action(CheckConnectionTask.scala:11)
	at com.bqn.tasks.Task.run(Task.scala:72)
	at org.apache.pekko.actor.LightArrayRevolverScheduler$$anon$1$$anon$2.run(LightArrayRevolverScheduler.scala:145)
	at org.apache.pekko.dispatch.TaskInvocation.run(AbstractDispatcher.scala:59)
	at java.base/java.util.concurrent.ThreadPoolExecutor.runWorker(ThreadPoolExecutor.java:1136)
	at java.base/java.util.concurrent.ThreadPoolExecutor$Worker.run(ThreadPoolExecutor.java:635)
	at java.base/java.lang.Thread.run(Thread.java:840)
2026-03-17 02:48:25.506 [TaskController-tasks.scheduler-dispatcher-3467] INFO  c.b.b.client.CheckConnectionTask - Starting task: CheckConnectionTask
2026-03-17 02:48:55.506 [TaskController-tasks.scheduler-dispatcher-3467] WARN  c.b.b.client.CheckConnectionTask - Task CheckConnectionTask failed: Future timed out after [30 seconds]
java.util.concurrent.TimeoutException: Future timed out after [30 seconds]
	at scala.concurrent.impl.Promise$DefaultPromise.tryAwait0(Promise.scala:248)
	at scala.concurrent.impl.Promise$DefaultPromise.result(Promise.scala:261)
	at scala.concurrent.Await$.$anonfun$result$1(package.scala:201)
	at scala.concurrent.BlockContext$DefaultBlockContext$.blockOn(BlockContext.scala:62)
	at scala.concurrent.Await$.result(package.scala:124)
	at com.bqn.bsecurity.client.CheckConnectionTask.$anonfun$action$1(CheckConnectionTask.scala:11)
	at scala.util.Try$.apply(Try.scala:217)
	at com.bqn.bsecurity.client.CheckConnectionTask.action(CheckConnectionTask.scala:11)
	at com.bqn.tasks.Task.run(Task.scala:72)
	at org.apache.pekko.actor.LightArrayRevolverScheduler$$anon$1$$anon$2.run(LightArrayRevolverScheduler.scala:145)
	at org.apache.pekko.dispatch.TaskInvocation.run(AbstractDispatcher.scala:59)
	at java.base/java.util.concurrent.ThreadPoolExecutor.runWorker(ThreadPoolExecutor.java:1136)
	at java.base/java.util.concurrent.ThreadPoolExecutor$Worker.run(ThreadPoolExecutor.java:635)
	at java.base/java.lang.Thread.run(Thread.java:840)
2026-03-17 02:52:18.146 [TaskController-tasks.scheduler-dispatcher-3468] INFO  c.b.b.client.CheckConnectionTask - Starting task: CheckConnectionTask
2026-03-17 02:52:25.837 [TaskController-tasks.scheduler-dispatcher-3469] INFO  c.b.b.client.CheckConnectionTask - Starting task: CheckConnectionTask
2026-03-17 02:52:48.146 [TaskController-tasks.scheduler-dispatcher-3468] WARN  c.b.b.client.CheckConnectionTask - Task CheckConnectionTask failed: Future timed out after [30 seconds]
java.util.concurrent.TimeoutException: Future timed out after [30 seconds]
	at scala.concurrent.impl.Promise$DefaultPromise.tryAwait0(Promise.scala:248)
	at scala.concurrent.impl.Promise$DefaultPromise.result(Promise.scala:261)
	at scala.concurrent.Await$.$anonfun$result$1(package.scala:201)
	at scala.concurrent.BlockContext$DefaultBlockContext$.blockOn(BlockContext.scala:62)
	at scala.concurrent.Await$.result(package.scala:124)
	at com.bqn.bsecurity.client.CheckConnectionTask.$anonfun$action$1(CheckConnectionTask.scala:11)
	at scala.util.Try$.apply(Try.scala:217)
	at com.bqn.bsecurity.client.CheckConnectionTask.action(CheckConnectionTask.scala:11)
	at com.bqn.tasks.Task.run(Task.scala:72)
	at org.apache.pekko.actor.LightArrayRevolverScheduler$$anon$1$$anon$2.run(LightArrayRevolverScheduler.scala:145)
	at org.apache.pekko.dispatch.TaskInvocation.run(AbstractDispatcher.scala:59)
	at java.base/java.util.concurrent.ThreadPoolExecutor.runWorker(ThreadPoolExecutor.java:1136)
	at java.base/java.util.concurrent.ThreadPoolExecutor$Worker.run(ThreadPoolExecutor.java:635)
	at java.base/java.lang.Thread.run(Thread.java:840)
2026-03-17 02:52:55.006 [TaskController-tasks.scheduler-dispatcher-3470] INFO  c.b.b.client.CheckConnectionTask - Starting task: CheckConnectionTask
2026-03-17 02:52:55.837 [TaskController-tasks.scheduler-dispatcher-3469] WARN  c.b.b.client.CheckConnectionTask - Task CheckConnectionTask failed: Future timed out after [30 seconds]
java.util.concurrent.TimeoutException: Future timed out after [30 seconds]
	at scala.concurrent.impl.Promise$DefaultPromise.tryAwait0(Promise.scala:248)
	at scala.concurrent.impl.Promise$DefaultPromise.result(Promise.scala:261)
	at scala.concurrent.Await$.$anonfun$result$1(package.scala:201)
	at scala.concurrent.BlockContext$DefaultBlockContext$.blockOn(BlockContext.scala:62)
	at scala.concurrent.Await$.result(package.scala:124)
	at com.bqn.bsecurity.client.CheckConnectionTask.$anonfun$action$1(CheckConnectionTask.scala:11)
	at scala.util.Try$.apply(Try.scala:217)
	at com.bqn.bsecurity.client.CheckConnectionTask.action(CheckConnectionTask.scala:11)
	at com.bqn.tasks.Task.run(Task.scala:72)
	at org.apache.pekko.actor.LightArrayRevolverScheduler$$anon$1$$anon$2.run(LightArrayRevolverScheduler.scala:145)
	at org.apache.pekko.dispatch.TaskInvocation.run(AbstractDispatcher.scala:59)
	at java.base/java.util.concurrent.ThreadPoolExecutor.runWorker(ThreadPoolExecutor.java:1136)
	at java.base/java.util.concurrent.ThreadPoolExecutor$Worker.run(ThreadPoolExecutor.java:635)
	at java.base/java.lang.Thread.run(Thread.java:840)
2026-03-17 02:53:04.202 [bol-api-pekko.actor.default-dispatcher-11808] DEBUG c.b.b.s.status.GetStatusHandler - Dialog: b1c35cfa-9e54-41e7-b880-a6d90c108fad
Start: 2026-03-17T02:53:04.202172146
Request:null
2026-03-17 02:53:04.202 [bol-api-pekko.actor.default-dispatcher-11808] DEBUG c.b.b.s.status.GetStatusHandler - Dialog: b1c35cfa-9e54-41e7-b880-a6d90c108fad
Start: 2026-03-17T02:53:04.202172146
Request:null
----------------------------------------
Response:{
  "statusCode" : 200,
  "entity" : {
    "name" : "bol-api",
    "version" : "1.1.0-SNAPSHOT",
    "builtAt" : "2026-02-11T12:34:19",
    "startedAt" : "2026-03-06T11:57:19",
    "currentTime" : "2026-03-17T02:53:04",
    "environment" : "developer",
    "status" : "OK"
  }
}
Duration:0 ms
2026-03-17 02:53:25.007 [TaskController-tasks.scheduler-dispatcher-3470] WARN  c.b.b.client.CheckConnectionTask - Task CheckConnectionTask failed: Future timed out after [30 seconds]
java.util.concurrent.TimeoutException: Future timed out after [30 seconds]
	at scala.concurrent.impl.Promise$DefaultPromise.tryAwait0(Promise.scala:248)
	at scala.concurrent.impl.Promise$DefaultPromise.result(Promise.scala:261)
	at scala.concurrent.Await$.$anonfun$result$1(package.scala:201)
	at scala.concurrent.BlockContext$DefaultBlockContext$.blockOn(BlockContext.scala:62)
	at scala.concurrent.Await$.result(package.scala:124)
	at com.bqn.bsecurity.client.CheckConnectionTask.$anonfun$action$1(CheckConnectionTask.scala:11)
	at scala.util.Try$.apply(Try.scala:217)
	at com.bqn.bsecurity.client.CheckConnectionTask.action(CheckConnectionTask.scala:11)
	at com.bqn.tasks.Task.run(Task.scala:72)
	at org.apache.pekko.actor.LightArrayRevolverScheduler$$anon$1$$anon$2.run(LightArrayRevolverScheduler.scala:145)
	at org.apache.pekko.dispatch.TaskInvocation.run(AbstractDispatcher.scala:59)
	at java.base/java.util.concurrent.ThreadPoolExecutor.runWorker(ThreadPoolExecutor.java:1136)
	at java.base/java.util.concurrent.ThreadPoolExecutor$Worker.run(ThreadPoolExecutor.java:635)
	at java.base/java.lang.Thread.run(Thread.java:840)
2026-03-17 02:58:25.507 [TaskController-tasks.scheduler-dispatcher-3471] INFO  c.b.b.client.CheckConnectionTask - Starting task: CheckConnectionTask
2026-03-17 02:58:55.507 [TaskController-tasks.scheduler-dispatcher-3471] WARN  c.b.b.client.CheckConnectionTask - Task CheckConnectionTask failed: Future timed out after [30 seconds]
java.util.concurrent.TimeoutException: Future timed out after [30 seconds]
	at scala.concurrent.impl.Promise$DefaultPromise.tryAwait0(Promise.scala:248)
	at scala.concurrent.impl.Promise$DefaultPromise.result(Promise.scala:261)
	at scala.concurrent.Await$.$anonfun$result$1(package.scala:201)
	at scala.concurrent.BlockContext$DefaultBlockContext$.blockOn(BlockContext.scala:62)
	at scala.concurrent.Await$.result(package.scala:124)
	at com.bqn.bsecurity.client.CheckConnectionTask.$anonfun$action$1(CheckConnectionTask.scala:11)
	at scala.util.Try$.apply(Try.scala:217)
	at com.bqn.bsecurity.client.CheckConnectionTask.action(CheckConnectionTask.scala:11)
	at com.bqn.tasks.Task.run(Task.scala:72)
	at org.apache.pekko.actor.LightArrayRevolverScheduler$$anon$1$$anon$2.run(LightArrayRevolverScheduler.scala:145)
	at org.apache.pekko.dispatch.TaskInvocation.run(AbstractDispatcher.scala:59)
	at java.base/java.util.concurrent.ThreadPoolExecutor.runWorker(ThreadPoolExecutor.java:1136)
	at java.base/java.util.concurrent.ThreadPoolExecutor$Worker.run(ThreadPoolExecutor.java:635)
	at java.base/java.lang.Thread.run(Thread.java:840)
2026-03-17 03:02:18.146 [TaskController-tasks.scheduler-dispatcher-3472] INFO  c.b.b.client.CheckConnectionTask - Starting task: CheckConnectionTask
2026-03-17 03:02:25.836 [TaskController-tasks.scheduler-dispatcher-3473] INFO  c.b.b.client.CheckConnectionTask - Starting task: CheckConnectionTask
2026-03-17 03:02:48.146 [TaskController-tasks.scheduler-dispatcher-3472] WARN  c.b.b.client.CheckConnectionTask - Task CheckConnectionTask failed: Future timed out after [30 seconds]
java.util.concurrent.TimeoutException: Future timed out after [30 seconds]
	at scala.concurrent.impl.Promise$DefaultPromise.tryAwait0(Promise.scala:248)
	at scala.concurrent.impl.Promise$DefaultPromise.result(Promise.scala:261)
	at scala.concurrent.Await$.$anonfun$result$1(package.scala:201)
	at scala.concurrent.BlockContext$DefaultBlockContext$.blockOn(BlockContext.scala:62)
	at scala.concurrent.Await$.result(package.scala:124)
	at com.bqn.bsecurity.client.CheckConnectionTask.$anonfun$action$1(CheckConnectionTask.scala:11)
	at scala.util.Try$.apply(Try.scala:217)
	at com.bqn.bsecurity.client.CheckConnectionTask.action(CheckConnectionTask.scala:11)
	at com.bqn.tasks.Task.run(Task.scala:72)
	at org.apache.pekko.actor.LightArrayRevolverScheduler$$anon$1$$anon$2.run(LightArrayRevolverScheduler.scala:145)
	at org.apache.pekko.dispatch.TaskInvocation.run(AbstractDispatcher.scala:59)
	at java.base/java.util.concurrent.ThreadPoolExecutor.runWorker(ThreadPoolExecutor.java:1136)
	at java.base/java.util.concurrent.ThreadPoolExecutor$Worker.run(ThreadPoolExecutor.java:635)
	at java.base/java.lang.Thread.run(Thread.java:840)
2026-03-17 03:02:55.006 [TaskController-tasks.scheduler-dispatcher-3474] INFO  c.b.b.client.CheckConnectionTask - Starting task: CheckConnectionTask
2026-03-17 03:02:55.837 [TaskController-tasks.scheduler-dispatcher-3473] WARN  c.b.b.client.CheckConnectionTask - Task CheckConnectionTask failed: Future timed out after [30 seconds]
java.util.concurrent.TimeoutException: Future timed out after [30 seconds]
	at scala.concurrent.impl.Promise$DefaultPromise.tryAwait0(Promise.scala:248)
	at scala.concurrent.impl.Promise$DefaultPromise.result(Promise.scala:261)
	at scala.concurrent.Await$.$anonfun$result$1(package.scala:201)
	at scala.concurrent.BlockContext$DefaultBlockContext$.blockOn(BlockContext.scala:62)
	at scala.concurrent.Await$.result(package.scala:124)
	at com.bqn.bsecurity.client.CheckConnectionTask.$anonfun$action$1(CheckConnectionTask.scala:11)
	at scala.util.Try$.apply(Try.scala:217)
	at com.bqn.bsecurity.client.CheckConnectionTask.action(CheckConnectionTask.scala:11)
	at com.bqn.tasks.Task.run(Task.scala:72)
	at org.apache.pekko.actor.LightArrayRevolverScheduler$$anon$1$$anon$2.run(LightArrayRevolverScheduler.scala:145)
	at org.apache.pekko.dispatch.TaskInvocation.run(AbstractDispatcher.scala:59)
	at java.base/java.util.concurrent.ThreadPoolExecutor.runWorker(ThreadPoolExecutor.java:1136)
	at java.base/java.util.concurrent.ThreadPoolExecutor$Worker.run(ThreadPoolExecutor.java:635)
	at java.base/java.lang.Thread.run(Thread.java:840)
2026-03-17 03:03:04.200 [bol-api-pekko.actor.default-dispatcher-11814] DEBUG c.b.b.s.status.GetStatusHandler - Dialog: 3126d1fe-c8a3-4c3d-b26f-80100a54d1fb
Start: 2026-03-17T03:03:04.200047910
Request:null
2026-03-17 03:03:04.200 [bol-api-pekko.actor.default-dispatcher-11814] DEBUG c.b.b.s.status.GetStatusHandler - Dialog: 3126d1fe-c8a3-4c3d-b26f-80100a54d1fb
Start: 2026-03-17T03:03:04.200047910
Request:null
----------------------------------------
Response:{
  "statusCode" : 200,
  "entity" : {
    "name" : "bol-api",
    "version" : "1.1.0-SNAPSHOT",
    "builtAt" : "2026-02-11T12:34:19",
    "startedAt" : "2026-03-06T11:57:19",
    "currentTime" : "2026-03-17T03:03:04",
    "environment" : "developer",
    "status" : "OK"
  }
}
Duration:0 ms
2026-03-17 03:03:25.007 [TaskController-tasks.scheduler-dispatcher-3474] WARN  c.b.b.client.CheckConnectionTask - Task CheckConnectionTask failed: Future timed out after [30 seconds]
java.util.concurrent.TimeoutException: Future timed out after [30 seconds]
	at scala.concurrent.impl.Promise$DefaultPromise.tryAwait0(Promise.scala:248)
	at scala.concurrent.impl.Promise$DefaultPromise.result(Promise.scala:261)
	at scala.concurrent.Await$.$anonfun$result$1(package.scala:201)
	at scala.concurrent.BlockContext$DefaultBlockContext$.blockOn(BlockContext.scala:62)
	at scala.concurrent.Await$.result(package.scala:124)
	at com.bqn.bsecurity.client.CheckConnectionTask.$anonfun$action$1(CheckConnectionTask.scala:11)
	at scala.util.Try$.apply(Try.scala:217)
	at com.bqn.bsecurity.client.CheckConnectionTask.action(CheckConnectionTask.scala:11)
	at com.bqn.tasks.Task.run(Task.scala:72)
	at org.apache.pekko.actor.LightArrayRevolverScheduler$$anon$1$$anon$2.run(LightArrayRevolverScheduler.scala:145)
	at org.apache.pekko.dispatch.TaskInvocation.run(AbstractDispatcher.scala:59)
	at java.base/java.util.concurrent.ThreadPoolExecutor.runWorker(ThreadPoolExecutor.java:1136)
	at java.base/java.util.concurrent.ThreadPoolExecutor$Worker.run(ThreadPoolExecutor.java:635)
	at java.base/java.lang.Thread.run(Thread.java:840)
2026-03-17 03:08:25.507 [TaskController-tasks.scheduler-dispatcher-3475] INFO  c.b.b.client.CheckConnectionTask - Starting task: CheckConnectionTask
2026-03-17 03:08:55.507 [TaskController-tasks.scheduler-dispatcher-3475] WARN  c.b.b.client.CheckConnectionTask - Task CheckConnectionTask failed: Future timed out after [30 seconds]
java.util.concurrent.TimeoutException: Future timed out after [30 seconds]
	at scala.concurrent.impl.Promise$DefaultPromise.tryAwait0(Promise.scala:248)
	at scala.concurrent.impl.Promise$DefaultPromise.result(Promise.scala:261)
	at scala.concurrent.Await$.$anonfun$result$1(package.scala:201)
	at scala.concurrent.BlockContext$DefaultBlockContext$.blockOn(BlockContext.scala:62)
	at scala.concurrent.Await$.result(package.scala:124)
	at com.bqn.bsecurity.client.CheckConnectionTask.$anonfun$action$1(CheckConnectionTask.scala:11)
	at scala.util.Try$.apply(Try.scala:217)
	at com.bqn.bsecurity.client.CheckConnectionTask.action(CheckConnectionTask.scala:11)
	at com.bqn.tasks.Task.run(Task.scala:72)
	at org.apache.pekko.actor.LightArrayRevolverScheduler$$anon$1$$anon$2.run(LightArrayRevolverScheduler.scala:145)
	at org.apache.pekko.dispatch.TaskInvocation.run(AbstractDispatcher.scala:59)
	at java.base/java.util.concurrent.ThreadPoolExecutor.runWorker(ThreadPoolExecutor.java:1136)
	at java.base/java.util.concurrent.ThreadPoolExecutor$Worker.run(ThreadPoolExecutor.java:635)
	at java.base/java.lang.Thread.run(Thread.java:840)
2026-03-17 03:12:18.147 [TaskController-tasks.scheduler-dispatcher-3476] INFO  c.b.b.client.CheckConnectionTask - Starting task: CheckConnectionTask
2026-03-17 03:12:25.837 [TaskController-tasks.scheduler-dispatcher-3477] INFO  c.b.b.client.CheckConnectionTask - Starting task: CheckConnectionTask
2026-03-17 03:12:48.147 [TaskController-tasks.scheduler-dispatcher-3476] WARN  c.b.b.client.CheckConnectionTask - Task CheckConnectionTask failed: Future timed out after [30 seconds]
java.util.concurrent.TimeoutException: Future timed out after [30 seconds]
	at scala.concurrent.impl.Promise$DefaultPromise.tryAwait0(Promise.scala:248)
	at scala.concurrent.impl.Promise$DefaultPromise.result(Promise.scala:261)
	at scala.concurrent.Await$.$anonfun$result$1(package.scala:201)
	at scala.concurrent.BlockContext$DefaultBlockContext$.blockOn(BlockContext.scala:62)
	at scala.concurrent.Await$.result(package.scala:124)
	at com.bqn.bsecurity.client.CheckConnectionTask.$anonfun$action$1(CheckConnectionTask.scala:11)
	at scala.util.Try$.apply(Try.scala:217)
	at com.bqn.bsecurity.client.CheckConnectionTask.action(CheckConnectionTask.scala:11)
	at com.bqn.tasks.Task.run(Task.scala:72)
	at org.apache.pekko.actor.LightArrayRevolverScheduler$$anon$1$$anon$2.run(LightArrayRevolverScheduler.scala:145)
	at org.apache.pekko.dispatch.TaskInvocation.run(AbstractDispatcher.scala:59)
	at java.base/java.util.concurrent.ThreadPoolExecutor.runWorker(ThreadPoolExecutor.java:1136)
	at java.base/java.util.concurrent.ThreadPoolExecutor$Worker.run(ThreadPoolExecutor.java:635)
	at java.base/java.lang.Thread.run(Thread.java:840)
2026-03-17 03:12:55.007 [TaskController-tasks.scheduler-dispatcher-3478] INFO  c.b.b.client.CheckConnectionTask - Starting task: CheckConnectionTask
2026-03-17 03:12:55.837 [TaskController-tasks.scheduler-dispatcher-3477] WARN  c.b.b.client.CheckConnectionTask - Task CheckConnectionTask failed: Future timed out after [30 seconds]
java.util.concurrent.TimeoutException: Future timed out after [30 seconds]
	at scala.concurrent.impl.Promise$DefaultPromise.tryAwait0(Promise.scala:248)
	at scala.concurrent.impl.Promise$DefaultPromise.result(Promise.scala:261)
	at scala.concurrent.Await$.$anonfun$result$1(package.scala:201)
	at scala.concurrent.BlockContext$DefaultBlockContext$.blockOn(BlockContext.scala:62)
	at scala.concurrent.Await$.result(package.scala:124)
	at com.bqn.bsecurity.client.CheckConnectionTask.$anonfun$action$1(CheckConnectionTask.scala:11)
	at scala.util.Try$.apply(Try.scala:217)
	at com.bqn.bsecurity.client.CheckConnectionTask.action(CheckConnectionTask.scala:11)
	at com.bqn.tasks.Task.run(Task.scala:72)
	at org.apache.pekko.actor.LightArrayRevolverScheduler$$anon$1$$anon$2.run(LightArrayRevolverScheduler.scala:145)
	at org.apache.pekko.dispatch.TaskInvocation.run(AbstractDispatcher.scala:59)
	at java.base/java.util.concurrent.ThreadPoolExecutor.runWorker(ThreadPoolExecutor.java:1136)
	at java.base/java.util.concurrent.ThreadPoolExecutor$Worker.run(ThreadPoolExecutor.java:635)
	at java.base/java.lang.Thread.run(Thread.java:840)
2026-03-17 03:13:04.195 [bol-api-pekko.actor.default-dispatcher-11820] DEBUG c.b.b.s.status.GetStatusHandler - Dialog: fe3185c1-b59b-4448-ba99-a7e5e2697b61
Start: 2026-03-17T03:13:04.195899145
Request:null
2026-03-17 03:13:04.196 [bol-api-pekko.actor.default-dispatcher-11820] DEBUG c.b.b.s.status.GetStatusHandler - Dialog: fe3185c1-b59b-4448-ba99-a7e5e2697b61
Start: 2026-03-17T03:13:04.195899145
Request:null
----------------------------------------
Response:{
  "statusCode" : 200,
  "entity" : {
    "name" : "bol-api",
    "version" : "1.1.0-SNAPSHOT",
    "builtAt" : "2026-02-11T12:34:19",
    "startedAt" : "2026-03-06T11:57:19",
    "currentTime" : "2026-03-17T03:13:04",
    "environment" : "developer",
    "status" : "OK"
  }
}
Duration:0 ms
2026-03-17 03:13:25.007 [TaskController-tasks.scheduler-dispatcher-3478] WARN  c.b.b.client.CheckConnectionTask - Task CheckConnectionTask failed: Future timed out after [30 seconds]
java.util.concurrent.TimeoutException: Future timed out after [30 seconds]
	at scala.concurrent.impl.Promise$DefaultPromise.tryAwait0(Promise.scala:248)
	at scala.concurrent.impl.Promise$DefaultPromise.result(Promise.scala:261)
	at scala.concurrent.Await$.$anonfun$result$1(package.scala:201)
	at scala.concurrent.BlockContext$DefaultBlockContext$.blockOn(BlockContext.scala:62)
	at scala.concurrent.Await$.result(package.scala:124)
	at com.bqn.bsecurity.client.CheckConnectionTask.$anonfun$action$1(CheckConnectionTask.scala:11)
	at scala.util.Try$.apply(Try.scala:217)
	at com.bqn.bsecurity.client.CheckConnectionTask.action(CheckConnectionTask.scala:11)
	at com.bqn.tasks.Task.run(Task.scala:72)
	at org.apache.pekko.actor.LightArrayRevolverScheduler$$anon$1$$anon$2.run(LightArrayRevolverScheduler.scala:145)
	at org.apache.pekko.dispatch.TaskInvocation.run(AbstractDispatcher.scala:59)
	at java.base/java.util.concurrent.ThreadPoolExecutor.runWorker(ThreadPoolExecutor.java:1136)
	at java.base/java.util.concurrent.ThreadPoolExecutor$Worker.run(ThreadPoolExecutor.java:635)
	at java.base/java.lang.Thread.run(Thread.java:840)
2026-03-17 03:18:25.506 [TaskController-tasks.scheduler-dispatcher-3479] INFO  c.b.b.client.CheckConnectionTask - Starting task: CheckConnectionTask
2026-03-17 03:18:55.507 [TaskController-tasks.scheduler-dispatcher-3479] WARN  c.b.b.client.CheckConnectionTask - Task CheckConnectionTask failed: Future timed out after [30 seconds]
java.util.concurrent.TimeoutException: Future timed out after [30 seconds]
	at scala.concurrent.impl.Promise$DefaultPromise.tryAwait0(Promise.scala:248)
	at scala.concurrent.impl.Promise$DefaultPromise.result(Promise.scala:261)
	at scala.concurrent.Await$.$anonfun$result$1(package.scala:201)
	at scala.concurrent.BlockContext$DefaultBlockContext$.blockOn(BlockContext.scala:62)
	at scala.concurrent.Await$.result(package.scala:124)
	at com.bqn.bsecurity.client.CheckConnectionTask.$anonfun$action$1(CheckConnectionTask.scala:11)
	at scala.util.Try$.apply(Try.scala:217)
	at com.bqn.bsecurity.client.CheckConnectionTask.action(CheckConnectionTask.scala:11)
	at com.bqn.tasks.Task.run(Task.scala:72)
	at org.apache.pekko.actor.LightArrayRevolverScheduler$$anon$1$$anon$2.run(LightArrayRevolverScheduler.scala:145)
	at org.apache.pekko.dispatch.TaskInvocation.run(AbstractDispatcher.scala:59)
	at java.base/java.util.concurrent.ThreadPoolExecutor.runWorker(ThreadPoolExecutor.java:1136)
	at java.base/java.util.concurrent.ThreadPoolExecutor$Worker.run(ThreadPoolExecutor.java:635)
	at java.base/java.lang.Thread.run(Thread.java:840)
2026-03-17 03:22:18.146 [TaskController-tasks.scheduler-dispatcher-3480] INFO  c.b.b.client.CheckConnectionTask - Starting task: CheckConnectionTask
2026-03-17 03:22:25.826 [TaskController-tasks.scheduler-dispatcher-3481] INFO  c.b.b.client.CheckConnectionTask - Starting task: CheckConnectionTask
2026-03-17 03:22:48.146 [TaskController-tasks.scheduler-dispatcher-3480] WARN  c.b.b.client.CheckConnectionTask - Task CheckConnectionTask failed: Future timed out after [30 seconds]
java.util.concurrent.TimeoutException: Future timed out after [30 seconds]
	at scala.concurrent.impl.Promise$DefaultPromise.tryAwait0(Promise.scala:248)
	at scala.concurrent.impl.Promise$DefaultPromise.result(Promise.scala:261)
	at scala.concurrent.Await$.$anonfun$result$1(package.scala:201)
	at scala.concurrent.BlockContext$DefaultBlockContext$.blockOn(BlockContext.scala:62)
	at scala.concurrent.Await$.result(package.scala:124)
	at com.bqn.bsecurity.client.CheckConnectionTask.$anonfun$action$1(CheckConnectionTask.scala:11)
	at scala.util.Try$.apply(Try.scala:217)
	at com.bqn.bsecurity.client.CheckConnectionTask.action(CheckConnectionTask.scala:11)
	at com.bqn.tasks.Task.run(Task.scala:72)
	at org.apache.pekko.actor.LightArrayRevolverScheduler$$anon$1$$anon$2.run(LightArrayRevolverScheduler.scala:145)
	at org.apache.pekko.dispatch.TaskInvocation.run(AbstractDispatcher.scala:59)
	at java.base/java.util.concurrent.ThreadPoolExecutor.runWorker(ThreadPoolExecutor.java:1136)
	at java.base/java.util.concurrent.ThreadPoolExecutor$Worker.run(ThreadPoolExecutor.java:635)
	at java.base/java.lang.Thread.run(Thread.java:840)
2026-03-17 03:22:55.006 [TaskController-tasks.scheduler-dispatcher-3482] INFO  c.b.b.client.CheckConnectionTask - Starting task: CheckConnectionTask
2026-03-17 03:22:55.826 [TaskController-tasks.scheduler-dispatcher-3481] WARN  c.b.b.client.CheckConnectionTask - Task CheckConnectionTask failed: Future timed out after [30 seconds]
java.util.concurrent.TimeoutException: Future timed out after [30 seconds]
	at scala.concurrent.impl.Promise$DefaultPromise.tryAwait0(Promise.scala:248)
	at scala.concurrent.impl.Promise$DefaultPromise.result(Promise.scala:261)
	at scala.concurrent.Await$.$anonfun$result$1(package.scala:201)
	at scala.concurrent.BlockContext$DefaultBlockContext$.blockOn(BlockContext.scala:62)
	at scala.concurrent.Await$.result(package.scala:124)
	at com.bqn.bsecurity.client.CheckConnectionTask.$anonfun$action$1(CheckConnectionTask.scala:11)
	at scala.util.Try$.apply(Try.scala:217)
	at com.bqn.bsecurity.client.CheckConnectionTask.action(CheckConnectionTask.scala:11)
	at com.bqn.tasks.Task.run(Task.scala:72)
	at org.apache.pekko.actor.LightArrayRevolverScheduler$$anon$1$$anon$2.run(LightArrayRevolverScheduler.scala:145)
	at org.apache.pekko.dispatch.TaskInvocation.run(AbstractDispatcher.scala:59)
	at java.base/java.util.concurrent.ThreadPoolExecutor.runWorker(ThreadPoolExecutor.java:1136)
	at java.base/java.util.concurrent.ThreadPoolExecutor$Worker.run(ThreadPoolExecutor.java:635)
	at java.base/java.lang.Thread.run(Thread.java:840)
2026-03-17 03:23:04.200 [bol-api-pekko.actor.default-dispatcher-11826] DEBUG c.b.b.s.status.GetStatusHandler - Dialog: 4ff20c7b-1049-48a5-ab82-d6e455f2901c
Start: 2026-03-17T03:23:04.200165891
Request:null
2026-03-17 03:23:04.200 [bol-api-pekko.actor.default-dispatcher-11826] DEBUG c.b.b.s.status.GetStatusHandler - Dialog: 4ff20c7b-1049-48a5-ab82-d6e455f2901c
Start: 2026-03-17T03:23:04.200165891
Request:null
----------------------------------------
Response:{
  "statusCode" : 200,
  "entity" : {
    "name" : "bol-api",
    "version" : "1.1.0-SNAPSHOT",
    "builtAt" : "2026-02-11T12:34:19",
    "startedAt" : "2026-03-06T11:57:19",
    "currentTime" : "2026-03-17T03:23:04",
    "environment" : "developer",
    "status" : "OK"
  }
}
Duration:0 ms
2026-03-17 03:23:25.006 [TaskController-tasks.scheduler-dispatcher-3482] WARN  c.b.b.client.CheckConnectionTask - Task CheckConnectionTask failed: Future timed out after [30 seconds]
java.util.concurrent.TimeoutException: Future timed out after [30 seconds]
	at scala.concurrent.impl.Promise$DefaultPromise.tryAwait0(Promise.scala:248)
	at scala.concurrent.impl.Promise$DefaultPromise.result(Promise.scala:261)
	at scala.concurrent.Await$.$anonfun$result$1(package.scala:201)
	at scala.concurrent.BlockContext$DefaultBlockContext$.blockOn(BlockContext.scala:62)
	at scala.concurrent.Await$.result(package.scala:124)
	at com.bqn.bsecurity.client.CheckConnectionTask.$anonfun$action$1(CheckConnectionTask.scala:11)
	at scala.util.Try$.apply(Try.scala:217)
	at com.bqn.bsecurity.client.CheckConnectionTask.action(CheckConnectionTask.scala:11)
	at com.bqn.tasks.Task.run(Task.scala:72)
	at org.apache.pekko.actor.LightArrayRevolverScheduler$$anon$1$$anon$2.run(LightArrayRevolverScheduler.scala:145)
	at org.apache.pekko.dispatch.TaskInvocation.run(AbstractDispatcher.scala:59)
	at java.base/java.util.concurrent.ThreadPoolExecutor.runWorker(ThreadPoolExecutor.java:1136)
	at java.base/java.util.concurrent.ThreadPoolExecutor$Worker.run(ThreadPoolExecutor.java:635)
	at java.base/java.lang.Thread.run(Thread.java:840)
2026-03-17 03:28:25.506 [TaskController-tasks.scheduler-dispatcher-3483] INFO  c.b.b.client.CheckConnectionTask - Starting task: CheckConnectionTask
2026-03-17 03:28:55.507 [TaskController-tasks.scheduler-dispatcher-3483] WARN  c.b.b.client.CheckConnectionTask - Task CheckConnectionTask failed: Future timed out after [30 seconds]
java.util.concurrent.TimeoutException: Future timed out after [30 seconds]
	at scala.concurrent.impl.Promise$DefaultPromise.tryAwait0(Promise.scala:248)
	at scala.concurrent.impl.Promise$DefaultPromise.result(Promise.scala:261)
	at scala.concurrent.Await$.$anonfun$result$1(package.scala:201)
	at scala.concurrent.BlockContext$DefaultBlockContext$.blockOn(BlockContext.scala:62)
	at scala.concurrent.Await$.result(package.scala:124)
	at com.bqn.bsecurity.client.CheckConnectionTask.$anonfun$action$1(CheckConnectionTask.scala:11)
	at scala.util.Try$.apply(Try.scala:217)
	at com.bqn.bsecurity.client.CheckConnectionTask.action(CheckConnectionTask.scala:11)
	at com.bqn.tasks.Task.run(Task.scala:72)
	at org.apache.pekko.actor.LightArrayRevolverScheduler$$anon$1$$anon$2.run(LightArrayRevolverScheduler.scala:145)
	at org.apache.pekko.dispatch.TaskInvocation.run(AbstractDispatcher.scala:59)
	at java.base/java.util.concurrent.ThreadPoolExecutor.runWorker(ThreadPoolExecutor.java:1136)
	at java.base/java.util.concurrent.ThreadPoolExecutor$Worker.run(ThreadPoolExecutor.java:635)
	at java.base/java.lang.Thread.run(Thread.java:840)
2026-03-17 03:32:18.147 [TaskController-tasks.scheduler-dispatcher-3484] INFO  c.b.b.client.CheckConnectionTask - Starting task: CheckConnectionTask
2026-03-17 03:32:25.836 [TaskController-tasks.scheduler-dispatcher-3485] INFO  c.b.b.client.CheckConnectionTask - Starting task: CheckConnectionTask
2026-03-17 03:32:48.147 [TaskController-tasks.scheduler-dispatcher-3484] WARN  c.b.b.client.CheckConnectionTask - Task CheckConnectionTask failed: Future timed out after [30 seconds]
java.util.concurrent.TimeoutException: Future timed out after [30 seconds]
	at scala.concurrent.impl.Promise$DefaultPromise.tryAwait0(Promise.scala:248)
	at scala.concurrent.impl.Promise$DefaultPromise.result(Promise.scala:261)
	at scala.concurrent.Await$.$anonfun$result$1(package.scala:201)
	at scala.concurrent.BlockContext$DefaultBlockContext$.blockOn(BlockContext.scala:62)
	at scala.concurrent.Await$.result(package.scala:124)
	at com.bqn.bsecurity.client.CheckConnectionTask.$anonfun$action$1(CheckConnectionTask.scala:11)
	at scala.util.Try$.apply(Try.scala:217)
	at com.bqn.bsecurity.client.CheckConnectionTask.action(CheckConnectionTask.scala:11)
	at com.bqn.tasks.Task.run(Task.scala:72)
	at org.apache.pekko.actor.LightArrayRevolverScheduler$$anon$1$$anon$2.run(LightArrayRevolverScheduler.scala:145)
	at org.apache.pekko.dispatch.TaskInvocation.run(AbstractDispatcher.scala:59)
	at java.base/java.util.concurrent.ThreadPoolExecutor.runWorker(ThreadPoolExecutor.java:1136)
	at java.base/java.util.concurrent.ThreadPoolExecutor$Worker.run(ThreadPoolExecutor.java:635)
	at java.base/java.lang.Thread.run(Thread.java:840)
2026-03-17 03:32:55.006 [TaskController-tasks.scheduler-dispatcher-3486] INFO  c.b.b.client.CheckConnectionTask - Starting task: CheckConnectionTask
2026-03-17 03:32:55.836 [TaskController-tasks.scheduler-dispatcher-3485] WARN  c.b.b.client.CheckConnectionTask - Task CheckConnectionTask failed: Future timed out after [30 seconds]
java.util.concurrent.TimeoutException: Future timed out after [30 seconds]
	at scala.concurrent.impl.Promise$DefaultPromise.tryAwait0(Promise.scala:248)
	at scala.concurrent.impl.Promise$DefaultPromise.result(Promise.scala:261)
	at scala.concurrent.Await$.$anonfun$result$1(package.scala:201)
	at scala.concurrent.BlockContext$DefaultBlockContext$.blockOn(BlockContext.scala:62)
	at scala.concurrent.Await$.result(package.scala:124)
	at com.bqn.bsecurity.client.CheckConnectionTask.$anonfun$action$1(CheckConnectionTask.scala:11)
	at scala.util.Try$.apply(Try.scala:217)
	at com.bqn.bsecurity.client.CheckConnectionTask.action(CheckConnectionTask.scala:11)
	at com.bqn.tasks.Task.run(Task.scala:72)
	at org.apache.pekko.actor.LightArrayRevolverScheduler$$anon$1$$anon$2.run(LightArrayRevolverScheduler.scala:145)
	at org.apache.pekko.dispatch.TaskInvocation.run(AbstractDispatcher.scala:59)
	at java.base/java.util.concurrent.ThreadPoolExecutor.runWorker(ThreadPoolExecutor.java:1136)
	at java.base/java.util.concurrent.ThreadPoolExecutor$Worker.run(ThreadPoolExecutor.java:635)
	at java.base/java.lang.Thread.run(Thread.java:840)
2026-03-17 03:33:04.190 [bol-api-pekko.actor.default-dispatcher-11832] DEBUG c.b.b.s.status.GetStatusHandler - Dialog: 5252d128-179a-40eb-af45-8813601fed06
Start: 2026-03-17T03:33:04.190757629
Request:null
2026-03-17 03:33:04.190 [bol-api-pekko.actor.default-dispatcher-11832] DEBUG c.b.b.s.status.GetStatusHandler - Dialog: 5252d128-179a-40eb-af45-8813601fed06
Start: 2026-03-17T03:33:04.190757629
Request:null
----------------------------------------
Response:{
  "statusCode" : 200,
  "entity" : {
    "name" : "bol-api",
    "version" : "1.1.0-SNAPSHOT",
    "builtAt" : "2026-02-11T12:34:19",
    "startedAt" : "2026-03-06T11:57:19",
    "currentTime" : "2026-03-17T03:33:04",
    "environment" : "developer",
    "status" : "OK"
  }
}
Duration:0 ms
2026-03-17 03:33:25.007 [TaskController-tasks.scheduler-dispatcher-3486] WARN  c.b.b.client.CheckConnectionTask - Task CheckConnectionTask failed: Future timed out after [30 seconds]
java.util.concurrent.TimeoutException: Future timed out after [30 seconds]
	at scala.concurrent.impl.Promise$DefaultPromise.tryAwait0(Promise.scala:248)
	at scala.concurrent.impl.Promise$DefaultPromise.result(Promise.scala:261)
	at scala.concurrent.Await$.$anonfun$result$1(package.scala:201)
	at scala.concurrent.BlockContext$DefaultBlockContext$.blockOn(BlockContext.scala:62)
	at scala.concurrent.Await$.result(package.scala:124)
	at com.bqn.bsecurity.client.CheckConnectionTask.$anonfun$action$1(CheckConnectionTask.scala:11)
	at scala.util.Try$.apply(Try.scala:217)
	at com.bqn.bsecurity.client.CheckConnectionTask.action(CheckConnectionTask.scala:11)
	at com.bqn.tasks.Task.run(Task.scala:72)
	at org.apache.pekko.actor.LightArrayRevolverScheduler$$anon$1$$anon$2.run(LightArrayRevolverScheduler.scala:145)
	at org.apache.pekko.dispatch.TaskInvocation.run(AbstractDispatcher.scala:59)
	at java.base/java.util.concurrent.ThreadPoolExecutor.runWorker(ThreadPoolExecutor.java:1136)
	at java.base/java.util.concurrent.ThreadPoolExecutor$Worker.run(ThreadPoolExecutor.java:635)
	at java.base/java.lang.Thread.run(Thread.java:840)
2026-03-17 03:38:25.506 [TaskController-tasks.scheduler-dispatcher-3487] INFO  c.b.b.client.CheckConnectionTask - Starting task: CheckConnectionTask
2026-03-17 03:38:55.507 [TaskController-tasks.scheduler-dispatcher-3487] WARN  c.b.b.client.CheckConnectionTask - Task CheckConnectionTask failed: Future timed out after [30 seconds]
java.util.concurrent.TimeoutException: Future timed out after [30 seconds]
	at scala.concurrent.impl.Promise$DefaultPromise.tryAwait0(Promise.scala:248)
	at scala.concurrent.impl.Promise$DefaultPromise.result(Promise.scala:261)
	at scala.concurrent.Await$.$anonfun$result$1(package.scala:201)
	at scala.concurrent.BlockContext$DefaultBlockContext$.blockOn(BlockContext.scala:62)
	at scala.concurrent.Await$.result(package.scala:124)
	at com.bqn.bsecurity.client.CheckConnectionTask.$anonfun$action$1(CheckConnectionTask.scala:11)
	at scala.util.Try$.apply(Try.scala:217)
	at com.bqn.bsecurity.client.CheckConnectionTask.action(CheckConnectionTask.scala:11)
	at com.bqn.tasks.Task.run(Task.scala:72)
	at org.apache.pekko.actor.LightArrayRevolverScheduler$$anon$1$$anon$2.run(LightArrayRevolverScheduler.scala:145)
	at org.apache.pekko.dispatch.TaskInvocation.run(AbstractDispatcher.scala:59)
	at java.base/java.util.concurrent.ThreadPoolExecutor.runWorker(ThreadPoolExecutor.java:1136)
	at java.base/java.util.concurrent.ThreadPoolExecutor$Worker.run(ThreadPoolExecutor.java:635)
	at java.base/java.lang.Thread.run(Thread.java:840)
2026-03-17 03:42:18.147 [TaskController-tasks.scheduler-dispatcher-3488] INFO  c.b.b.client.CheckConnectionTask - Starting task: CheckConnectionTask
2026-03-17 03:42:25.827 [TaskController-tasks.scheduler-dispatcher-3489] INFO  c.b.b.client.CheckConnectionTask - Starting task: CheckConnectionTask
2026-03-17 03:42:48.147 [TaskController-tasks.scheduler-dispatcher-3488] WARN  c.b.b.client.CheckConnectionTask - Task CheckConnectionTask failed: Future timed out after [30 seconds]
java.util.concurrent.TimeoutException: Future timed out after [30 seconds]
	at scala.concurrent.impl.Promise$DefaultPromise.tryAwait0(Promise.scala:248)
	at scala.concurrent.impl.Promise$DefaultPromise.result(Promise.scala:261)
	at scala.concurrent.Await$.$anonfun$result$1(package.scala:201)
	at scala.concurrent.BlockContext$DefaultBlockContext$.blockOn(BlockContext.scala:62)
	at scala.concurrent.Await$.result(package.scala:124)
	at com.bqn.bsecurity.client.CheckConnectionTask.$anonfun$action$1(CheckConnectionTask.scala:11)
	at scala.util.Try$.apply(Try.scala:217)
	at com.bqn.bsecurity.client.CheckConnectionTask.action(CheckConnectionTask.scala:11)
	at com.bqn.tasks.Task.run(Task.scala:72)
	at org.apache.pekko.actor.LightArrayRevolverScheduler$$anon$1$$anon$2.run(LightArrayRevolverScheduler.scala:145)
	at org.apache.pekko.dispatch.TaskInvocation.run(AbstractDispatcher.scala:59)
	at java.base/java.util.concurrent.ThreadPoolExecutor.runWorker(ThreadPoolExecutor.java:1136)
	at java.base/java.util.concurrent.ThreadPoolExecutor$Worker.run(ThreadPoolExecutor.java:635)
	at java.base/java.lang.Thread.run(Thread.java:840)
2026-03-17 03:42:55.007 [TaskController-tasks.scheduler-dispatcher-3490] INFO  c.b.b.client.CheckConnectionTask - Starting task: CheckConnectionTask
2026-03-17 03:42:55.827 [TaskController-tasks.scheduler-dispatcher-3489] WARN  c.b.b.client.CheckConnectionTask - Task CheckConnectionTask failed: Future timed out after [30 seconds]
java.util.concurrent.TimeoutException: Future timed out after [30 seconds]
	at scala.concurrent.impl.Promise$DefaultPromise.tryAwait0(Promise.scala:248)
	at scala.concurrent.impl.Promise$DefaultPromise.result(Promise.scala:261)
	at scala.concurrent.Await$.$anonfun$result$1(package.scala:201)
	at scala.concurrent.BlockContext$DefaultBlockContext$.blockOn(BlockContext.scala:62)
	at scala.concurrent.Await$.result(package.scala:124)
	at com.bqn.bsecurity.client.CheckConnectionTask.$anonfun$action$1(CheckConnectionTask.scala:11)
	at scala.util.Try$.apply(Try.scala:217)
	at com.bqn.bsecurity.client.CheckConnectionTask.action(CheckConnectionTask.scala:11)
	at com.bqn.tasks.Task.run(Task.scala:72)
	at org.apache.pekko.actor.LightArrayRevolverScheduler$$anon$1$$anon$2.run(LightArrayRevolverScheduler.scala:145)
	at org.apache.pekko.dispatch.TaskInvocation.run(AbstractDispatcher.scala:59)
	at java.base/java.util.concurrent.ThreadPoolExecutor.runWorker(ThreadPoolExecutor.java:1136)
	at java.base/java.util.concurrent.ThreadPoolExecutor$Worker.run(ThreadPoolExecutor.java:635)
	at java.base/java.lang.Thread.run(Thread.java:840)
2026-03-17 03:43:04.190 [bol-api-pekko.actor.default-dispatcher-11840] DEBUG c.b.b.s.status.GetStatusHandler - Dialog: 4be2a90c-42a7-47b0-bef0-421aa627cf1f
Start: 2026-03-17T03:43:04.190779097
Request:null
2026-03-17 03:43:04.220 [bol-api-pekko.actor.default-dispatcher-11840] DEBUG c.b.b.s.status.GetStatusHandler - Dialog: 4be2a90c-42a7-47b0-bef0-421aa627cf1f
Start: 2026-03-17T03:43:04.190779097
Request:null
----------------------------------------
Response:{
  "statusCode" : 200,
  "entity" : {
    "name" : "bol-api",
    "version" : "1.1.0-SNAPSHOT",
    "builtAt" : "2026-02-11T12:34:19",
    "startedAt" : "2026-03-06T11:57:19",
    "currentTime" : "2026-03-17T03:43:04",
    "environment" : "developer",
    "status" : "OK"
  }
}
Duration:29 ms
2026-03-17 03:43:25.008 [TaskController-tasks.scheduler-dispatcher-3490] WARN  c.b.b.client.CheckConnectionTask - Task CheckConnectionTask failed: Future timed out after [30 seconds]
java.util.concurrent.TimeoutException: Future timed out after [30 seconds]
	at scala.concurrent.impl.Promise$DefaultPromise.tryAwait0(Promise.scala:248)
	at scala.concurrent.impl.Promise$DefaultPromise.result(Promise.scala:261)
	at scala.concurrent.Await$.$anonfun$result$1(package.scala:201)
	at scala.concurrent.BlockContext$DefaultBlockContext$.blockOn(BlockContext.scala:62)
	at scala.concurrent.Await$.result(package.scala:124)
	at com.bqn.bsecurity.client.CheckConnectionTask.$anonfun$action$1(CheckConnectionTask.scala:11)
	at scala.util.Try$.apply(Try.scala:217)
	at com.bqn.bsecurity.client.CheckConnectionTask.action(CheckConnectionTask.scala:11)
	at com.bqn.tasks.Task.run(Task.scala:72)
	at org.apache.pekko.actor.LightArrayRevolverScheduler$$anon$1$$anon$2.run(LightArrayRevolverScheduler.scala:145)
	at org.apache.pekko.dispatch.TaskInvocation.run(AbstractDispatcher.scala:59)
	at java.base/java.util.concurrent.ThreadPoolExecutor.runWorker(ThreadPoolExecutor.java:1136)
	at java.base/java.util.concurrent.ThreadPoolExecutor$Worker.run(ThreadPoolExecutor.java:635)
	at java.base/java.lang.Thread.run(Thread.java:840)
2026-03-17 03:48:25.507 [TaskController-tasks.scheduler-dispatcher-3491] INFO  c.b.b.client.CheckConnectionTask - Starting task: CheckConnectionTask
2026-03-17 03:48:55.507 [TaskController-tasks.scheduler-dispatcher-3491] WARN  c.b.b.client.CheckConnectionTask - Task CheckConnectionTask failed: Future timed out after [30 seconds]
java.util.concurrent.TimeoutException: Future timed out after [30 seconds]
	at scala.concurrent.impl.Promise$DefaultPromise.tryAwait0(Promise.scala:248)
	at scala.concurrent.impl.Promise$DefaultPromise.result(Promise.scala:261)
	at scala.concurrent.Await$.$anonfun$result$1(package.scala:201)
	at scala.concurrent.BlockContext$DefaultBlockContext$.blockOn(BlockContext.scala:62)
	at scala.concurrent.Await$.result(package.scala:124)
	at com.bqn.bsecurity.client.CheckConnectionTask.$anonfun$action$1(CheckConnectionTask.scala:11)
	at scala.util.Try$.apply(Try.scala:217)
	at com.bqn.bsecurity.client.CheckConnectionTask.action(CheckConnectionTask.scala:11)
	at com.bqn.tasks.Task.run(Task.scala:72)
	at org.apache.pekko.actor.LightArrayRevolverScheduler$$anon$1$$anon$2.run(LightArrayRevolverScheduler.scala:145)
	at org.apache.pekko.dispatch.TaskInvocation.run(AbstractDispatcher.scala:59)
	at java.base/java.util.concurrent.ThreadPoolExecutor.runWorker(ThreadPoolExecutor.java:1136)
	at java.base/java.util.concurrent.ThreadPoolExecutor$Worker.run(ThreadPoolExecutor.java:635)
	at java.base/java.lang.Thread.run(Thread.java:840)
2026-03-17 03:52:18.146 [TaskController-tasks.scheduler-dispatcher-3492] INFO  c.b.b.client.CheckConnectionTask - Starting task: CheckConnectionTask
2026-03-17 03:52:25.837 [TaskController-tasks.scheduler-dispatcher-3493] INFO  c.b.b.client.CheckConnectionTask - Starting task: CheckConnectionTask
2026-03-17 03:52:48.147 [TaskController-tasks.scheduler-dispatcher-3492] WARN  c.b.b.client.CheckConnectionTask - Task CheckConnectionTask failed: Future timed out after [30 seconds]
java.util.concurrent.TimeoutException: Future timed out after [30 seconds]
	at scala.concurrent.impl.Promise$DefaultPromise.tryAwait0(Promise.scala:248)
	at scala.concurrent.impl.Promise$DefaultPromise.result(Promise.scala:261)
	at scala.concurrent.Await$.$anonfun$result$1(package.scala:201)
	at scala.concurrent.BlockContext$DefaultBlockContext$.blockOn(BlockContext.scala:62)
	at scala.concurrent.Await$.result(package.scala:124)
	at com.bqn.bsecurity.client.CheckConnectionTask.$anonfun$action$1(CheckConnectionTask.scala:11)
	at scala.util.Try$.apply(Try.scala:217)
	at com.bqn.bsecurity.client.CheckConnectionTask.action(CheckConnectionTask.scala:11)
	at com.bqn.tasks.Task.run(Task.scala:72)
	at org.apache.pekko.actor.LightArrayRevolverScheduler$$anon$1$$anon$2.run(LightArrayRevolverScheduler.scala:145)
	at org.apache.pekko.dispatch.TaskInvocation.run(AbstractDispatcher.scala:59)
	at java.base/java.util.concurrent.ThreadPoolExecutor.runWorker(ThreadPoolExecutor.java:1136)
	at java.base/java.util.concurrent.ThreadPoolExecutor$Worker.run(ThreadPoolExecutor.java:635)
	at java.base/java.lang.Thread.run(Thread.java:840)
2026-03-17 03:52:55.007 [TaskController-tasks.scheduler-dispatcher-3494] INFO  c.b.b.client.CheckConnectionTask - Starting task: CheckConnectionTask
2026-03-17 03:52:55.837 [TaskController-tasks.scheduler-dispatcher-3493] WARN  c.b.b.client.CheckConnectionTask - Task CheckConnectionTask failed: Future timed out after [30 seconds]
java.util.concurrent.TimeoutException: Future timed out after [30 seconds]
	at scala.concurrent.impl.Promise$DefaultPromise.tryAwait0(Promise.scala:248)
	at scala.concurrent.impl.Promise$DefaultPromise.result(Promise.scala:261)
	at scala.concurrent.Await$.$anonfun$result$1(package.scala:201)
	at scala.concurrent.BlockContext$DefaultBlockContext$.blockOn(BlockContext.scala:62)
	at scala.concurrent.Await$.result(package.scala:124)
	at com.bqn.bsecurity.client.CheckConnectionTask.$anonfun$action$1(CheckConnectionTask.scala:11)
	at scala.util.Try$.apply(Try.scala:217)
	at com.bqn.bsecurity.client.CheckConnectionTask.action(CheckConnectionTask.scala:11)
	at com.bqn.tasks.Task.run(Task.scala:72)
	at org.apache.pekko.actor.LightArrayRevolverScheduler$$anon$1$$anon$2.run(LightArrayRevolverScheduler.scala:145)
	at org.apache.pekko.dispatch.TaskInvocation.run(AbstractDispatcher.scala:59)
	at java.base/java.util.concurrent.ThreadPoolExecutor.runWorker(ThreadPoolExecutor.java:1136)
	at java.base/java.util.concurrent.ThreadPoolExecutor$Worker.run(ThreadPoolExecutor.java:635)
	at java.base/java.lang.Thread.run(Thread.java:840)
2026-03-17 03:53:04.190 [bol-api-pekko.actor.default-dispatcher-11844] DEBUG c.b.b.s.status.GetStatusHandler - Dialog: f03c9c44-7e13-4d8a-835d-d4814bd43f04
Start: 2026-03-17T03:53:04.190327847
Request:null
2026-03-17 03:53:04.190 [bol-api-pekko.actor.default-dispatcher-11844] DEBUG c.b.b.s.status.GetStatusHandler - Dialog: f03c9c44-7e13-4d8a-835d-d4814bd43f04
Start: 2026-03-17T03:53:04.190327847
Request:null
----------------------------------------
Response:{
  "statusCode" : 200,
  "entity" : {
    "name" : "bol-api",
    "version" : "1.1.0-SNAPSHOT",
    "builtAt" : "2026-02-11T12:34:19",
    "startedAt" : "2026-03-06T11:57:19",
    "currentTime" : "2026-03-17T03:53:04",
    "environment" : "developer",
    "status" : "OK"
  }
}
Duration:0 ms
2026-03-17 03:53:25.007 [TaskController-tasks.scheduler-dispatcher-3494] WARN  c.b.b.client.CheckConnectionTask - Task CheckConnectionTask failed: Future timed out after [30 seconds]
java.util.concurrent.TimeoutException: Future timed out after [30 seconds]
	at scala.concurrent.impl.Promise$DefaultPromise.tryAwait0(Promise.scala:248)
	at scala.concurrent.impl.Promise$DefaultPromise.result(Promise.scala:261)
	at scala.concurrent.Await$.$anonfun$result$1(package.scala:201)
	at scala.concurrent.BlockContext$DefaultBlockContext$.blockOn(BlockContext.scala:62)
	at scala.concurrent.Await$.result(package.scala:124)
	at com.bqn.bsecurity.client.CheckConnectionTask.$anonfun$action$1(CheckConnectionTask.scala:11)
	at scala.util.Try$.apply(Try.scala:217)
	at com.bqn.bsecurity.client.CheckConnectionTask.action(CheckConnectionTask.scala:11)
	at com.bqn.tasks.Task.run(Task.scala:72)
	at org.apache.pekko.actor.LightArrayRevolverScheduler$$anon$1$$anon$2.run(LightArrayRevolverScheduler.scala:145)
	at org.apache.pekko.dispatch.TaskInvocation.run(AbstractDispatcher.scala:59)
	at java.base/java.util.concurrent.ThreadPoolExecutor.runWorker(ThreadPoolExecutor.java:1136)
	at java.base/java.util.concurrent.ThreadPoolExecutor$Worker.run(ThreadPoolExecutor.java:635)
	at java.base/java.lang.Thread.run(Thread.java:840)
2026-03-17 03:58:25.507 [TaskController-tasks.scheduler-dispatcher-3495] INFO  c.b.b.client.CheckConnectionTask - Starting task: CheckConnectionTask
2026-03-17 03:58:55.507 [TaskController-tasks.scheduler-dispatcher-3495] WARN  c.b.b.client.CheckConnectionTask - Task CheckConnectionTask failed: Future timed out after [30 seconds]
java.util.concurrent.TimeoutException: Future timed out after [30 seconds]
	at scala.concurrent.impl.Promise$DefaultPromise.tryAwait0(Promise.scala:248)
	at scala.concurrent.impl.Promise$DefaultPromise.result(Promise.scala:261)
	at scala.concurrent.Await$.$anonfun$result$1(package.scala:201)
	at scala.concurrent.BlockContext$DefaultBlockContext$.blockOn(BlockContext.scala:62)
	at scala.concurrent.Await$.result(package.scala:124)
	at com.bqn.bsecurity.client.CheckConnectionTask.$anonfun$action$1(CheckConnectionTask.scala:11)
	at scala.util.Try$.apply(Try.scala:217)
	at com.bqn.bsecurity.client.CheckConnectionTask.action(CheckConnectionTask.scala:11)
	at com.bqn.tasks.Task.run(Task.scala:72)
	at org.apache.pekko.actor.LightArrayRevolverScheduler$$anon$1$$anon$2.run(LightArrayRevolverScheduler.scala:145)
	at org.apache.pekko.dispatch.TaskInvocation.run(AbstractDispatcher.scala:59)
	at java.base/java.util.concurrent.ThreadPoolExecutor.runWorker(ThreadPoolExecutor.java:1136)
	at java.base/java.util.concurrent.ThreadPoolExecutor$Worker.run(ThreadPoolExecutor.java:635)
	at java.base/java.lang.Thread.run(Thread.java:840)
2026-03-17 04:02:18.146 [TaskController-tasks.scheduler-dispatcher-3496] INFO  c.b.b.client.CheckConnectionTask - Starting task: CheckConnectionTask
2026-03-17 04:02:25.826 [TaskController-tasks.scheduler-dispatcher-3497] INFO  c.b.b.client.CheckConnectionTask - Starting task: CheckConnectionTask
2026-03-17 04:02:48.147 [TaskController-tasks.scheduler-dispatcher-3496] WARN  c.b.b.client.CheckConnectionTask - Task CheckConnectionTask failed: Future timed out after [30 seconds]
java.util.concurrent.TimeoutException: Future timed out after [30 seconds]
	at scala.concurrent.impl.Promise$DefaultPromise.tryAwait0(Promise.scala:248)
	at scala.concurrent.impl.Promise$DefaultPromise.result(Promise.scala:261)
	at scala.concurrent.Await$.$anonfun$result$1(package.scala:201)
	at scala.concurrent.BlockContext$DefaultBlockContext$.blockOn(BlockContext.scala:62)
	at scala.concurrent.Await$.result(package.scala:124)
	at com.bqn.bsecurity.client.CheckConnectionTask.$anonfun$action$1(CheckConnectionTask.scala:11)
	at scala.util.Try$.apply(Try.scala:217)
	at com.bqn.bsecurity.client.CheckConnectionTask.action(CheckConnectionTask.scala:11)
	at com.bqn.tasks.Task.run(Task.scala:72)
	at org.apache.pekko.actor.LightArrayRevolverScheduler$$anon$1$$anon$2.run(LightArrayRevolverScheduler.scala:145)
	at org.apache.pekko.dispatch.TaskInvocation.run(AbstractDispatcher.scala:59)
	at java.base/java.util.concurrent.ThreadPoolExecutor.runWorker(ThreadPoolExecutor.java:1136)
	at java.base/java.util.concurrent.ThreadPoolExecutor$Worker.run(ThreadPoolExecutor.java:635)
	at java.base/java.lang.Thread.run(Thread.java:840)
2026-03-17 04:02:55.007 [TaskController-tasks.scheduler-dispatcher-3498] INFO  c.b.b.client.CheckConnectionTask - Starting task: CheckConnectionTask
2026-03-17 04:02:55.826 [TaskController-tasks.scheduler-dispatcher-3497] WARN  c.b.b.client.CheckConnectionTask - Task CheckConnectionTask failed: Future timed out after [30 seconds]
java.util.concurrent.TimeoutException: Future timed out after [30 seconds]
	at scala.concurrent.impl.Promise$DefaultPromise.tryAwait0(Promise.scala:248)
	at scala.concurrent.impl.Promise$DefaultPromise.result(Promise.scala:261)
	at scala.concurrent.Await$.$anonfun$result$1(package.scala:201)
	at scala.concurrent.BlockContext$DefaultBlockContext$.blockOn(BlockContext.scala:62)
	at scala.concurrent.Await$.result(package.scala:124)
	at com.bqn.bsecurity.client.CheckConnectionTask.$anonfun$action$1(CheckConnectionTask.scala:11)
	at scala.util.Try$.apply(Try.scala:217)
	at com.bqn.bsecurity.client.CheckConnectionTask.action(CheckConnectionTask.scala:11)
	at com.bqn.tasks.Task.run(Task.scala:72)
	at org.apache.pekko.actor.LightArrayRevolverScheduler$$anon$1$$anon$2.run(LightArrayRevolverScheduler.scala:145)
	at org.apache.pekko.dispatch.TaskInvocation.run(AbstractDispatcher.scala:59)
	at java.base/java.util.concurrent.ThreadPoolExecutor.runWorker(ThreadPoolExecutor.java:1136)
	at java.base/java.util.concurrent.ThreadPoolExecutor$Worker.run(ThreadPoolExecutor.java:635)
	at java.base/java.lang.Thread.run(Thread.java:840)
2026-03-17 04:03:04.190 [bol-api-pekko.actor.default-dispatcher-11851] DEBUG c.b.b.s.status.GetStatusHandler - Dialog: 33fd569f-4f06-4278-b1ca-b8ce1dd18aaa
Start: 2026-03-17T04:03:04.190829572
Request:null
2026-03-17 04:03:04.191 [bol-api-pekko.actor.default-dispatcher-11851] DEBUG c.b.b.s.status.GetStatusHandler - Dialog: 33fd569f-4f06-4278-b1ca-b8ce1dd18aaa
Start: 2026-03-17T04:03:04.190829572
Request:null
----------------------------------------
Response:{
  "statusCode" : 200,
  "entity" : {
    "name" : "bol-api",
    "version" : "1.1.0-SNAPSHOT",
    "builtAt" : "2026-02-11T12:34:19",
    "startedAt" : "2026-03-06T11:57:19",
    "currentTime" : "2026-03-17T04:03:04",
    "environment" : "developer",
    "status" : "OK"
  }
}
Duration:0 ms
2026-03-17 04:03:25.007 [TaskController-tasks.scheduler-dispatcher-3498] WARN  c.b.b.client.CheckConnectionTask - Task CheckConnectionTask failed: Future timed out after [30 seconds]
java.util.concurrent.TimeoutException: Future timed out after [30 seconds]
	at scala.concurrent.impl.Promise$DefaultPromise.tryAwait0(Promise.scala:248)
	at scala.concurrent.impl.Promise$DefaultPromise.result(Promise.scala:261)
	at scala.concurrent.Await$.$anonfun$result$1(package.scala:201)
	at scala.concurrent.BlockContext$DefaultBlockContext$.blockOn(BlockContext.scala:62)
	at scala.concurrent.Await$.result(package.scala:124)
	at com.bqn.bsecurity.client.CheckConnectionTask.$anonfun$action$1(CheckConnectionTask.scala:11)
	at scala.util.Try$.apply(Try.scala:217)
	at com.bqn.bsecurity.client.CheckConnectionTask.action(CheckConnectionTask.scala:11)
	at com.bqn.tasks.Task.run(Task.scala:72)
	at org.apache.pekko.actor.LightArrayRevolverScheduler$$anon$1$$anon$2.run(LightArrayRevolverScheduler.scala:145)
	at org.apache.pekko.dispatch.TaskInvocation.run(AbstractDispatcher.scala:59)
	at java.base/java.util.concurrent.ThreadPoolExecutor.runWorker(ThreadPoolExecutor.java:1136)
	at java.base/java.util.concurrent.ThreadPoolExecutor$Worker.run(ThreadPoolExecutor.java:635)
	at java.base/java.lang.Thread.run(Thread.java:840)
2026-03-17 04:08:25.506 [TaskController-tasks.scheduler-dispatcher-3499] INFO  c.b.b.client.CheckConnectionTask - Starting task: CheckConnectionTask
2026-03-17 04:08:55.507 [TaskController-tasks.scheduler-dispatcher-3499] WARN  c.b.b.client.CheckConnectionTask - Task CheckConnectionTask failed: Future timed out after [30 seconds]
java.util.concurrent.TimeoutException: Future timed out after [30 seconds]
	at scala.concurrent.impl.Promise$DefaultPromise.tryAwait0(Promise.scala:248)
	at scala.concurrent.impl.Promise$DefaultPromise.result(Promise.scala:261)
	at scala.concurrent.Await$.$anonfun$result$1(package.scala:201)
	at scala.concurrent.BlockContext$DefaultBlockContext$.blockOn(BlockContext.scala:62)
	at scala.concurrent.Await$.result(package.scala:124)
	at com.bqn.bsecurity.client.CheckConnectionTask.$anonfun$action$1(CheckConnectionTask.scala:11)
	at scala.util.Try$.apply(Try.scala:217)
	at com.bqn.bsecurity.client.CheckConnectionTask.action(CheckConnectionTask.scala:11)
	at com.bqn.tasks.Task.run(Task.scala:72)
	at org.apache.pekko.actor.LightArrayRevolverScheduler$$anon$1$$anon$2.run(LightArrayRevolverScheduler.scala:145)
	at org.apache.pekko.dispatch.TaskInvocation.run(AbstractDispatcher.scala:59)
	at java.base/java.util.concurrent.ThreadPoolExecutor.runWorker(ThreadPoolExecutor.java:1136)
	at java.base/java.util.concurrent.ThreadPoolExecutor$Worker.run(ThreadPoolExecutor.java:635)
	at java.base/java.lang.Thread.run(Thread.java:840)
2026-03-17 04:12:18.136 [TaskController-tasks.scheduler-dispatcher-3500] INFO  c.b.b.client.CheckConnectionTask - Starting task: CheckConnectionTask
2026-03-17 04:12:25.836 [TaskController-tasks.scheduler-dispatcher-3501] INFO  c.b.b.client.CheckConnectionTask - Starting task: CheckConnectionTask
2026-03-17 04:12:48.137 [TaskController-tasks.scheduler-dispatcher-3500] WARN  c.b.b.client.CheckConnectionTask - Task CheckConnectionTask failed: Future timed out after [30 seconds]
java.util.concurrent.TimeoutException: Future timed out after [30 seconds]
	at scala.concurrent.impl.Promise$DefaultPromise.tryAwait0(Promise.scala:248)
	at scala.concurrent.impl.Promise$DefaultPromise.result(Promise.scala:261)
	at scala.concurrent.Await$.$anonfun$result$1(package.scala:201)
	at scala.concurrent.BlockContext$DefaultBlockContext$.blockOn(BlockContext.scala:62)
	at scala.concurrent.Await$.result(package.scala:124)
	at com.bqn.bsecurity.client.CheckConnectionTask.$anonfun$action$1(CheckConnectionTask.scala:11)
	at scala.util.Try$.apply(Try.scala:217)
	at com.bqn.bsecurity.client.CheckConnectionTask.action(CheckConnectionTask.scala:11)
	at com.bqn.tasks.Task.run(Task.scala:72)
	at org.apache.pekko.actor.LightArrayRevolverScheduler$$anon$1$$anon$2.run(LightArrayRevolverScheduler.scala:145)
	at org.apache.pekko.dispatch.TaskInvocation.run(AbstractDispatcher.scala:59)
	at java.base/java.util.concurrent.ThreadPoolExecutor.runWorker(ThreadPoolExecutor.java:1136)
	at java.base/java.util.concurrent.ThreadPoolExecutor$Worker.run(ThreadPoolExecutor.java:635)
	at java.base/java.lang.Thread.run(Thread.java:840)
2026-03-17 04:12:55.007 [TaskController-tasks.scheduler-dispatcher-3502] INFO  c.b.b.client.CheckConnectionTask - Starting task: CheckConnectionTask
2026-03-17 04:12:55.837 [TaskController-tasks.scheduler-dispatcher-3501] WARN  c.b.b.client.CheckConnectionTask - Task CheckConnectionTask failed: Future timed out after [30 seconds]
java.util.concurrent.TimeoutException: Future timed out after [30 seconds]
	at scala.concurrent.impl.Promise$DefaultPromise.tryAwait0(Promise.scala:248)
	at scala.concurrent.impl.Promise$DefaultPromise.result(Promise.scala:261)
	at scala.concurrent.Await$.$anonfun$result$1(package.scala:201)
	at scala.concurrent.BlockContext$DefaultBlockContext$.blockOn(BlockContext.scala:62)
	at scala.concurrent.Await$.result(package.scala:124)
	at com.bqn.bsecurity.client.CheckConnectionTask.$anonfun$action$1(CheckConnectionTask.scala:11)
	at scala.util.Try$.apply(Try.scala:217)
	at com.bqn.bsecurity.client.CheckConnectionTask.action(CheckConnectionTask.scala:11)
	at com.bqn.tasks.Task.run(Task.scala:72)
	at org.apache.pekko.actor.LightArrayRevolverScheduler$$anon$1$$anon$2.run(LightArrayRevolverScheduler.scala:145)
	at org.apache.pekko.dispatch.TaskInvocation.run(AbstractDispatcher.scala:59)
	at java.base/java.util.concurrent.ThreadPoolExecutor.runWorker(ThreadPoolExecutor.java:1136)
	at java.base/java.util.concurrent.ThreadPoolExecutor$Worker.run(ThreadPoolExecutor.java:635)
	at java.base/java.lang.Thread.run(Thread.java:840)
2026-03-17 04:13:04.194 [bol-api-pekko.actor.default-dispatcher-11858] DEBUG c.b.b.s.status.GetStatusHandler - Dialog: 4352721d-780d-4e14-a0ad-789ad1e02f5a
Start: 2026-03-17T04:13:04.194289128
Request:null
2026-03-17 04:13:04.194 [bol-api-pekko.actor.default-dispatcher-11858] DEBUG c.b.b.s.status.GetStatusHandler - Dialog: 4352721d-780d-4e14-a0ad-789ad1e02f5a
Start: 2026-03-17T04:13:04.194289128
Request:null
----------------------------------------
Response:{
  "statusCode" : 200,
  "entity" : {
    "name" : "bol-api",
    "version" : "1.1.0-SNAPSHOT",
    "builtAt" : "2026-02-11T12:34:19",
    "startedAt" : "2026-03-06T11:57:19",
    "currentTime" : "2026-03-17T04:13:04",
    "environment" : "developer",
    "status" : "OK"
  }
}
Duration:0 ms
2026-03-17 04:13:25.007 [TaskController-tasks.scheduler-dispatcher-3502] WARN  c.b.b.client.CheckConnectionTask - Task CheckConnectionTask failed: Future timed out after [30 seconds]
java.util.concurrent.TimeoutException: Future timed out after [30 seconds]
	at scala.concurrent.impl.Promise$DefaultPromise.tryAwait0(Promise.scala:248)
	at scala.concurrent.impl.Promise$DefaultPromise.result(Promise.scala:261)
	at scala.concurrent.Await$.$anonfun$result$1(package.scala:201)
	at scala.concurrent.BlockContext$DefaultBlockContext$.blockOn(BlockContext.scala:62)
	at scala.concurrent.Await$.result(package.scala:124)
	at com.bqn.bsecurity.client.CheckConnectionTask.$anonfun$action$1(CheckConnectionTask.scala:11)
	at scala.util.Try$.apply(Try.scala:217)
	at com.bqn.bsecurity.client.CheckConnectionTask.action(CheckConnectionTask.scala:11)
	at com.bqn.tasks.Task.run(Task.scala:72)
	at org.apache.pekko.actor.LightArrayRevolverScheduler$$anon$1$$anon$2.run(LightArrayRevolverScheduler.scala:145)
	at org.apache.pekko.dispatch.TaskInvocation.run(AbstractDispatcher.scala:59)
	at java.base/java.util.concurrent.ThreadPoolExecutor.runWorker(ThreadPoolExecutor.java:1136)
	at java.base/java.util.concurrent.ThreadPoolExecutor$Worker.run(ThreadPoolExecutor.java:635)
	at java.base/java.lang.Thread.run(Thread.java:840)
2026-03-17 04:18:25.507 [TaskController-tasks.scheduler-dispatcher-3503] INFO  c.b.b.client.CheckConnectionTask - Starting task: CheckConnectionTask
2026-03-17 04:18:55.508 [TaskController-tasks.scheduler-dispatcher-3503] WARN  c.b.b.client.CheckConnectionTask - Task CheckConnectionTask failed: Future timed out after [30 seconds]
java.util.concurrent.TimeoutException: Future timed out after [30 seconds]
	at scala.concurrent.impl.Promise$DefaultPromise.tryAwait0(Promise.scala:248)
	at scala.concurrent.impl.Promise$DefaultPromise.result(Promise.scala:261)
	at scala.concurrent.Await$.$anonfun$result$1(package.scala:201)
	at scala.concurrent.BlockContext$DefaultBlockContext$.blockOn(BlockContext.scala:62)
	at scala.concurrent.Await$.result(package.scala:124)
	at com.bqn.bsecurity.client.CheckConnectionTask.$anonfun$action$1(CheckConnectionTask.scala:11)
	at scala.util.Try$.apply(Try.scala:217)
	at com.bqn.bsecurity.client.CheckConnectionTask.action(CheckConnectionTask.scala:11)
	at com.bqn.tasks.Task.run(Task.scala:72)
	at org.apache.pekko.actor.LightArrayRevolverScheduler$$anon$1$$anon$2.run(LightArrayRevolverScheduler.scala:145)
	at org.apache.pekko.dispatch.TaskInvocation.run(AbstractDispatcher.scala:59)
	at java.base/java.util.concurrent.ThreadPoolExecutor.runWorker(ThreadPoolExecutor.java:1136)
	at java.base/java.util.concurrent.ThreadPoolExecutor$Worker.run(ThreadPoolExecutor.java:635)
	at java.base/java.lang.Thread.run(Thread.java:840)
2026-03-17 04:22:18.147 [TaskController-tasks.scheduler-dispatcher-3504] INFO  c.b.b.client.CheckConnectionTask - Starting task: CheckConnectionTask
2026-03-17 04:22:25.836 [TaskController-tasks.scheduler-dispatcher-3505] INFO  c.b.b.client.CheckConnectionTask - Starting task: CheckConnectionTask
2026-03-17 04:22:48.147 [TaskController-tasks.scheduler-dispatcher-3504] WARN  c.b.b.client.CheckConnectionTask - Task CheckConnectionTask failed: Future timed out after [30 seconds]
java.util.concurrent.TimeoutException: Future timed out after [30 seconds]
	at scala.concurrent.impl.Promise$DefaultPromise.tryAwait0(Promise.scala:248)
	at scala.concurrent.impl.Promise$DefaultPromise.result(Promise.scala:261)
	at scala.concurrent.Await$.$anonfun$result$1(package.scala:201)
	at scala.concurrent.BlockContext$DefaultBlockContext$.blockOn(BlockContext.scala:62)
	at scala.concurrent.Await$.result(package.scala:124)
	at com.bqn.bsecurity.client.CheckConnectionTask.$anonfun$action$1(CheckConnectionTask.scala:11)
	at scala.util.Try$.apply(Try.scala:217)
	at com.bqn.bsecurity.client.CheckConnectionTask.action(CheckConnectionTask.scala:11)
	at com.bqn.tasks.Task.run(Task.scala:72)
	at org.apache.pekko.actor.LightArrayRevolverScheduler$$anon$1$$anon$2.run(LightArrayRevolverScheduler.scala:145)
	at org.apache.pekko.dispatch.TaskInvocation.run(AbstractDispatcher.scala:59)
	at java.base/java.util.concurrent.ThreadPoolExecutor.runWorker(ThreadPoolExecutor.java:1136)
	at java.base/java.util.concurrent.ThreadPoolExecutor$Worker.run(ThreadPoolExecutor.java:635)
	at java.base/java.lang.Thread.run(Thread.java:840)
2026-03-17 04:22:55.007 [TaskController-tasks.scheduler-dispatcher-3506] INFO  c.b.b.client.CheckConnectionTask - Starting task: CheckConnectionTask
2026-03-17 04:22:55.837 [TaskController-tasks.scheduler-dispatcher-3505] WARN  c.b.b.client.CheckConnectionTask - Task CheckConnectionTask failed: Future timed out after [30 seconds]
java.util.concurrent.TimeoutException: Future timed out after [30 seconds]
	at scala.concurrent.impl.Promise$DefaultPromise.tryAwait0(Promise.scala:248)
	at scala.concurrent.impl.Promise$DefaultPromise.result(Promise.scala:261)
	at scala.concurrent.Await$.$anonfun$result$1(package.scala:201)
	at scala.concurrent.BlockContext$DefaultBlockContext$.blockOn(BlockContext.scala:62)
	at scala.concurrent.Await$.result(package.scala:124)
	at com.bqn.bsecurity.client.CheckConnectionTask.$anonfun$action$1(CheckConnectionTask.scala:11)
	at scala.util.Try$.apply(Try.scala:217)
	at com.bqn.bsecurity.client.CheckConnectionTask.action(CheckConnectionTask.scala:11)
	at com.bqn.tasks.Task.run(Task.scala:72)
	at org.apache.pekko.actor.LightArrayRevolverScheduler$$anon$1$$anon$2.run(LightArrayRevolverScheduler.scala:145)
	at org.apache.pekko.dispatch.TaskInvocation.run(AbstractDispatcher.scala:59)
	at java.base/java.util.concurrent.ThreadPoolExecutor.runWorker(ThreadPoolExecutor.java:1136)
	at java.base/java.util.concurrent.ThreadPoolExecutor$Worker.run(ThreadPoolExecutor.java:635)
	at java.base/java.lang.Thread.run(Thread.java:840)
2026-03-17 04:23:04.200 [bol-api-pekko.actor.default-dispatcher-11864] DEBUG c.b.b.s.status.GetStatusHandler - Dialog: c6fe24fe-2212-46ec-80d8-63b78c091682
Start: 2026-03-17T04:23:04.200176918
Request:null
2026-03-17 04:23:04.200 [bol-api-pekko.actor.default-dispatcher-11864] DEBUG c.b.b.s.status.GetStatusHandler - Dialog: c6fe24fe-2212-46ec-80d8-63b78c091682
Start: 2026-03-17T04:23:04.200176918
Request:null
----------------------------------------
Response:{
  "statusCode" : 200,
  "entity" : {
    "name" : "bol-api",
    "version" : "1.1.0-SNAPSHOT",
    "builtAt" : "2026-02-11T12:34:19",
    "startedAt" : "2026-03-06T11:57:19",
    "currentTime" : "2026-03-17T04:23:04",
    "environment" : "developer",
    "status" : "OK"
  }
}
Duration:0 ms
2026-03-17 04:23:25.007 [TaskController-tasks.scheduler-dispatcher-3506] WARN  c.b.b.client.CheckConnectionTask - Task CheckConnectionTask failed: Future timed out after [30 seconds]
java.util.concurrent.TimeoutException: Future timed out after [30 seconds]
	at scala.concurrent.impl.Promise$DefaultPromise.tryAwait0(Promise.scala:248)
	at scala.concurrent.impl.Promise$DefaultPromise.result(Promise.scala:261)
	at scala.concurrent.Await$.$anonfun$result$1(package.scala:201)
	at scala.concurrent.BlockContext$DefaultBlockContext$.blockOn(BlockContext.scala:62)
	at scala.concurrent.Await$.result(package.scala:124)
	at com.bqn.bsecurity.client.CheckConnectionTask.$anonfun$action$1(CheckConnectionTask.scala:11)
	at scala.util.Try$.apply(Try.scala:217)
	at com.bqn.bsecurity.client.CheckConnectionTask.action(CheckConnectionTask.scala:11)
	at com.bqn.tasks.Task.run(Task.scala:72)
	at org.apache.pekko.actor.LightArrayRevolverScheduler$$anon$1$$anon$2.run(LightArrayRevolverScheduler.scala:145)
	at org.apache.pekko.dispatch.TaskInvocation.run(AbstractDispatcher.scala:59)
	at java.base/java.util.concurrent.ThreadPoolExecutor.runWorker(ThreadPoolExecutor.java:1136)
	at java.base/java.util.concurrent.ThreadPoolExecutor$Worker.run(ThreadPoolExecutor.java:635)
	at java.base/java.lang.Thread.run(Thread.java:840)
2026-03-17 04:28:25.507 [TaskController-tasks.scheduler-dispatcher-3507] INFO  c.b.b.client.CheckConnectionTask - Starting task: CheckConnectionTask
2026-03-17 04:28:55.507 [TaskController-tasks.scheduler-dispatcher-3507] WARN  c.b.b.client.CheckConnectionTask - Task CheckConnectionTask failed: Future timed out after [30 seconds]
java.util.concurrent.TimeoutException: Future timed out after [30 seconds]
	at scala.concurrent.impl.Promise$DefaultPromise.tryAwait0(Promise.scala:248)
	at scala.concurrent.impl.Promise$DefaultPromise.result(Promise.scala:261)
	at scala.concurrent.Await$.$anonfun$result$1(package.scala:201)
	at scala.concurrent.BlockContext$DefaultBlockContext$.blockOn(BlockContext.scala:62)
	at scala.concurrent.Await$.result(package.scala:124)
	at com.bqn.bsecurity.client.CheckConnectionTask.$anonfun$action$1(CheckConnectionTask.scala:11)
	at scala.util.Try$.apply(Try.scala:217)
	at com.bqn.bsecurity.client.CheckConnectionTask.action(CheckConnectionTask.scala:11)
	at com.bqn.tasks.Task.run(Task.scala:72)
	at org.apache.pekko.actor.LightArrayRevolverScheduler$$anon$1$$anon$2.run(LightArrayRevolverScheduler.scala:145)
	at org.apache.pekko.dispatch.TaskInvocation.run(AbstractDispatcher.scala:59)
	at java.base/java.util.concurrent.ThreadPoolExecutor.runWorker(ThreadPoolExecutor.java:1136)
	at java.base/java.util.concurrent.ThreadPoolExecutor$Worker.run(ThreadPoolExecutor.java:635)
	at java.base/java.lang.Thread.run(Thread.java:840)
2026-03-17 04:32:18.147 [TaskController-tasks.scheduler-dispatcher-3508] INFO  c.b.b.client.CheckConnectionTask - Starting task: CheckConnectionTask
2026-03-17 04:32:25.837 [TaskController-tasks.scheduler-dispatcher-3509] INFO  c.b.b.client.CheckConnectionTask - Starting task: CheckConnectionTask
2026-03-17 04:32:48.147 [TaskController-tasks.scheduler-dispatcher-3508] WARN  c.b.b.client.CheckConnectionTask - Task CheckConnectionTask failed: Future timed out after [30 seconds]
java.util.concurrent.TimeoutException: Future timed out after [30 seconds]
	at scala.concurrent.impl.Promise$DefaultPromise.tryAwait0(Promise.scala:248)
	at scala.concurrent.impl.Promise$DefaultPromise.result(Promise.scala:261)
	at scala.concurrent.Await$.$anonfun$result$1(package.scala:201)
	at scala.concurrent.BlockContext$DefaultBlockContext$.blockOn(BlockContext.scala:62)
	at scala.concurrent.Await$.result(package.scala:124)
	at com.bqn.bsecurity.client.CheckConnectionTask.$anonfun$action$1(CheckConnectionTask.scala:11)
	at scala.util.Try$.apply(Try.scala:217)
	at com.bqn.bsecurity.client.CheckConnectionTask.action(CheckConnectionTask.scala:11)
	at com.bqn.tasks.Task.run(Task.scala:72)
	at org.apache.pekko.actor.LightArrayRevolverScheduler$$anon$1$$anon$2.run(LightArrayRevolverScheduler.scala:145)
	at org.apache.pekko.dispatch.TaskInvocation.run(AbstractDispatcher.scala:59)
	at java.base/java.util.concurrent.ThreadPoolExecutor.runWorker(ThreadPoolExecutor.java:1136)
	at java.base/java.util.concurrent.ThreadPoolExecutor$Worker.run(ThreadPoolExecutor.java:635)
	at java.base/java.lang.Thread.run(Thread.java:840)
2026-03-17 04:32:55.007 [TaskController-tasks.scheduler-dispatcher-3510] INFO  c.b.b.client.CheckConnectionTask - Starting task: CheckConnectionTask
2026-03-17 04:32:55.837 [TaskController-tasks.scheduler-dispatcher-3509] WARN  c.b.b.client.CheckConnectionTask - Task CheckConnectionTask failed: Future timed out after [30 seconds]
java.util.concurrent.TimeoutException: Future timed out after [30 seconds]
	at scala.concurrent.impl.Promise$DefaultPromise.tryAwait0(Promise.scala:248)
	at scala.concurrent.impl.Promise$DefaultPromise.result(Promise.scala:261)
	at scala.concurrent.Await$.$anonfun$result$1(package.scala:201)
	at scala.concurrent.BlockContext$DefaultBlockContext$.blockOn(BlockContext.scala:62)
	at scala.concurrent.Await$.result(package.scala:124)
	at com.bqn.bsecurity.client.CheckConnectionTask.$anonfun$action$1(CheckConnectionTask.scala:11)
	at scala.util.Try$.apply(Try.scala:217)
	at com.bqn.bsecurity.client.CheckConnectionTask.action(CheckConnectionTask.scala:11)
	at com.bqn.tasks.Task.run(Task.scala:72)
	at org.apache.pekko.actor.LightArrayRevolverScheduler$$anon$1$$anon$2.run(LightArrayRevolverScheduler.scala:145)
	at org.apache.pekko.dispatch.TaskInvocation.run(AbstractDispatcher.scala:59)
	at java.base/java.util.concurrent.ThreadPoolExecutor.runWorker(ThreadPoolExecutor.java:1136)
	at java.base/java.util.concurrent.ThreadPoolExecutor$Worker.run(ThreadPoolExecutor.java:635)
	at java.base/java.lang.Thread.run(Thread.java:840)
2026-03-17 04:33:04.190 [bol-api-pekko.actor.default-dispatcher-11868] DEBUG c.b.b.s.status.GetStatusHandler - Dialog: eb613a27-7d2b-4916-9d5a-cf5939de8556
Start: 2026-03-17T04:33:04.190499850
Request:null
2026-03-17 04:33:04.190 [bol-api-pekko.actor.default-dispatcher-11868] DEBUG c.b.b.s.status.GetStatusHandler - Dialog: eb613a27-7d2b-4916-9d5a-cf5939de8556
Start: 2026-03-17T04:33:04.190499850
Request:null
----------------------------------------
Response:{
  "statusCode" : 200,
  "entity" : {
    "name" : "bol-api",
    "version" : "1.1.0-SNAPSHOT",
    "builtAt" : "2026-02-11T12:34:19",
    "startedAt" : "2026-03-06T11:57:19",
    "currentTime" : "2026-03-17T04:33:04",
    "environment" : "developer",
    "status" : "OK"
  }
}
Duration:0 ms
2026-03-17 04:33:25.007 [TaskController-tasks.scheduler-dispatcher-3510] WARN  c.b.b.client.CheckConnectionTask - Task CheckConnectionTask failed: Future timed out after [30 seconds]
java.util.concurrent.TimeoutException: Future timed out after [30 seconds]
	at scala.concurrent.impl.Promise$DefaultPromise.tryAwait0(Promise.scala:248)
	at scala.concurrent.impl.Promise$DefaultPromise.result(Promise.scala:261)
	at scala.concurrent.Await$.$anonfun$result$1(package.scala:201)
	at scala.concurrent.BlockContext$DefaultBlockContext$.blockOn(BlockContext.scala:62)
	at scala.concurrent.Await$.result(package.scala:124)
	at com.bqn.bsecurity.client.CheckConnectionTask.$anonfun$action$1(CheckConnectionTask.scala:11)
	at scala.util.Try$.apply(Try.scala:217)
	at com.bqn.bsecurity.client.CheckConnectionTask.action(CheckConnectionTask.scala:11)
	at com.bqn.tasks.Task.run(Task.scala:72)
	at org.apache.pekko.actor.LightArrayRevolverScheduler$$anon$1$$anon$2.run(LightArrayRevolverScheduler.scala:145)
	at org.apache.pekko.dispatch.TaskInvocation.run(AbstractDispatcher.scala:59)
	at java.base/java.util.concurrent.ThreadPoolExecutor.runWorker(ThreadPoolExecutor.java:1136)
	at java.base/java.util.concurrent.ThreadPoolExecutor$Worker.run(ThreadPoolExecutor.java:635)
	at java.base/java.lang.Thread.run(Thread.java:840)
2026-03-17 04:38:25.507 [TaskController-tasks.scheduler-dispatcher-3511] INFO  c.b.b.client.CheckConnectionTask - Starting task: CheckConnectionTask
2026-03-17 04:38:55.508 [TaskController-tasks.scheduler-dispatcher-3511] WARN  c.b.b.client.CheckConnectionTask - Task CheckConnectionTask failed: Future timed out after [30 seconds]
java.util.concurrent.TimeoutException: Future timed out after [30 seconds]
	at scala.concurrent.impl.Promise$DefaultPromise.tryAwait0(Promise.scala:248)
	at scala.concurrent.impl.Promise$DefaultPromise.result(Promise.scala:261)
	at scala.concurrent.Await$.$anonfun$result$1(package.scala:201)
	at scala.concurrent.BlockContext$DefaultBlockContext$.blockOn(BlockContext.scala:62)
	at scala.concurrent.Await$.result(package.scala:124)
	at com.bqn.bsecurity.client.CheckConnectionTask.$anonfun$action$1(CheckConnectionTask.scala:11)
	at scala.util.Try$.apply(Try.scala:217)
	at com.bqn.bsecurity.client.CheckConnectionTask.action(CheckConnectionTask.scala:11)
	at com.bqn.tasks.Task.run(Task.scala:72)
	at org.apache.pekko.actor.LightArrayRevolverScheduler$$anon$1$$anon$2.run(LightArrayRevolverScheduler.scala:145)
	at org.apache.pekko.dispatch.TaskInvocation.run(AbstractDispatcher.scala:59)
	at java.base/java.util.concurrent.ThreadPoolExecutor.runWorker(ThreadPoolExecutor.java:1136)
	at java.base/java.util.concurrent.ThreadPoolExecutor$Worker.run(ThreadPoolExecutor.java:635)
	at java.base/java.lang.Thread.run(Thread.java:840)
2026-03-17 04:42:18.147 [TaskController-tasks.scheduler-dispatcher-3512] INFO  c.b.b.client.CheckConnectionTask - Starting task: CheckConnectionTask
2026-03-17 04:42:25.826 [TaskController-tasks.scheduler-dispatcher-3513] INFO  c.b.b.client.CheckConnectionTask - Starting task: CheckConnectionTask
2026-03-17 04:42:48.147 [TaskController-tasks.scheduler-dispatcher-3512] WARN  c.b.b.client.CheckConnectionTask - Task CheckConnectionTask failed: Future timed out after [30 seconds]
java.util.concurrent.TimeoutException: Future timed out after [30 seconds]
	at scala.concurrent.impl.Promise$DefaultPromise.tryAwait0(Promise.scala:248)
	at scala.concurrent.impl.Promise$DefaultPromise.result(Promise.scala:261)
	at scala.concurrent.Await$.$anonfun$result$1(package.scala:201)
	at scala.concurrent.BlockContext$DefaultBlockContext$.blockOn(BlockContext.scala:62)
	at scala.concurrent.Await$.result(package.scala:124)
	at com.bqn.bsecurity.client.CheckConnectionTask.$anonfun$action$1(CheckConnectionTask.scala:11)
	at scala.util.Try$.apply(Try.scala:217)
	at com.bqn.bsecurity.client.CheckConnectionTask.action(CheckConnectionTask.scala:11)
	at com.bqn.tasks.Task.run(Task.scala:72)
	at org.apache.pekko.actor.LightArrayRevolverScheduler$$anon$1$$anon$2.run(LightArrayRevolverScheduler.scala:145)
	at org.apache.pekko.dispatch.TaskInvocation.run(AbstractDispatcher.scala:59)
	at java.base/java.util.concurrent.ThreadPoolExecutor.runWorker(ThreadPoolExecutor.java:1136)
	at java.base/java.util.concurrent.ThreadPoolExecutor$Worker.run(ThreadPoolExecutor.java:635)
	at java.base/java.lang.Thread.run(Thread.java:840)
2026-03-17 04:42:55.007 [TaskController-tasks.scheduler-dispatcher-3514] INFO  c.b.b.client.CheckConnectionTask - Starting task: CheckConnectionTask
2026-03-17 04:42:55.826 [TaskController-tasks.scheduler-dispatcher-3513] WARN  c.b.b.client.CheckConnectionTask - Task CheckConnectionTask failed: Future timed out after [30 seconds]
java.util.concurrent.TimeoutException: Future timed out after [30 seconds]
	at scala.concurrent.impl.Promise$DefaultPromise.tryAwait0(Promise.scala:248)
	at scala.concurrent.impl.Promise$DefaultPromise.result(Promise.scala:261)
	at scala.concurrent.Await$.$anonfun$result$1(package.scala:201)
	at scala.concurrent.BlockContext$DefaultBlockContext$.blockOn(BlockContext.scala:62)
	at scala.concurrent.Await$.result(package.scala:124)
	at com.bqn.bsecurity.client.CheckConnectionTask.$anonfun$action$1(CheckConnectionTask.scala:11)
	at scala.util.Try$.apply(Try.scala:217)
	at com.bqn.bsecurity.client.CheckConnectionTask.action(CheckConnectionTask.scala:11)
	at com.bqn.tasks.Task.run(Task.scala:72)
	at org.apache.pekko.actor.LightArrayRevolverScheduler$$anon$1$$anon$2.run(LightArrayRevolverScheduler.scala:145)
	at org.apache.pekko.dispatch.TaskInvocation.run(AbstractDispatcher.scala:59)
	at java.base/java.util.concurrent.ThreadPoolExecutor.runWorker(ThreadPoolExecutor.java:1136)
	at java.base/java.util.concurrent.ThreadPoolExecutor$Worker.run(ThreadPoolExecutor.java:635)
	at java.base/java.lang.Thread.run(Thread.java:840)
2026-03-17 04:43:04.199 [bol-api-pekko.actor.default-dispatcher-11875] DEBUG c.b.b.s.status.GetStatusHandler - Dialog: 6e91b9cd-cb3c-4529-aa02-1ffb2f67ae35
Start: 2026-03-17T04:43:04.199322869
Request:null
2026-03-17 04:43:04.199 [bol-api-pekko.actor.default-dispatcher-11875] DEBUG c.b.b.s.status.GetStatusHandler - Dialog: 6e91b9cd-cb3c-4529-aa02-1ffb2f67ae35
Start: 2026-03-17T04:43:04.199322869
Request:null
----------------------------------------
Response:{
  "statusCode" : 200,
  "entity" : {
    "name" : "bol-api",
    "version" : "1.1.0-SNAPSHOT",
    "builtAt" : "2026-02-11T12:34:19",
    "startedAt" : "2026-03-06T11:57:19",
    "currentTime" : "2026-03-17T04:43:04",
    "environment" : "developer",
    "status" : "OK"
  }
}
Duration:0 ms
2026-03-17 04:43:25.007 [TaskController-tasks.scheduler-dispatcher-3514] WARN  c.b.b.client.CheckConnectionTask - Task CheckConnectionTask failed: Future timed out after [30 seconds]
java.util.concurrent.TimeoutException: Future timed out after [30 seconds]
	at scala.concurrent.impl.Promise$DefaultPromise.tryAwait0(Promise.scala:248)
	at scala.concurrent.impl.Promise$DefaultPromise.result(Promise.scala:261)
	at scala.concurrent.Await$.$anonfun$result$1(package.scala:201)
	at scala.concurrent.BlockContext$DefaultBlockContext$.blockOn(BlockContext.scala:62)
	at scala.concurrent.Await$.result(package.scala:124)
	at com.bqn.bsecurity.client.CheckConnectionTask.$anonfun$action$1(CheckConnectionTask.scala:11)
	at scala.util.Try$.apply(Try.scala:217)
	at com.bqn.bsecurity.client.CheckConnectionTask.action(CheckConnectionTask.scala:11)
	at com.bqn.tasks.Task.run(Task.scala:72)
	at org.apache.pekko.actor.LightArrayRevolverScheduler$$anon$1$$anon$2.run(LightArrayRevolverScheduler.scala:145)
	at org.apache.pekko.dispatch.TaskInvocation.run(AbstractDispatcher.scala:59)
	at java.base/java.util.concurrent.ThreadPoolExecutor.runWorker(ThreadPoolExecutor.java:1136)
	at java.base/java.util.concurrent.ThreadPoolExecutor$Worker.run(ThreadPoolExecutor.java:635)
	at java.base/java.lang.Thread.run(Thread.java:840)
2026-03-17 04:48:25.507 [TaskController-tasks.scheduler-dispatcher-3515] INFO  c.b.b.client.CheckConnectionTask - Starting task: CheckConnectionTask
2026-03-17 04:48:55.507 [TaskController-tasks.scheduler-dispatcher-3515] WARN  c.b.b.client.CheckConnectionTask - Task CheckConnectionTask failed: Future timed out after [30 seconds]
java.util.concurrent.TimeoutException: Future timed out after [30 seconds]
	at scala.concurrent.impl.Promise$DefaultPromise.tryAwait0(Promise.scala:248)
	at scala.concurrent.impl.Promise$DefaultPromise.result(Promise.scala:261)
	at scala.concurrent.Await$.$anonfun$result$1(package.scala:201)
	at scala.concurrent.BlockContext$DefaultBlockContext$.blockOn(BlockContext.scala:62)
	at scala.concurrent.Await$.result(package.scala:124)
	at com.bqn.bsecurity.client.CheckConnectionTask.$anonfun$action$1(CheckConnectionTask.scala:11)
	at scala.util.Try$.apply(Try.scala:217)
	at com.bqn.bsecurity.client.CheckConnectionTask.action(CheckConnectionTask.scala:11)
	at com.bqn.tasks.Task.run(Task.scala:72)
	at org.apache.pekko.actor.LightArrayRevolverScheduler$$anon$1$$anon$2.run(LightArrayRevolverScheduler.scala:145)
	at org.apache.pekko.dispatch.TaskInvocation.run(AbstractDispatcher.scala:59)
	at java.base/java.util.concurrent.ThreadPoolExecutor.runWorker(ThreadPoolExecutor.java:1136)
	at java.base/java.util.concurrent.ThreadPoolExecutor$Worker.run(ThreadPoolExecutor.java:635)
	at java.base/java.lang.Thread.run(Thread.java:840)
2026-03-17 04:52:18.147 [TaskController-tasks.scheduler-dispatcher-3516] INFO  c.b.b.client.CheckConnectionTask - Starting task: CheckConnectionTask
2026-03-17 04:52:25.827 [TaskController-tasks.scheduler-dispatcher-3517] INFO  c.b.b.client.CheckConnectionTask - Starting task: CheckConnectionTask
2026-03-17 04:52:48.147 [TaskController-tasks.scheduler-dispatcher-3516] WARN  c.b.b.client.CheckConnectionTask - Task CheckConnectionTask failed: Future timed out after [30 seconds]
java.util.concurrent.TimeoutException: Future timed out after [30 seconds]
	at scala.concurrent.impl.Promise$DefaultPromise.tryAwait0(Promise.scala:248)
	at scala.concurrent.impl.Promise$DefaultPromise.result(Promise.scala:261)
	at scala.concurrent.Await$.$anonfun$result$1(package.scala:201)
	at scala.concurrent.BlockContext$DefaultBlockContext$.blockOn(BlockContext.scala:62)
	at scala.concurrent.Await$.result(package.scala:124)
	at com.bqn.bsecurity.client.CheckConnectionTask.$anonfun$action$1(CheckConnectionTask.scala:11)
	at scala.util.Try$.apply(Try.scala:217)
	at com.bqn.bsecurity.client.CheckConnectionTask.action(CheckConnectionTask.scala:11)
	at com.bqn.tasks.Task.run(Task.scala:72)
	at org.apache.pekko.actor.LightArrayRevolverScheduler$$anon$1$$anon$2.run(LightArrayRevolverScheduler.scala:145)
	at org.apache.pekko.dispatch.TaskInvocation.run(AbstractDispatcher.scala:59)
	at java.base/java.util.concurrent.ThreadPoolExecutor.runWorker(ThreadPoolExecutor.java:1136)
	at java.base/java.util.concurrent.ThreadPoolExecutor$Worker.run(ThreadPoolExecutor.java:635)
	at java.base/java.lang.Thread.run(Thread.java:840)
2026-03-17 04:52:55.007 [TaskController-tasks.scheduler-dispatcher-3518] INFO  c.b.b.client.CheckConnectionTask - Starting task: CheckConnectionTask
2026-03-17 04:52:55.827 [TaskController-tasks.scheduler-dispatcher-3517] WARN  c.b.b.client.CheckConnectionTask - Task CheckConnectionTask failed: Future timed out after [30 seconds]
java.util.concurrent.TimeoutException: Future timed out after [30 seconds]
	at scala.concurrent.impl.Promise$DefaultPromise.tryAwait0(Promise.scala:248)
	at scala.concurrent.impl.Promise$DefaultPromise.result(Promise.scala:261)
	at scala.concurrent.Await$.$anonfun$result$1(package.scala:201)
	at scala.concurrent.BlockContext$DefaultBlockContext$.blockOn(BlockContext.scala:62)
	at scala.concurrent.Await$.result(package.scala:124)
	at com.bqn.bsecurity.client.CheckConnectionTask.$anonfun$action$1(CheckConnectionTask.scala:11)
	at scala.util.Try$.apply(Try.scala:217)
	at com.bqn.bsecurity.client.CheckConnectionTask.action(CheckConnectionTask.scala:11)
	at com.bqn.tasks.Task.run(Task.scala:72)
	at org.apache.pekko.actor.LightArrayRevolverScheduler$$anon$1$$anon$2.run(LightArrayRevolverScheduler.scala:145)
	at org.apache.pekko.dispatch.TaskInvocation.run(AbstractDispatcher.scala:59)
	at java.base/java.util.concurrent.ThreadPoolExecutor.runWorker(ThreadPoolExecutor.java:1136)
	at java.base/java.util.concurrent.ThreadPoolExecutor$Worker.run(ThreadPoolExecutor.java:635)
	at java.base/java.lang.Thread.run(Thread.java:840)
2026-03-17 04:53:04.190 [bol-api-pekko.actor.default-dispatcher-11879] DEBUG c.b.b.s.status.GetStatusHandler - Dialog: e1f161d1-a96e-43ab-9ac7-cf7ad2970ec4
Start: 2026-03-17T04:53:04.190231787
Request:null
2026-03-17 04:53:04.190 [bol-api-pekko.actor.default-dispatcher-11879] DEBUG c.b.b.s.status.GetStatusHandler - Dialog: e1f161d1-a96e-43ab-9ac7-cf7ad2970ec4
Start: 2026-03-17T04:53:04.190231787
Request:null
----------------------------------------
Response:{
  "statusCode" : 200,
  "entity" : {
    "name" : "bol-api",
    "version" : "1.1.0-SNAPSHOT",
    "builtAt" : "2026-02-11T12:34:19",
    "startedAt" : "2026-03-06T11:57:19",
    "currentTime" : "2026-03-17T04:53:04",
    "environment" : "developer",
    "status" : "OK"
  }
}
Duration:0 ms
2026-03-17 04:53:25.007 [TaskController-tasks.scheduler-dispatcher-3518] WARN  c.b.b.client.CheckConnectionTask - Task CheckConnectionTask failed: Future timed out after [30 seconds]
java.util.concurrent.TimeoutException: Future timed out after [30 seconds]
	at scala.concurrent.impl.Promise$DefaultPromise.tryAwait0(Promise.scala:248)
	at scala.concurrent.impl.Promise$DefaultPromise.result(Promise.scala:261)
	at scala.concurrent.Await$.$anonfun$result$1(package.scala:201)
	at scala.concurrent.BlockContext$DefaultBlockContext$.blockOn(BlockContext.scala:62)
	at scala.concurrent.Await$.result(package.scala:124)
	at com.bqn.bsecurity.client.CheckConnectionTask.$anonfun$action$1(CheckConnectionTask.scala:11)
	at scala.util.Try$.apply(Try.scala:217)
	at com.bqn.bsecurity.client.CheckConnectionTask.action(CheckConnectionTask.scala:11)
	at com.bqn.tasks.Task.run(Task.scala:72)
	at org.apache.pekko.actor.LightArrayRevolverScheduler$$anon$1$$anon$2.run(LightArrayRevolverScheduler.scala:145)
	at org.apache.pekko.dispatch.TaskInvocation.run(AbstractDispatcher.scala:59)
	at java.base/java.util.concurrent.ThreadPoolExecutor.runWorker(ThreadPoolExecutor.java:1136)
	at java.base/java.util.concurrent.ThreadPoolExecutor$Worker.run(ThreadPoolExecutor.java:635)
	at java.base/java.lang.Thread.run(Thread.java:840)
2026-03-17 04:58:25.507 [TaskController-tasks.scheduler-dispatcher-3519] INFO  c.b.b.client.CheckConnectionTask - Starting task: CheckConnectionTask
2026-03-17 04:58:55.507 [TaskController-tasks.scheduler-dispatcher-3519] WARN  c.b.b.client.CheckConnectionTask - Task CheckConnectionTask failed: Future timed out after [30 seconds]
java.util.concurrent.TimeoutException: Future timed out after [30 seconds]
	at scala.concurrent.impl.Promise$DefaultPromise.tryAwait0(Promise.scala:248)
	at scala.concurrent.impl.Promise$DefaultPromise.result(Promise.scala:261)
	at scala.concurrent.Await$.$anonfun$result$1(package.scala:201)
	at scala.concurrent.BlockContext$DefaultBlockContext$.blockOn(BlockContext.scala:62)
	at scala.concurrent.Await$.result(package.scala:124)
	at com.bqn.bsecurity.client.CheckConnectionTask.$anonfun$action$1(CheckConnectionTask.scala:11)
	at scala.util.Try$.apply(Try.scala:217)
	at com.bqn.bsecurity.client.CheckConnectionTask.action(CheckConnectionTask.scala:11)
	at com.bqn.tasks.Task.run(Task.scala:72)
	at org.apache.pekko.actor.LightArrayRevolverScheduler$$anon$1$$anon$2.run(LightArrayRevolverScheduler.scala:145)
	at org.apache.pekko.dispatch.TaskInvocation.run(AbstractDispatcher.scala:59)
	at java.base/java.util.concurrent.ThreadPoolExecutor.runWorker(ThreadPoolExecutor.java:1136)
	at java.base/java.util.concurrent.ThreadPoolExecutor$Worker.run(ThreadPoolExecutor.java:635)
	at java.base/java.lang.Thread.run(Thread.java:840)
2026-03-17 05:02:18.146 [TaskController-tasks.scheduler-dispatcher-3520] INFO  c.b.b.client.CheckConnectionTask - Starting task: CheckConnectionTask
2026-03-17 05:02:25.836 [TaskController-tasks.scheduler-dispatcher-3521] INFO  c.b.b.client.CheckConnectionTask - Starting task: CheckConnectionTask
2026-03-17 05:02:48.147 [TaskController-tasks.scheduler-dispatcher-3520] WARN  c.b.b.client.CheckConnectionTask - Task CheckConnectionTask failed: Future timed out after [30 seconds]
java.util.concurrent.TimeoutException: Future timed out after [30 seconds]
	at scala.concurrent.impl.Promise$DefaultPromise.tryAwait0(Promise.scala:248)
	at scala.concurrent.impl.Promise$DefaultPromise.result(Promise.scala:261)
	at scala.concurrent.Await$.$anonfun$result$1(package.scala:201)
	at scala.concurrent.BlockContext$DefaultBlockContext$.blockOn(BlockContext.scala:62)
	at scala.concurrent.Await$.result(package.scala:124)
	at com.bqn.bsecurity.client.CheckConnectionTask.$anonfun$action$1(CheckConnectionTask.scala:11)
	at scala.util.Try$.apply(Try.scala:217)
	at com.bqn.bsecurity.client.CheckConnectionTask.action(CheckConnectionTask.scala:11)
	at com.bqn.tasks.Task.run(Task.scala:72)
	at org.apache.pekko.actor.LightArrayRevolverScheduler$$anon$1$$anon$2.run(LightArrayRevolverScheduler.scala:145)
	at org.apache.pekko.dispatch.TaskInvocation.run(AbstractDispatcher.scala:59)
	at java.base/java.util.concurrent.ThreadPoolExecutor.runWorker(ThreadPoolExecutor.java:1136)
	at java.base/java.util.concurrent.ThreadPoolExecutor$Worker.run(ThreadPoolExecutor.java:635)
	at java.base/java.lang.Thread.run(Thread.java:840)
2026-03-17 05:02:55.006 [TaskController-tasks.scheduler-dispatcher-3522] INFO  c.b.b.client.CheckConnectionTask - Starting task: CheckConnectionTask
2026-03-17 05:02:55.836 [TaskController-tasks.scheduler-dispatcher-3521] WARN  c.b.b.client.CheckConnectionTask - Task CheckConnectionTask failed: Future timed out after [30 seconds]
java.util.concurrent.TimeoutException: Future timed out after [30 seconds]
	at scala.concurrent.impl.Promise$DefaultPromise.tryAwait0(Promise.scala:248)
	at scala.concurrent.impl.Promise$DefaultPromise.result(Promise.scala:261)
	at scala.concurrent.Await$.$anonfun$result$1(package.scala:201)
	at scala.concurrent.BlockContext$DefaultBlockContext$.blockOn(BlockContext.scala:62)
	at scala.concurrent.Await$.result(package.scala:124)
	at com.bqn.bsecurity.client.CheckConnectionTask.$anonfun$action$1(CheckConnectionTask.scala:11)
	at scala.util.Try$.apply(Try.scala:217)
	at com.bqn.bsecurity.client.CheckConnectionTask.action(CheckConnectionTask.scala:11)
	at com.bqn.tasks.Task.run(Task.scala:72)
	at org.apache.pekko.actor.LightArrayRevolverScheduler$$anon$1$$anon$2.run(LightArrayRevolverScheduler.scala:145)
	at org.apache.pekko.dispatch.TaskInvocation.run(AbstractDispatcher.scala:59)
	at java.base/java.util.concurrent.ThreadPoolExecutor.runWorker(ThreadPoolExecutor.java:1136)
	at java.base/java.util.concurrent.ThreadPoolExecutor$Worker.run(ThreadPoolExecutor.java:635)
	at java.base/java.lang.Thread.run(Thread.java:840)
2026-03-17 05:03:04.190 [bol-api-pekko.actor.default-dispatcher-11885] DEBUG c.b.b.s.status.GetStatusHandler - Dialog: 205553f0-25e8-4c8b-a650-9ae25ef3bace
Start: 2026-03-17T05:03:04.190557102
Request:null
2026-03-17 05:03:04.190 [bol-api-pekko.actor.default-dispatcher-11885] DEBUG c.b.b.s.status.GetStatusHandler - Dialog: 205553f0-25e8-4c8b-a650-9ae25ef3bace
Start: 2026-03-17T05:03:04.190557102
Request:null
----------------------------------------
Response:{
  "statusCode" : 200,
  "entity" : {
    "name" : "bol-api",
    "version" : "1.1.0-SNAPSHOT",
    "builtAt" : "2026-02-11T12:34:19",
    "startedAt" : "2026-03-06T11:57:19",
    "currentTime" : "2026-03-17T05:03:04",
    "environment" : "developer",
    "status" : "OK"
  }
}
Duration:0 ms
2026-03-17 05:03:25.006 [TaskController-tasks.scheduler-dispatcher-3522] WARN  c.b.b.client.CheckConnectionTask - Task CheckConnectionTask failed: Future timed out after [30 seconds]
java.util.concurrent.TimeoutException: Future timed out after [30 seconds]
	at scala.concurrent.impl.Promise$DefaultPromise.tryAwait0(Promise.scala:248)
	at scala.concurrent.impl.Promise$DefaultPromise.result(Promise.scala:261)
	at scala.concurrent.Await$.$anonfun$result$1(package.scala:201)
	at scala.concurrent.BlockContext$DefaultBlockContext$.blockOn(BlockContext.scala:62)
	at scala.concurrent.Await$.result(package.scala:124)
	at com.bqn.bsecurity.client.CheckConnectionTask.$anonfun$action$1(CheckConnectionTask.scala:11)
	at scala.util.Try$.apply(Try.scala:217)
	at com.bqn.bsecurity.client.CheckConnectionTask.action(CheckConnectionTask.scala:11)
	at com.bqn.tasks.Task.run(Task.scala:72)
	at org.apache.pekko.actor.LightArrayRevolverScheduler$$anon$1$$anon$2.run(LightArrayRevolverScheduler.scala:145)
	at org.apache.pekko.dispatch.TaskInvocation.run(AbstractDispatcher.scala:59)
	at java.base/java.util.concurrent.ThreadPoolExecutor.runWorker(ThreadPoolExecutor.java:1136)
	at java.base/java.util.concurrent.ThreadPoolExecutor$Worker.run(ThreadPoolExecutor.java:635)
	at java.base/java.lang.Thread.run(Thread.java:840)
2026-03-17 05:08:25.506 [TaskController-tasks.scheduler-dispatcher-3523] INFO  c.b.b.client.CheckConnectionTask - Starting task: CheckConnectionTask
2026-03-17 05:08:55.507 [TaskController-tasks.scheduler-dispatcher-3523] WARN  c.b.b.client.CheckConnectionTask - Task CheckConnectionTask failed: Future timed out after [30 seconds]
java.util.concurrent.TimeoutException: Future timed out after [30 seconds]
	at scala.concurrent.impl.Promise$DefaultPromise.tryAwait0(Promise.scala:248)
	at scala.concurrent.impl.Promise$DefaultPromise.result(Promise.scala:261)
	at scala.concurrent.Await$.$anonfun$result$1(package.scala:201)
	at scala.concurrent.BlockContext$DefaultBlockContext$.blockOn(BlockContext.scala:62)
	at scala.concurrent.Await$.result(package.scala:124)
	at com.bqn.bsecurity.client.CheckConnectionTask.$anonfun$action$1(CheckConnectionTask.scala:11)
	at scala.util.Try$.apply(Try.scala:217)
	at com.bqn.bsecurity.client.CheckConnectionTask.action(CheckConnectionTask.scala:11)
	at com.bqn.tasks.Task.run(Task.scala:72)
	at org.apache.pekko.actor.LightArrayRevolverScheduler$$anon$1$$anon$2.run(LightArrayRevolverScheduler.scala:145)
	at org.apache.pekko.dispatch.TaskInvocation.run(AbstractDispatcher.scala:59)
	at java.base/java.util.concurrent.ThreadPoolExecutor.runWorker(ThreadPoolExecutor.java:1136)
	at java.base/java.util.concurrent.ThreadPoolExecutor$Worker.run(ThreadPoolExecutor.java:635)
	at java.base/java.lang.Thread.run(Thread.java:840)
2026-03-17 05:12:18.147 [TaskController-tasks.scheduler-dispatcher-3524] INFO  c.b.b.client.CheckConnectionTask - Starting task: CheckConnectionTask
2026-03-17 05:12:25.892 [TaskController-tasks.scheduler-dispatcher-3525] INFO  c.b.b.client.CheckConnectionTask - Starting task: CheckConnectionTask
2026-03-17 05:12:48.147 [TaskController-tasks.scheduler-dispatcher-3524] WARN  c.b.b.client.CheckConnectionTask - Task CheckConnectionTask failed: Future timed out after [30 seconds]
java.util.concurrent.TimeoutException: Future timed out after [30 seconds]
	at scala.concurrent.impl.Promise$DefaultPromise.tryAwait0(Promise.scala:248)
	at scala.concurrent.impl.Promise$DefaultPromise.result(Promise.scala:261)
	at scala.concurrent.Await$.$anonfun$result$1(package.scala:201)
	at scala.concurrent.BlockContext$DefaultBlockContext$.blockOn(BlockContext.scala:62)
	at scala.concurrent.Await$.result(package.scala:124)
	at com.bqn.bsecurity.client.CheckConnectionTask.$anonfun$action$1(CheckConnectionTask.scala:11)
	at scala.util.Try$.apply(Try.scala:217)
	at com.bqn.bsecurity.client.CheckConnectionTask.action(CheckConnectionTask.scala:11)
	at com.bqn.tasks.Task.run(Task.scala:72)
	at org.apache.pekko.actor.LightArrayRevolverScheduler$$anon$1$$anon$2.run(LightArrayRevolverScheduler.scala:145)
	at org.apache.pekko.dispatch.TaskInvocation.run(AbstractDispatcher.scala:59)
	at java.base/java.util.concurrent.ThreadPoolExecutor.runWorker(ThreadPoolExecutor.java:1136)
	at java.base/java.util.concurrent.ThreadPoolExecutor$Worker.run(ThreadPoolExecutor.java:635)
	at java.base/java.lang.Thread.run(Thread.java:840)
2026-03-17 05:12:54.996 [TaskController-tasks.scheduler-dispatcher-3526] INFO  c.b.b.client.CheckConnectionTask - Starting task: CheckConnectionTask
2026-03-17 05:12:55.892 [TaskController-tasks.scheduler-dispatcher-3525] WARN  c.b.b.client.CheckConnectionTask - Task CheckConnectionTask failed: Future timed out after [30 seconds]
java.util.concurrent.TimeoutException: Future timed out after [30 seconds]
	at scala.concurrent.impl.Promise$DefaultPromise.tryAwait0(Promise.scala:248)
	at scala.concurrent.impl.Promise$DefaultPromise.result(Promise.scala:261)
	at scala.concurrent.Await$.$anonfun$result$1(package.scala:201)
	at scala.concurrent.BlockContext$DefaultBlockContext$.blockOn(BlockContext.scala:62)
	at scala.concurrent.Await$.result(package.scala:124)
	at com.bqn.bsecurity.client.CheckConnectionTask.$anonfun$action$1(CheckConnectionTask.scala:11)
	at scala.util.Try$.apply(Try.scala:217)
	at com.bqn.bsecurity.client.CheckConnectionTask.action(CheckConnectionTask.scala:11)
	at com.bqn.tasks.Task.run(Task.scala:72)
	at org.apache.pekko.actor.LightArrayRevolverScheduler$$anon$1$$anon$2.run(LightArrayRevolverScheduler.scala:145)
	at org.apache.pekko.dispatch.TaskInvocation.run(AbstractDispatcher.scala:59)
	at java.base/java.util.concurrent.ThreadPoolExecutor.runWorker(ThreadPoolExecutor.java:1136)
	at java.base/java.util.concurrent.ThreadPoolExecutor$Worker.run(ThreadPoolExecutor.java:635)
	at java.base/java.lang.Thread.run(Thread.java:840)
2026-03-17 05:13:04.190 [bol-api-pekko.actor.default-dispatcher-11891] DEBUG c.b.b.s.status.GetStatusHandler - Dialog: 8795f8e0-7aa1-4c94-a78c-dc7a39f64c24
Start: 2026-03-17T05:13:04.190036322
Request:null
2026-03-17 05:13:04.190 [bol-api-pekko.actor.default-dispatcher-11891] DEBUG c.b.b.s.status.GetStatusHandler - Dialog: 8795f8e0-7aa1-4c94-a78c-dc7a39f64c24
Start: 2026-03-17T05:13:04.190036322
Request:null
----------------------------------------
Response:{
  "statusCode" : 200,
  "entity" : {
    "name" : "bol-api",
    "version" : "1.1.0-SNAPSHOT",
    "builtAt" : "2026-02-11T12:34:19",
    "startedAt" : "2026-03-06T11:57:19",
    "currentTime" : "2026-03-17T05:13:04",
    "environment" : "developer",
    "status" : "OK"
  }
}
Duration:0 ms
2026-03-17 05:13:24.996 [TaskController-tasks.scheduler-dispatcher-3526] WARN  c.b.b.client.CheckConnectionTask - Task CheckConnectionTask failed: Future timed out after [30 seconds]
java.util.concurrent.TimeoutException: Future timed out after [30 seconds]
	at scala.concurrent.impl.Promise$DefaultPromise.tryAwait0(Promise.scala:248)
	at scala.concurrent.impl.Promise$DefaultPromise.result(Promise.scala:261)
	at scala.concurrent.Await$.$anonfun$result$1(package.scala:201)
	at scala.concurrent.BlockContext$DefaultBlockContext$.blockOn(BlockContext.scala:62)
	at scala.concurrent.Await$.result(package.scala:124)
	at com.bqn.bsecurity.client.CheckConnectionTask.$anonfun$action$1(CheckConnectionTask.scala:11)
	at scala.util.Try$.apply(Try.scala:217)
	at com.bqn.bsecurity.client.CheckConnectionTask.action(CheckConnectionTask.scala:11)
	at com.bqn.tasks.Task.run(Task.scala:72)
	at org.apache.pekko.actor.LightArrayRevolverScheduler$$anon$1$$anon$2.run(LightArrayRevolverScheduler.scala:145)
	at org.apache.pekko.dispatch.TaskInvocation.run(AbstractDispatcher.scala:59)
	at java.base/java.util.concurrent.ThreadPoolExecutor.runWorker(ThreadPoolExecutor.java:1136)
	at java.base/java.util.concurrent.ThreadPoolExecutor$Worker.run(ThreadPoolExecutor.java:635)
	at java.base/java.lang.Thread.run(Thread.java:840)
2026-03-17 05:18:25.506 [TaskController-tasks.scheduler-dispatcher-3527] INFO  c.b.b.client.CheckConnectionTask - Starting task: CheckConnectionTask
2026-03-17 05:18:55.507 [TaskController-tasks.scheduler-dispatcher-3527] WARN  c.b.b.client.CheckConnectionTask - Task CheckConnectionTask failed: Future timed out after [30 seconds]
java.util.concurrent.TimeoutException: Future timed out after [30 seconds]
	at scala.concurrent.impl.Promise$DefaultPromise.tryAwait0(Promise.scala:248)
	at scala.concurrent.impl.Promise$DefaultPromise.result(Promise.scala:261)
	at scala.concurrent.Await$.$anonfun$result$1(package.scala:201)
	at scala.concurrent.BlockContext$DefaultBlockContext$.blockOn(BlockContext.scala:62)
	at scala.concurrent.Await$.result(package.scala:124)
	at com.bqn.bsecurity.client.CheckConnectionTask.$anonfun$action$1(CheckConnectionTask.scala:11)
	at scala.util.Try$.apply(Try.scala:217)
	at com.bqn.bsecurity.client.CheckConnectionTask.action(CheckConnectionTask.scala:11)
	at com.bqn.tasks.Task.run(Task.scala:72)
	at org.apache.pekko.actor.LightArrayRevolverScheduler$$anon$1$$anon$2.run(LightArrayRevolverScheduler.scala:145)
	at org.apache.pekko.dispatch.TaskInvocation.run(AbstractDispatcher.scala:59)
	at java.base/java.util.concurrent.ThreadPoolExecutor.runWorker(ThreadPoolExecutor.java:1136)
	at java.base/java.util.concurrent.ThreadPoolExecutor$Worker.run(ThreadPoolExecutor.java:635)
	at java.base/java.lang.Thread.run(Thread.java:840)
2026-03-17 05:22:18.146 [TaskController-tasks.scheduler-dispatcher-3528] INFO  c.b.b.client.CheckConnectionTask - Starting task: CheckConnectionTask
2026-03-17 05:22:25.827 [TaskController-tasks.scheduler-dispatcher-3529] INFO  c.b.b.client.CheckConnectionTask - Starting task: CheckConnectionTask
2026-03-17 05:22:48.147 [TaskController-tasks.scheduler-dispatcher-3528] WARN  c.b.b.client.CheckConnectionTask - Task CheckConnectionTask failed: Future timed out after [30 seconds]
java.util.concurrent.TimeoutException: Future timed out after [30 seconds]
	at scala.concurrent.impl.Promise$DefaultPromise.tryAwait0(Promise.scala:248)
	at scala.concurrent.impl.Promise$DefaultPromise.result(Promise.scala:261)
	at scala.concurrent.Await$.$anonfun$result$1(package.scala:201)
	at scala.concurrent.BlockContext$DefaultBlockContext$.blockOn(BlockContext.scala:62)
	at scala.concurrent.Await$.result(package.scala:124)
	at com.bqn.bsecurity.client.CheckConnectionTask.$anonfun$action$1(CheckConnectionTask.scala:11)
	at scala.util.Try$.apply(Try.scala:217)
	at com.bqn.bsecurity.client.CheckConnectionTask.action(CheckConnectionTask.scala:11)
	at com.bqn.tasks.Task.run(Task.scala:72)
	at org.apache.pekko.actor.LightArrayRevolverScheduler$$anon$1$$anon$2.run(LightArrayRevolverScheduler.scala:145)
	at org.apache.pekko.dispatch.TaskInvocation.run(AbstractDispatcher.scala:59)
	at java.base/java.util.concurrent.ThreadPoolExecutor.runWorker(ThreadPoolExecutor.java:1136)
	at java.base/java.util.concurrent.ThreadPoolExecutor$Worker.run(ThreadPoolExecutor.java:635)
	at java.base/java.lang.Thread.run(Thread.java:840)
2026-03-17 05:22:55.006 [TaskController-tasks.scheduler-dispatcher-3530] INFO  c.b.b.client.CheckConnectionTask - Starting task: CheckConnectionTask
2026-03-17 05:22:55.827 [TaskController-tasks.scheduler-dispatcher-3529] WARN  c.b.b.client.CheckConnectionTask - Task CheckConnectionTask failed: Future timed out after [30 seconds]
java.util.concurrent.TimeoutException: Future timed out after [30 seconds]
	at scala.concurrent.impl.Promise$DefaultPromise.tryAwait0(Promise.scala:248)
	at scala.concurrent.impl.Promise$DefaultPromise.result(Promise.scala:261)
	at scala.concurrent.Await$.$anonfun$result$1(package.scala:201)
	at scala.concurrent.BlockContext$DefaultBlockContext$.blockOn(BlockContext.scala:62)
	at scala.concurrent.Await$.result(package.scala:124)
	at com.bqn.bsecurity.client.CheckConnectionTask.$anonfun$action$1(CheckConnectionTask.scala:11)
	at scala.util.Try$.apply(Try.scala:217)
	at com.bqn.bsecurity.client.CheckConnectionTask.action(CheckConnectionTask.scala:11)
	at com.bqn.tasks.Task.run(Task.scala:72)
	at org.apache.pekko.actor.LightArrayRevolverScheduler$$anon$1$$anon$2.run(LightArrayRevolverScheduler.scala:145)
	at org.apache.pekko.dispatch.TaskInvocation.run(AbstractDispatcher.scala:59)
	at java.base/java.util.concurrent.ThreadPoolExecutor.runWorker(ThreadPoolExecutor.java:1136)
	at java.base/java.util.concurrent.ThreadPoolExecutor$Worker.run(ThreadPoolExecutor.java:635)
	at java.base/java.lang.Thread.run(Thread.java:840)
2026-03-17 05:23:04.190 [bol-api-pekko.actor.default-dispatcher-11897] DEBUG c.b.b.s.status.GetStatusHandler - Dialog: 9d828aa4-fcf5-41b0-b9b1-b4233043f52f
Start: 2026-03-17T05:23:04.190155104
Request:null
2026-03-17 05:23:04.190 [bol-api-pekko.actor.default-dispatcher-11897] DEBUG c.b.b.s.status.GetStatusHandler - Dialog: 9d828aa4-fcf5-41b0-b9b1-b4233043f52f
Start: 2026-03-17T05:23:04.190155104
Request:null
----------------------------------------
Response:{
  "statusCode" : 200,
  "entity" : {
    "name" : "bol-api",
    "version" : "1.1.0-SNAPSHOT",
    "builtAt" : "2026-02-11T12:34:19",
    "startedAt" : "2026-03-06T11:57:19",
    "currentTime" : "2026-03-17T05:23:04",
    "environment" : "developer",
    "status" : "OK"
  }
}
Duration:0 ms
2026-03-17 05:23:25.006 [TaskController-tasks.scheduler-dispatcher-3530] WARN  c.b.b.client.CheckConnectionTask - Task CheckConnectionTask failed: Future timed out after [30 seconds]
java.util.concurrent.TimeoutException: Future timed out after [30 seconds]
	at scala.concurrent.impl.Promise$DefaultPromise.tryAwait0(Promise.scala:248)
	at scala.concurrent.impl.Promise$DefaultPromise.result(Promise.scala:261)
	at scala.concurrent.Await$.$anonfun$result$1(package.scala:201)
	at scala.concurrent.BlockContext$DefaultBlockContext$.blockOn(BlockContext.scala:62)
	at scala.concurrent.Await$.result(package.scala:124)
	at com.bqn.bsecurity.client.CheckConnectionTask.$anonfun$action$1(CheckConnectionTask.scala:11)
	at scala.util.Try$.apply(Try.scala:217)
	at com.bqn.bsecurity.client.CheckConnectionTask.action(CheckConnectionTask.scala:11)
	at com.bqn.tasks.Task.run(Task.scala:72)
	at org.apache.pekko.actor.LightArrayRevolverScheduler$$anon$1$$anon$2.run(LightArrayRevolverScheduler.scala:145)
	at org.apache.pekko.dispatch.TaskInvocation.run(AbstractDispatcher.scala:59)
	at java.base/java.util.concurrent.ThreadPoolExecutor.runWorker(ThreadPoolExecutor.java:1136)
	at java.base/java.util.concurrent.ThreadPoolExecutor$Worker.run(ThreadPoolExecutor.java:635)
	at java.base/java.lang.Thread.run(Thread.java:840)
2026-03-17 05:28:25.507 [TaskController-tasks.scheduler-dispatcher-3531] INFO  c.b.b.client.CheckConnectionTask - Starting task: CheckConnectionTask
2026-03-17 05:28:55.507 [TaskController-tasks.scheduler-dispatcher-3531] WARN  c.b.b.client.CheckConnectionTask - Task CheckConnectionTask failed: Future timed out after [30 seconds]
java.util.concurrent.TimeoutException: Future timed out after [30 seconds]
	at scala.concurrent.impl.Promise$DefaultPromise.tryAwait0(Promise.scala:248)
	at scala.concurrent.impl.Promise$DefaultPromise.result(Promise.scala:261)
	at scala.concurrent.Await$.$anonfun$result$1(package.scala:201)
	at scala.concurrent.BlockContext$DefaultBlockContext$.blockOn(BlockContext.scala:62)
	at scala.concurrent.Await$.result(package.scala:124)
	at com.bqn.bsecurity.client.CheckConnectionTask.$anonfun$action$1(CheckConnectionTask.scala:11)
	at scala.util.Try$.apply(Try.scala:217)
	at com.bqn.bsecurity.client.CheckConnectionTask.action(CheckConnectionTask.scala:11)
	at com.bqn.tasks.Task.run(Task.scala:72)
	at org.apache.pekko.actor.LightArrayRevolverScheduler$$anon$1$$anon$2.run(LightArrayRevolverScheduler.scala:145)
	at org.apache.pekko.dispatch.TaskInvocation.run(AbstractDispatcher.scala:59)
	at java.base/java.util.concurrent.ThreadPoolExecutor.runWorker(ThreadPoolExecutor.java:1136)
	at java.base/java.util.concurrent.ThreadPoolExecutor$Worker.run(ThreadPoolExecutor.java:635)
	at java.base/java.lang.Thread.run(Thread.java:840)
2026-03-17 05:32:18.147 [TaskController-tasks.scheduler-dispatcher-3532] INFO  c.b.b.client.CheckConnectionTask - Starting task: CheckConnectionTask
2026-03-17 05:32:25.826 [TaskController-tasks.scheduler-dispatcher-3533] INFO  c.b.b.client.CheckConnectionTask - Starting task: CheckConnectionTask
2026-03-17 05:32:48.147 [TaskController-tasks.scheduler-dispatcher-3532] WARN  c.b.b.client.CheckConnectionTask - Task CheckConnectionTask failed: Future timed out after [30 seconds]
java.util.concurrent.TimeoutException: Future timed out after [30 seconds]
	at scala.concurrent.impl.Promise$DefaultPromise.tryAwait0(Promise.scala:248)
	at scala.concurrent.impl.Promise$DefaultPromise.result(Promise.scala:261)
	at scala.concurrent.Await$.$anonfun$result$1(package.scala:201)
	at scala.concurrent.BlockContext$DefaultBlockContext$.blockOn(BlockContext.scala:62)
	at scala.concurrent.Await$.result(package.scala:124)
	at com.bqn.bsecurity.client.CheckConnectionTask.$anonfun$action$1(CheckConnectionTask.scala:11)
	at scala.util.Try$.apply(Try.scala:217)
	at com.bqn.bsecurity.client.CheckConnectionTask.action(CheckConnectionTask.scala:11)
	at com.bqn.tasks.Task.run(Task.scala:72)
	at org.apache.pekko.actor.LightArrayRevolverScheduler$$anon$1$$anon$2.run(LightArrayRevolverScheduler.scala:145)
	at org.apache.pekko.dispatch.TaskInvocation.run(AbstractDispatcher.scala:59)
	at java.base/java.util.concurrent.ThreadPoolExecutor.runWorker(ThreadPoolExecutor.java:1136)
	at java.base/java.util.concurrent.ThreadPoolExecutor$Worker.run(ThreadPoolExecutor.java:635)
	at java.base/java.lang.Thread.run(Thread.java:840)
2026-03-17 05:32:55.006 [TaskController-tasks.scheduler-dispatcher-3534] INFO  c.b.b.client.CheckConnectionTask - Starting task: CheckConnectionTask
2026-03-17 05:32:55.827 [TaskController-tasks.scheduler-dispatcher-3533] WARN  c.b.b.client.CheckConnectionTask - Task CheckConnectionTask failed: Future timed out after [30 seconds]
java.util.concurrent.TimeoutException: Future timed out after [30 seconds]
	at scala.concurrent.impl.Promise$DefaultPromise.tryAwait0(Promise.scala:248)
	at scala.concurrent.impl.Promise$DefaultPromise.result(Promise.scala:261)
	at scala.concurrent.Await$.$anonfun$result$1(package.scala:201)
	at scala.concurrent.BlockContext$DefaultBlockContext$.blockOn(BlockContext.scala:62)
	at scala.concurrent.Await$.result(package.scala:124)
	at com.bqn.bsecurity.client.CheckConnectionTask.$anonfun$action$1(CheckConnectionTask.scala:11)
	at scala.util.Try$.apply(Try.scala:217)
	at com.bqn.bsecurity.client.CheckConnectionTask.action(CheckConnectionTask.scala:11)
	at com.bqn.tasks.Task.run(Task.scala:72)
	at org.apache.pekko.actor.LightArrayRevolverScheduler$$anon$1$$anon$2.run(LightArrayRevolverScheduler.scala:145)
	at org.apache.pekko.dispatch.TaskInvocation.run(AbstractDispatcher.scala:59)
	at java.base/java.util.concurrent.ThreadPoolExecutor.runWorker(ThreadPoolExecutor.java:1136)
	at java.base/java.util.concurrent.ThreadPoolExecutor$Worker.run(ThreadPoolExecutor.java:635)
	at java.base/java.lang.Thread.run(Thread.java:840)
2026-03-17 05:33:04.189 [bol-api-pekko.actor.default-dispatcher-11903] DEBUG c.b.b.s.status.GetStatusHandler - Dialog: 66926e46-1264-47fb-b82d-e2e8c3ebf8be
Start: 2026-03-17T05:33:04.189350576
Request:null
2026-03-17 05:33:04.189 [bol-api-pekko.actor.default-dispatcher-11903] DEBUG c.b.b.s.status.GetStatusHandler - Dialog: 66926e46-1264-47fb-b82d-e2e8c3ebf8be
Start: 2026-03-17T05:33:04.189350576
Request:null
----------------------------------------
Response:{
  "statusCode" : 200,
  "entity" : {
    "name" : "bol-api",
    "version" : "1.1.0-SNAPSHOT",
    "builtAt" : "2026-02-11T12:34:19",
    "startedAt" : "2026-03-06T11:57:19",
    "currentTime" : "2026-03-17T05:33:04",
    "environment" : "developer",
    "status" : "OK"
  }
}
Duration:0 ms
2026-03-17 05:33:25.006 [TaskController-tasks.scheduler-dispatcher-3534] WARN  c.b.b.client.CheckConnectionTask - Task CheckConnectionTask failed: Future timed out after [30 seconds]
java.util.concurrent.TimeoutException: Future timed out after [30 seconds]
	at scala.concurrent.impl.Promise$DefaultPromise.tryAwait0(Promise.scala:248)
	at scala.concurrent.impl.Promise$DefaultPromise.result(Promise.scala:261)
	at scala.concurrent.Await$.$anonfun$result$1(package.scala:201)
	at scala.concurrent.BlockContext$DefaultBlockContext$.blockOn(BlockContext.scala:62)
	at scala.concurrent.Await$.result(package.scala:124)
	at com.bqn.bsecurity.client.CheckConnectionTask.$anonfun$action$1(CheckConnectionTask.scala:11)
	at scala.util.Try$.apply(Try.scala:217)
	at com.bqn.bsecurity.client.CheckConnectionTask.action(CheckConnectionTask.scala:11)
	at com.bqn.tasks.Task.run(Task.scala:72)
	at org.apache.pekko.actor.LightArrayRevolverScheduler$$anon$1$$anon$2.run(LightArrayRevolverScheduler.scala:145)
	at org.apache.pekko.dispatch.TaskInvocation.run(AbstractDispatcher.scala:59)
	at java.base/java.util.concurrent.ThreadPoolExecutor.runWorker(ThreadPoolExecutor.java:1136)
	at java.base/java.util.concurrent.ThreadPoolExecutor$Worker.run(ThreadPoolExecutor.java:635)
	at java.base/java.lang.Thread.run(Thread.java:840)
2026-03-17 05:38:25.507 [TaskController-tasks.scheduler-dispatcher-3535] INFO  c.b.b.client.CheckConnectionTask - Starting task: CheckConnectionTask
2026-03-17 05:38:55.507 [TaskController-tasks.scheduler-dispatcher-3535] WARN  c.b.b.client.CheckConnectionTask - Task CheckConnectionTask failed: Future timed out after [30 seconds]
java.util.concurrent.TimeoutException: Future timed out after [30 seconds]
	at scala.concurrent.impl.Promise$DefaultPromise.tryAwait0(Promise.scala:248)
	at scala.concurrent.impl.Promise$DefaultPromise.result(Promise.scala:261)
	at scala.concurrent.Await$.$anonfun$result$1(package.scala:201)
	at scala.concurrent.BlockContext$DefaultBlockContext$.blockOn(BlockContext.scala:62)
	at scala.concurrent.Await$.result(package.scala:124)
	at com.bqn.bsecurity.client.CheckConnectionTask.$anonfun$action$1(CheckConnectionTask.scala:11)
	at scala.util.Try$.apply(Try.scala:217)
	at com.bqn.bsecurity.client.CheckConnectionTask.action(CheckConnectionTask.scala:11)
	at com.bqn.tasks.Task.run(Task.scala:72)
	at org.apache.pekko.actor.LightArrayRevolverScheduler$$anon$1$$anon$2.run(LightArrayRevolverScheduler.scala:145)
	at org.apache.pekko.dispatch.TaskInvocation.run(AbstractDispatcher.scala:59)
	at java.base/java.util.concurrent.ThreadPoolExecutor.runWorker(ThreadPoolExecutor.java:1136)
	at java.base/java.util.concurrent.ThreadPoolExecutor$Worker.run(ThreadPoolExecutor.java:635)
	at java.base/java.lang.Thread.run(Thread.java:840)
2026-03-17 05:42:18.147 [TaskController-tasks.scheduler-dispatcher-3536] INFO  c.b.b.client.CheckConnectionTask - Starting task: CheckConnectionTask
2026-03-17 05:42:25.837 [TaskController-tasks.scheduler-dispatcher-3537] INFO  c.b.b.client.CheckConnectionTask - Starting task: CheckConnectionTask
2026-03-17 05:42:48.154 [TaskController-tasks.scheduler-dispatcher-3536] WARN  c.b.b.client.CheckConnectionTask - Task CheckConnectionTask failed: Future timed out after [30 seconds]
java.util.concurrent.TimeoutException: Future timed out after [30 seconds]
	at scala.concurrent.impl.Promise$DefaultPromise.tryAwait0(Promise.scala:248)
	at scala.concurrent.impl.Promise$DefaultPromise.result(Promise.scala:261)
	at scala.concurrent.Await$.$anonfun$result$1(package.scala:201)
	at scala.concurrent.BlockContext$DefaultBlockContext$.blockOn(BlockContext.scala:62)
	at scala.concurrent.Await$.result(package.scala:124)
	at com.bqn.bsecurity.client.CheckConnectionTask.$anonfun$action$1(CheckConnectionTask.scala:11)
	at scala.util.Try$.apply(Try.scala:217)
	at com.bqn.bsecurity.client.CheckConnectionTask.action(CheckConnectionTask.scala:11)
	at com.bqn.tasks.Task.run(Task.scala:72)
	at org.apache.pekko.actor.LightArrayRevolverScheduler$$anon$1$$anon$2.run(LightArrayRevolverScheduler.scala:145)
	at org.apache.pekko.dispatch.TaskInvocation.run(AbstractDispatcher.scala:59)
	at java.base/java.util.concurrent.ThreadPoolExecutor.runWorker(ThreadPoolExecutor.java:1136)
	at java.base/java.util.concurrent.ThreadPoolExecutor$Worker.run(ThreadPoolExecutor.java:635)
	at java.base/java.lang.Thread.run(Thread.java:840)
2026-03-17 05:42:54.997 [TaskController-tasks.scheduler-dispatcher-3538] INFO  c.b.b.client.CheckConnectionTask - Starting task: CheckConnectionTask
2026-03-17 05:42:55.837 [TaskController-tasks.scheduler-dispatcher-3537] WARN  c.b.b.client.CheckConnectionTask - Task CheckConnectionTask failed: Future timed out after [30 seconds]
java.util.concurrent.TimeoutException: Future timed out after [30 seconds]
	at scala.concurrent.impl.Promise$DefaultPromise.tryAwait0(Promise.scala:248)
	at scala.concurrent.impl.Promise$DefaultPromise.result(Promise.scala:261)
	at scala.concurrent.Await$.$anonfun$result$1(package.scala:201)
	at scala.concurrent.BlockContext$DefaultBlockContext$.blockOn(BlockContext.scala:62)
	at scala.concurrent.Await$.result(package.scala:124)
	at com.bqn.bsecurity.client.CheckConnectionTask.$anonfun$action$1(CheckConnectionTask.scala:11)
	at scala.util.Try$.apply(Try.scala:217)
	at com.bqn.bsecurity.client.CheckConnectionTask.action(CheckConnectionTask.scala:11)
	at com.bqn.tasks.Task.run(Task.scala:72)
	at org.apache.pekko.actor.LightArrayRevolverScheduler$$anon$1$$anon$2.run(LightArrayRevolverScheduler.scala:145)
	at org.apache.pekko.dispatch.TaskInvocation.run(AbstractDispatcher.scala:59)
	at java.base/java.util.concurrent.ThreadPoolExecutor.runWorker(ThreadPoolExecutor.java:1136)
	at java.base/java.util.concurrent.ThreadPoolExecutor$Worker.run(ThreadPoolExecutor.java:635)
	at java.base/java.lang.Thread.run(Thread.java:840)
2026-03-17 05:43:04.198 [bol-api-pekko.actor.default-dispatcher-11909] DEBUG c.b.b.s.status.GetStatusHandler - Dialog: 1c9a0bf2-0c5f-4b5f-9ad9-18472773e744
Start: 2026-03-17T05:43:04.198167487
Request:null
2026-03-17 05:43:04.198 [bol-api-pekko.actor.default-dispatcher-11909] DEBUG c.b.b.s.status.GetStatusHandler - Dialog: 1c9a0bf2-0c5f-4b5f-9ad9-18472773e744
Start: 2026-03-17T05:43:04.198167487
Request:null
----------------------------------------
Response:{
  "statusCode" : 200,
  "entity" : {
    "name" : "bol-api",
    "version" : "1.1.0-SNAPSHOT",
    "builtAt" : "2026-02-11T12:34:19",
    "startedAt" : "2026-03-06T11:57:19",
    "currentTime" : "2026-03-17T05:43:04",
    "environment" : "developer",
    "status" : "OK"
  }
}
Duration:0 ms
2026-03-17 05:43:24.997 [TaskController-tasks.scheduler-dispatcher-3538] WARN  c.b.b.client.CheckConnectionTask - Task CheckConnectionTask failed: Future timed out after [30 seconds]
java.util.concurrent.TimeoutException: Future timed out after [30 seconds]
	at scala.concurrent.impl.Promise$DefaultPromise.tryAwait0(Promise.scala:248)
	at scala.concurrent.impl.Promise$DefaultPromise.result(Promise.scala:261)
	at scala.concurrent.Await$.$anonfun$result$1(package.scala:201)
	at scala.concurrent.BlockContext$DefaultBlockContext$.blockOn(BlockContext.scala:62)
	at scala.concurrent.Await$.result(package.scala:124)
	at com.bqn.bsecurity.client.CheckConnectionTask.$anonfun$action$1(CheckConnectionTask.scala:11)
	at scala.util.Try$.apply(Try.scala:217)
	at com.bqn.bsecurity.client.CheckConnectionTask.action(CheckConnectionTask.scala:11)
	at com.bqn.tasks.Task.run(Task.scala:72)
	at org.apache.pekko.actor.LightArrayRevolverScheduler$$anon$1$$anon$2.run(LightArrayRevolverScheduler.scala:145)
	at org.apache.pekko.dispatch.TaskInvocation.run(AbstractDispatcher.scala:59)
	at java.base/java.util.concurrent.ThreadPoolExecutor.runWorker(ThreadPoolExecutor.java:1136)
	at java.base/java.util.concurrent.ThreadPoolExecutor$Worker.run(ThreadPoolExecutor.java:635)
	at java.base/java.lang.Thread.run(Thread.java:840)
2026-03-17 05:48:25.507 [TaskController-tasks.scheduler-dispatcher-3539] INFO  c.b.b.client.CheckConnectionTask - Starting task: CheckConnectionTask
2026-03-17 05:48:55.507 [TaskController-tasks.scheduler-dispatcher-3539] WARN  c.b.b.client.CheckConnectionTask - Task CheckConnectionTask failed: Future timed out after [30 seconds]
java.util.concurrent.TimeoutException: Future timed out after [30 seconds]
	at scala.concurrent.impl.Promise$DefaultPromise.tryAwait0(Promise.scala:248)
	at scala.concurrent.impl.Promise$DefaultPromise.result(Promise.scala:261)
	at scala.concurrent.Await$.$anonfun$result$1(package.scala:201)
	at scala.concurrent.BlockContext$DefaultBlockContext$.blockOn(BlockContext.scala:62)
	at scala.concurrent.Await$.result(package.scala:124)
	at com.bqn.bsecurity.client.CheckConnectionTask.$anonfun$action$1(CheckConnectionTask.scala:11)
	at scala.util.Try$.apply(Try.scala:217)
	at com.bqn.bsecurity.client.CheckConnectionTask.action(CheckConnectionTask.scala:11)
	at com.bqn.tasks.Task.run(Task.scala:72)
	at org.apache.pekko.actor.LightArrayRevolverScheduler$$anon$1$$anon$2.run(LightArrayRevolverScheduler.scala:145)
	at org.apache.pekko.dispatch.TaskInvocation.run(AbstractDispatcher.scala:59)
	at java.base/java.util.concurrent.ThreadPoolExecutor.runWorker(ThreadPoolExecutor.java:1136)
	at java.base/java.util.concurrent.ThreadPoolExecutor$Worker.run(ThreadPoolExecutor.java:635)
	at java.base/java.lang.Thread.run(Thread.java:840)
2026-03-17 05:52:18.137 [TaskController-tasks.scheduler-dispatcher-3540] INFO  c.b.b.client.CheckConnectionTask - Starting task: CheckConnectionTask
2026-03-17 05:52:25.827 [TaskController-tasks.scheduler-dispatcher-3541] INFO  c.b.b.client.CheckConnectionTask - Starting task: CheckConnectionTask
2026-03-17 05:52:48.137 [TaskController-tasks.scheduler-dispatcher-3540] WARN  c.b.b.client.CheckConnectionTask - Task CheckConnectionTask failed: Future timed out after [30 seconds]
java.util.concurrent.TimeoutException: Future timed out after [30 seconds]
	at scala.concurrent.impl.Promise$DefaultPromise.tryAwait0(Promise.scala:248)
	at scala.concurrent.impl.Promise$DefaultPromise.result(Promise.scala:261)
	at scala.concurrent.Await$.$anonfun$result$1(package.scala:201)
	at scala.concurrent.BlockContext$DefaultBlockContext$.blockOn(BlockContext.scala:62)
	at scala.concurrent.Await$.result(package.scala:124)
	at com.bqn.bsecurity.client.CheckConnectionTask.$anonfun$action$1(CheckConnectionTask.scala:11)
	at scala.util.Try$.apply(Try.scala:217)
	at com.bqn.bsecurity.client.CheckConnectionTask.action(CheckConnectionTask.scala:11)
	at com.bqn.tasks.Task.run(Task.scala:72)
	at org.apache.pekko.actor.LightArrayRevolverScheduler$$anon$1$$anon$2.run(LightArrayRevolverScheduler.scala:145)
	at org.apache.pekko.dispatch.TaskInvocation.run(AbstractDispatcher.scala:59)
	at java.base/java.util.concurrent.ThreadPoolExecutor.runWorker(ThreadPoolExecutor.java:1136)
	at java.base/java.util.concurrent.ThreadPoolExecutor$Worker.run(ThreadPoolExecutor.java:635)
	at java.base/java.lang.Thread.run(Thread.java:840)
2026-03-17 05:52:55.006 [TaskController-tasks.scheduler-dispatcher-3542] INFO  c.b.b.client.CheckConnectionTask - Starting task: CheckConnectionTask
2026-03-17 05:52:55.827 [TaskController-tasks.scheduler-dispatcher-3541] WARN  c.b.b.client.CheckConnectionTask - Task CheckConnectionTask failed: Future timed out after [30 seconds]
java.util.concurrent.TimeoutException: Future timed out after [30 seconds]
	at scala.concurrent.impl.Promise$DefaultPromise.tryAwait0(Promise.scala:248)
	at scala.concurrent.impl.Promise$DefaultPromise.result(Promise.scala:261)
	at scala.concurrent.Await$.$anonfun$result$1(package.scala:201)
	at scala.concurrent.BlockContext$DefaultBlockContext$.blockOn(BlockContext.scala:62)
	at scala.concurrent.Await$.result(package.scala:124)
	at com.bqn.bsecurity.client.CheckConnectionTask.$anonfun$action$1(CheckConnectionTask.scala:11)
	at scala.util.Try$.apply(Try.scala:217)
	at com.bqn.bsecurity.client.CheckConnectionTask.action(CheckConnectionTask.scala:11)
	at com.bqn.tasks.Task.run(Task.scala:72)
	at org.apache.pekko.actor.LightArrayRevolverScheduler$$anon$1$$anon$2.run(LightArrayRevolverScheduler.scala:145)
	at org.apache.pekko.dispatch.TaskInvocation.run(AbstractDispatcher.scala:59)
	at java.base/java.util.concurrent.ThreadPoolExecutor.runWorker(ThreadPoolExecutor.java:1136)
	at java.base/java.util.concurrent.ThreadPoolExecutor$Worker.run(ThreadPoolExecutor.java:635)
	at java.base/java.lang.Thread.run(Thread.java:840)
2026-03-17 05:53:04.189 [bol-api-pekko.actor.default-dispatcher-11915] DEBUG c.b.b.s.status.GetStatusHandler - Dialog: ad4763cf-9402-4baa-92f6-8d44554a956b
Start: 2026-03-17T05:53:04.189954314
Request:null
2026-03-17 05:53:04.190 [bol-api-pekko.actor.default-dispatcher-11915] DEBUG c.b.b.s.status.GetStatusHandler - Dialog: ad4763cf-9402-4baa-92f6-8d44554a956b
Start: 2026-03-17T05:53:04.189954314
Request:null
----------------------------------------
Response:{
  "statusCode" : 200,
  "entity" : {
    "name" : "bol-api",
    "version" : "1.1.0-SNAPSHOT",
    "builtAt" : "2026-02-11T12:34:19",
    "startedAt" : "2026-03-06T11:57:19",
    "currentTime" : "2026-03-17T05:53:04",
    "environment" : "developer",
    "status" : "OK"
  }
}
Duration:0 ms
2026-03-17 05:53:25.007 [TaskController-tasks.scheduler-dispatcher-3542] WARN  c.b.b.client.CheckConnectionTask - Task CheckConnectionTask failed: Future timed out after [30 seconds]
java.util.concurrent.TimeoutException: Future timed out after [30 seconds]
	at scala.concurrent.impl.Promise$DefaultPromise.tryAwait0(Promise.scala:248)
	at scala.concurrent.impl.Promise$DefaultPromise.result(Promise.scala:261)
	at scala.concurrent.Await$.$anonfun$result$1(package.scala:201)
	at scala.concurrent.BlockContext$DefaultBlockContext$.blockOn(BlockContext.scala:62)
	at scala.concurrent.Await$.result(package.scala:124)
	at com.bqn.bsecurity.client.CheckConnectionTask.$anonfun$action$1(CheckConnectionTask.scala:11)
	at scala.util.Try$.apply(Try.scala:217)
	at com.bqn.bsecurity.client.CheckConnectionTask.action(CheckConnectionTask.scala:11)
	at com.bqn.tasks.Task.run(Task.scala:72)
	at org.apache.pekko.actor.LightArrayRevolverScheduler$$anon$1$$anon$2.run(LightArrayRevolverScheduler.scala:145)
	at org.apache.pekko.dispatch.TaskInvocation.run(AbstractDispatcher.scala:59)
	at java.base/java.util.concurrent.ThreadPoolExecutor.runWorker(ThreadPoolExecutor.java:1136)
	at java.base/java.util.concurrent.ThreadPoolExecutor$Worker.run(ThreadPoolExecutor.java:635)
	at java.base/java.lang.Thread.run(Thread.java:840)
2026-03-17 05:58:25.506 [TaskController-tasks.scheduler-dispatcher-3543] INFO  c.b.b.client.CheckConnectionTask - Starting task: CheckConnectionTask
2026-03-17 05:58:55.507 [TaskController-tasks.scheduler-dispatcher-3543] WARN  c.b.b.client.CheckConnectionTask - Task CheckConnectionTask failed: Future timed out after [30 seconds]
java.util.concurrent.TimeoutException: Future timed out after [30 seconds]
	at scala.concurrent.impl.Promise$DefaultPromise.tryAwait0(Promise.scala:248)
	at scala.concurrent.impl.Promise$DefaultPromise.result(Promise.scala:261)
	at scala.concurrent.Await$.$anonfun$result$1(package.scala:201)
	at scala.concurrent.BlockContext$DefaultBlockContext$.blockOn(BlockContext.scala:62)
	at scala.concurrent.Await$.result(package.scala:124)
	at com.bqn.bsecurity.client.CheckConnectionTask.$anonfun$action$1(CheckConnectionTask.scala:11)
	at scala.util.Try$.apply(Try.scala:217)
	at com.bqn.bsecurity.client.CheckConnectionTask.action(CheckConnectionTask.scala:11)
	at com.bqn.tasks.Task.run(Task.scala:72)
	at org.apache.pekko.actor.LightArrayRevolverScheduler$$anon$1$$anon$2.run(LightArrayRevolverScheduler.scala:145)
	at org.apache.pekko.dispatch.TaskInvocation.run(AbstractDispatcher.scala:59)
	at java.base/java.util.concurrent.ThreadPoolExecutor.runWorker(ThreadPoolExecutor.java:1136)
	at java.base/java.util.concurrent.ThreadPoolExecutor$Worker.run(ThreadPoolExecutor.java:635)
	at java.base/java.lang.Thread.run(Thread.java:840)
2026-03-17 06:02:18.147 [TaskController-tasks.scheduler-dispatcher-3544] INFO  c.b.b.client.CheckConnectionTask - Starting task: CheckConnectionTask
2026-03-17 06:02:25.827 [TaskController-tasks.scheduler-dispatcher-3545] INFO  c.b.b.client.CheckConnectionTask - Starting task: CheckConnectionTask
2026-03-17 06:02:48.147 [TaskController-tasks.scheduler-dispatcher-3544] WARN  c.b.b.client.CheckConnectionTask - Task CheckConnectionTask failed: Future timed out after [30 seconds]
java.util.concurrent.TimeoutException: Future timed out after [30 seconds]
	at scala.concurrent.impl.Promise$DefaultPromise.tryAwait0(Promise.scala:248)
	at scala.concurrent.impl.Promise$DefaultPromise.result(Promise.scala:261)
	at scala.concurrent.Await$.$anonfun$result$1(package.scala:201)
	at scala.concurrent.BlockContext$DefaultBlockContext$.blockOn(BlockContext.scala:62)
	at scala.concurrent.Await$.result(package.scala:124)
	at com.bqn.bsecurity.client.CheckConnectionTask.$anonfun$action$1(CheckConnectionTask.scala:11)
	at scala.util.Try$.apply(Try.scala:217)
	at com.bqn.bsecurity.client.CheckConnectionTask.action(CheckConnectionTask.scala:11)
	at com.bqn.tasks.Task.run(Task.scala:72)
	at org.apache.pekko.actor.LightArrayRevolverScheduler$$anon$1$$anon$2.run(LightArrayRevolverScheduler.scala:145)
	at org.apache.pekko.dispatch.TaskInvocation.run(AbstractDispatcher.scala:59)
	at java.base/java.util.concurrent.ThreadPoolExecutor.runWorker(ThreadPoolExecutor.java:1136)
	at java.base/java.util.concurrent.ThreadPoolExecutor$Worker.run(ThreadPoolExecutor.java:635)
	at java.base/java.lang.Thread.run(Thread.java:840)
2026-03-17 06:02:55.006 [TaskController-tasks.scheduler-dispatcher-3546] INFO  c.b.b.client.CheckConnectionTask - Starting task: CheckConnectionTask
2026-03-17 06:02:55.827 [TaskController-tasks.scheduler-dispatcher-3545] WARN  c.b.b.client.CheckConnectionTask - Task CheckConnectionTask failed: Future timed out after [30 seconds]
java.util.concurrent.TimeoutException: Future timed out after [30 seconds]
	at scala.concurrent.impl.Promise$DefaultPromise.tryAwait0(Promise.scala:248)
	at scala.concurrent.impl.Promise$DefaultPromise.result(Promise.scala:261)
	at scala.concurrent.Await$.$anonfun$result$1(package.scala:201)
	at scala.concurrent.BlockContext$DefaultBlockContext$.blockOn(BlockContext.scala:62)
	at scala.concurrent.Await$.result(package.scala:124)
	at com.bqn.bsecurity.client.CheckConnectionTask.$anonfun$action$1(CheckConnectionTask.scala:11)
	at scala.util.Try$.apply(Try.scala:217)
	at com.bqn.bsecurity.client.CheckConnectionTask.action(CheckConnectionTask.scala:11)
	at com.bqn.tasks.Task.run(Task.scala:72)
	at org.apache.pekko.actor.LightArrayRevolverScheduler$$anon$1$$anon$2.run(LightArrayRevolverScheduler.scala:145)
	at org.apache.pekko.dispatch.TaskInvocation.run(AbstractDispatcher.scala:59)
	at java.base/java.util.concurrent.ThreadPoolExecutor.runWorker(ThreadPoolExecutor.java:1136)
	at java.base/java.util.concurrent.ThreadPoolExecutor$Worker.run(ThreadPoolExecutor.java:635)
	at java.base/java.lang.Thread.run(Thread.java:840)
2026-03-17 06:03:04.191 [bol-api-pekko.actor.default-dispatcher-11921] DEBUG c.b.b.s.status.GetStatusHandler - Dialog: 9ddec29b-6798-4036-95b5-76545e73def8
Start: 2026-03-17T06:03:04.191214587
Request:null
2026-03-17 06:03:04.191 [bol-api-pekko.actor.default-dispatcher-11921] DEBUG c.b.b.s.status.GetStatusHandler - Dialog: 9ddec29b-6798-4036-95b5-76545e73def8
Start: 2026-03-17T06:03:04.191214587
Request:null
----------------------------------------
Response:{
  "statusCode" : 200,
  "entity" : {
    "name" : "bol-api",
    "version" : "1.1.0-SNAPSHOT",
    "builtAt" : "2026-02-11T12:34:19",
    "startedAt" : "2026-03-06T11:57:19",
    "currentTime" : "2026-03-17T06:03:04",
    "environment" : "developer",
    "status" : "OK"
  }
}
Duration:0 ms
2026-03-17 06:03:25.007 [TaskController-tasks.scheduler-dispatcher-3546] WARN  c.b.b.client.CheckConnectionTask - Task CheckConnectionTask failed: Future timed out after [30 seconds]
java.util.concurrent.TimeoutException: Future timed out after [30 seconds]
	at scala.concurrent.impl.Promise$DefaultPromise.tryAwait0(Promise.scala:248)
	at scala.concurrent.impl.Promise$DefaultPromise.result(Promise.scala:261)
	at scala.concurrent.Await$.$anonfun$result$1(package.scala:201)
	at scala.concurrent.BlockContext$DefaultBlockContext$.blockOn(BlockContext.scala:62)
	at scala.concurrent.Await$.result(package.scala:124)
	at com.bqn.bsecurity.client.CheckConnectionTask.$anonfun$action$1(CheckConnectionTask.scala:11)
	at scala.util.Try$.apply(Try.scala:217)
	at com.bqn.bsecurity.client.CheckConnectionTask.action(CheckConnectionTask.scala:11)
	at com.bqn.tasks.Task.run(Task.scala:72)
	at org.apache.pekko.actor.LightArrayRevolverScheduler$$anon$1$$anon$2.run(LightArrayRevolverScheduler.scala:145)
	at org.apache.pekko.dispatch.TaskInvocation.run(AbstractDispatcher.scala:59)
	at java.base/java.util.concurrent.ThreadPoolExecutor.runWorker(ThreadPoolExecutor.java:1136)
	at java.base/java.util.concurrent.ThreadPoolExecutor$Worker.run(ThreadPoolExecutor.java:635)
	at java.base/java.lang.Thread.run(Thread.java:840)
2026-03-17 06:08:25.506 [TaskController-tasks.scheduler-dispatcher-3547] INFO  c.b.b.client.CheckConnectionTask - Starting task: CheckConnectionTask
2026-03-17 06:08:55.506 [TaskController-tasks.scheduler-dispatcher-3547] WARN  c.b.b.client.CheckConnectionTask - Task CheckConnectionTask failed: Future timed out after [30 seconds]
java.util.concurrent.TimeoutException: Future timed out after [30 seconds]
	at scala.concurrent.impl.Promise$DefaultPromise.tryAwait0(Promise.scala:248)
	at scala.concurrent.impl.Promise$DefaultPromise.result(Promise.scala:261)
	at scala.concurrent.Await$.$anonfun$result$1(package.scala:201)
	at scala.concurrent.BlockContext$DefaultBlockContext$.blockOn(BlockContext.scala:62)
	at scala.concurrent.Await$.result(package.scala:124)
	at com.bqn.bsecurity.client.CheckConnectionTask.$anonfun$action$1(CheckConnectionTask.scala:11)
	at scala.util.Try$.apply(Try.scala:217)
	at com.bqn.bsecurity.client.CheckConnectionTask.action(CheckConnectionTask.scala:11)
	at com.bqn.tasks.Task.run(Task.scala:72)
	at org.apache.pekko.actor.LightArrayRevolverScheduler$$anon$1$$anon$2.run(LightArrayRevolverScheduler.scala:145)
	at org.apache.pekko.dispatch.TaskInvocation.run(AbstractDispatcher.scala:59)
	at java.base/java.util.concurrent.ThreadPoolExecutor.runWorker(ThreadPoolExecutor.java:1136)
	at java.base/java.util.concurrent.ThreadPoolExecutor$Worker.run(ThreadPoolExecutor.java:635)
	at java.base/java.lang.Thread.run(Thread.java:840)
2026-03-17 06:12:18.147 [TaskController-tasks.scheduler-dispatcher-3548] INFO  c.b.b.client.CheckConnectionTask - Starting task: CheckConnectionTask
2026-03-17 06:12:25.827 [TaskController-tasks.scheduler-dispatcher-3549] INFO  c.b.b.client.CheckConnectionTask - Starting task: CheckConnectionTask
2026-03-17 06:12:48.147 [TaskController-tasks.scheduler-dispatcher-3548] WARN  c.b.b.client.CheckConnectionTask - Task CheckConnectionTask failed: Future timed out after [30 seconds]
java.util.concurrent.TimeoutException: Future timed out after [30 seconds]
	at scala.concurrent.impl.Promise$DefaultPromise.tryAwait0(Promise.scala:248)
	at scala.concurrent.impl.Promise$DefaultPromise.result(Promise.scala:261)
	at scala.concurrent.Await$.$anonfun$result$1(package.scala:201)
	at scala.concurrent.BlockContext$DefaultBlockContext$.blockOn(BlockContext.scala:62)
	at scala.concurrent.Await$.result(package.scala:124)
	at com.bqn.bsecurity.client.CheckConnectionTask.$anonfun$action$1(CheckConnectionTask.scala:11)
	at scala.util.Try$.apply(Try.scala:217)
	at com.bqn.bsecurity.client.CheckConnectionTask.action(CheckConnectionTask.scala:11)
	at com.bqn.tasks.Task.run(Task.scala:72)
	at org.apache.pekko.actor.LightArrayRevolverScheduler$$anon$1$$anon$2.run(LightArrayRevolverScheduler.scala:145)
	at org.apache.pekko.dispatch.TaskInvocation.run(AbstractDispatcher.scala:59)
	at java.base/java.util.concurrent.ThreadPoolExecutor.runWorker(ThreadPoolExecutor.java:1136)
	at java.base/java.util.concurrent.ThreadPoolExecutor$Worker.run(ThreadPoolExecutor.java:635)
	at java.base/java.lang.Thread.run(Thread.java:840)
2026-03-17 06:12:55.007 [TaskController-tasks.scheduler-dispatcher-3550] INFO  c.b.b.client.CheckConnectionTask - Starting task: CheckConnectionTask
2026-03-17 06:12:55.827 [TaskController-tasks.scheduler-dispatcher-3549] WARN  c.b.b.client.CheckConnectionTask - Task CheckConnectionTask failed: Future timed out after [30 seconds]
java.util.concurrent.TimeoutException: Future timed out after [30 seconds]
	at scala.concurrent.impl.Promise$DefaultPromise.tryAwait0(Promise.scala:248)
	at scala.concurrent.impl.Promise$DefaultPromise.result(Promise.scala:261)
	at scala.concurrent.Await$.$anonfun$result$1(package.scala:201)
	at scala.concurrent.BlockContext$DefaultBlockContext$.blockOn(BlockContext.scala:62)
	at scala.concurrent.Await$.result(package.scala:124)
	at com.bqn.bsecurity.client.CheckConnectionTask.$anonfun$action$1(CheckConnectionTask.scala:11)
	at scala.util.Try$.apply(Try.scala:217)
	at com.bqn.bsecurity.client.CheckConnectionTask.action(CheckConnectionTask.scala:11)
	at com.bqn.tasks.Task.run(Task.scala:72)
	at org.apache.pekko.actor.LightArrayRevolverScheduler$$anon$1$$anon$2.run(LightArrayRevolverScheduler.scala:145)
	at org.apache.pekko.dispatch.TaskInvocation.run(AbstractDispatcher.scala:59)
	at java.base/java.util.concurrent.ThreadPoolExecutor.runWorker(ThreadPoolExecutor.java:1136)
	at java.base/java.util.concurrent.ThreadPoolExecutor$Worker.run(ThreadPoolExecutor.java:635)
	at java.base/java.lang.Thread.run(Thread.java:840)
2026-03-17 06:13:04.191 [bol-api-pekko.actor.default-dispatcher-11927] DEBUG c.b.b.s.status.GetStatusHandler - Dialog: b944114a-895b-47d4-b003-c8c71ce62e68
Start: 2026-03-17T06:13:04.191274541
Request:null
2026-03-17 06:13:04.191 [bol-api-pekko.actor.default-dispatcher-11927] DEBUG c.b.b.s.status.GetStatusHandler - Dialog: b944114a-895b-47d4-b003-c8c71ce62e68
Start: 2026-03-17T06:13:04.191274541
Request:null
----------------------------------------
Response:{
  "statusCode" : 200,
  "entity" : {
    "name" : "bol-api",
    "version" : "1.1.0-SNAPSHOT",
    "builtAt" : "2026-02-11T12:34:19",
    "startedAt" : "2026-03-06T11:57:19",
    "currentTime" : "2026-03-17T06:13:04",
    "environment" : "developer",
    "status" : "OK"
  }
}
Duration:0 ms
2026-03-17 06:13:25.007 [TaskController-tasks.scheduler-dispatcher-3550] WARN  c.b.b.client.CheckConnectionTask - Task CheckConnectionTask failed: Future timed out after [30 seconds]
java.util.concurrent.TimeoutException: Future timed out after [30 seconds]
	at scala.concurrent.impl.Promise$DefaultPromise.tryAwait0(Promise.scala:248)
	at scala.concurrent.impl.Promise$DefaultPromise.result(Promise.scala:261)
	at scala.concurrent.Await$.$anonfun$result$1(package.scala:201)
	at scala.concurrent.BlockContext$DefaultBlockContext$.blockOn(BlockContext.scala:62)
	at scala.concurrent.Await$.result(package.scala:124)
	at com.bqn.bsecurity.client.CheckConnectionTask.$anonfun$action$1(CheckConnectionTask.scala:11)
	at scala.util.Try$.apply(Try.scala:217)
	at com.bqn.bsecurity.client.CheckConnectionTask.action(CheckConnectionTask.scala:11)
	at com.bqn.tasks.Task.run(Task.scala:72)
	at org.apache.pekko.actor.LightArrayRevolverScheduler$$anon$1$$anon$2.run(LightArrayRevolverScheduler.scala:145)
	at org.apache.pekko.dispatch.TaskInvocation.run(AbstractDispatcher.scala:59)
	at java.base/java.util.concurrent.ThreadPoolExecutor.runWorker(ThreadPoolExecutor.java:1136)
	at java.base/java.util.concurrent.ThreadPoolExecutor$Worker.run(ThreadPoolExecutor.java:635)
	at java.base/java.lang.Thread.run(Thread.java:840)
2026-03-17 06:18:25.507 [TaskController-tasks.scheduler-dispatcher-3551] INFO  c.b.b.client.CheckConnectionTask - Starting task: CheckConnectionTask
2026-03-17 06:18:55.507 [TaskController-tasks.scheduler-dispatcher-3551] WARN  c.b.b.client.CheckConnectionTask - Task CheckConnectionTask failed: Future timed out after [30 seconds]
java.util.concurrent.TimeoutException: Future timed out after [30 seconds]
	at scala.concurrent.impl.Promise$DefaultPromise.tryAwait0(Promise.scala:248)
	at scala.concurrent.impl.Promise$DefaultPromise.result(Promise.scala:261)
	at scala.concurrent.Await$.$anonfun$result$1(package.scala:201)
	at scala.concurrent.BlockContext$DefaultBlockContext$.blockOn(BlockContext.scala:62)
	at scala.concurrent.Await$.result(package.scala:124)
	at com.bqn.bsecurity.client.CheckConnectionTask.$anonfun$action$1(CheckConnectionTask.scala:11)
	at scala.util.Try$.apply(Try.scala:217)
	at com.bqn.bsecurity.client.CheckConnectionTask.action(CheckConnectionTask.scala:11)
	at com.bqn.tasks.Task.run(Task.scala:72)
	at org.apache.pekko.actor.LightArrayRevolverScheduler$$anon$1$$anon$2.run(LightArrayRevolverScheduler.scala:145)
	at org.apache.pekko.dispatch.TaskInvocation.run(AbstractDispatcher.scala:59)
	at java.base/java.util.concurrent.ThreadPoolExecutor.runWorker(ThreadPoolExecutor.java:1136)
	at java.base/java.util.concurrent.ThreadPoolExecutor$Worker.run(ThreadPoolExecutor.java:635)
	at java.base/java.lang.Thread.run(Thread.java:840)
2026-03-17 06:22:18.147 [TaskController-tasks.scheduler-dispatcher-3552] INFO  c.b.b.client.CheckConnectionTask - Starting task: CheckConnectionTask
2026-03-17 06:22:25.836 [TaskController-tasks.scheduler-dispatcher-3553] INFO  c.b.b.client.CheckConnectionTask - Starting task: CheckConnectionTask
2026-03-17 06:22:48.147 [TaskController-tasks.scheduler-dispatcher-3552] WARN  c.b.b.client.CheckConnectionTask - Task CheckConnectionTask failed: Future timed out after [30 seconds]
java.util.concurrent.TimeoutException: Future timed out after [30 seconds]
	at scala.concurrent.impl.Promise$DefaultPromise.tryAwait0(Promise.scala:248)
	at scala.concurrent.impl.Promise$DefaultPromise.result(Promise.scala:261)
	at scala.concurrent.Await$.$anonfun$result$1(package.scala:201)
	at scala.concurrent.BlockContext$DefaultBlockContext$.blockOn(BlockContext.scala:62)
	at scala.concurrent.Await$.result(package.scala:124)
	at com.bqn.bsecurity.client.CheckConnectionTask.$anonfun$action$1(CheckConnectionTask.scala:11)
	at scala.util.Try$.apply(Try.scala:217)
	at com.bqn.bsecurity.client.CheckConnectionTask.action(CheckConnectionTask.scala:11)
	at com.bqn.tasks.Task.run(Task.scala:72)
	at org.apache.pekko.actor.LightArrayRevolverScheduler$$anon$1$$anon$2.run(LightArrayRevolverScheduler.scala:145)
	at org.apache.pekko.dispatch.TaskInvocation.run(AbstractDispatcher.scala:59)
	at java.base/java.util.concurrent.ThreadPoolExecutor.runWorker(ThreadPoolExecutor.java:1136)
	at java.base/java.util.concurrent.ThreadPoolExecutor$Worker.run(ThreadPoolExecutor.java:635)
	at java.base/java.lang.Thread.run(Thread.java:840)
2026-03-17 06:22:55.006 [TaskController-tasks.scheduler-dispatcher-3554] INFO  c.b.b.client.CheckConnectionTask - Starting task: CheckConnectionTask
2026-03-17 06:22:55.836 [TaskController-tasks.scheduler-dispatcher-3553] WARN  c.b.b.client.CheckConnectionTask - Task CheckConnectionTask failed: Future timed out after [30 seconds]
java.util.concurrent.TimeoutException: Future timed out after [30 seconds]
	at scala.concurrent.impl.Promise$DefaultPromise.tryAwait0(Promise.scala:248)
	at scala.concurrent.impl.Promise$DefaultPromise.result(Promise.scala:261)
	at scala.concurrent.Await$.$anonfun$result$1(package.scala:201)
	at scala.concurrent.BlockContext$DefaultBlockContext$.blockOn(BlockContext.scala:62)
	at scala.concurrent.Await$.result(package.scala:124)
	at com.bqn.bsecurity.client.CheckConnectionTask.$anonfun$action$1(CheckConnectionTask.scala:11)
	at scala.util.Try$.apply(Try.scala:217)
	at com.bqn.bsecurity.client.CheckConnectionTask.action(CheckConnectionTask.scala:11)
	at com.bqn.tasks.Task.run(Task.scala:72)
	at org.apache.pekko.actor.LightArrayRevolverScheduler$$anon$1$$anon$2.run(LightArrayRevolverScheduler.scala:145)
	at org.apache.pekko.dispatch.TaskInvocation.run(AbstractDispatcher.scala:59)
	at java.base/java.util.concurrent.ThreadPoolExecutor.runWorker(ThreadPoolExecutor.java:1136)
	at java.base/java.util.concurrent.ThreadPoolExecutor$Worker.run(ThreadPoolExecutor.java:635)
	at java.base/java.lang.Thread.run(Thread.java:840)
2026-03-17 06:23:04.190 [bol-api-pekko.actor.default-dispatcher-11933] DEBUG c.b.b.s.status.GetStatusHandler - Dialog: 2fb55755-0081-423b-a203-0953f3bdf117
Start: 2026-03-17T06:23:04.190040883
Request:null
2026-03-17 06:23:04.190 [bol-api-pekko.actor.default-dispatcher-11933] DEBUG c.b.b.s.status.GetStatusHandler - Dialog: 2fb55755-0081-423b-a203-0953f3bdf117
Start: 2026-03-17T06:23:04.190040883
Request:null
----------------------------------------
Response:{
  "statusCode" : 200,
  "entity" : {
    "name" : "bol-api",
    "version" : "1.1.0-SNAPSHOT",
    "builtAt" : "2026-02-11T12:34:19",
    "startedAt" : "2026-03-06T11:57:19",
    "currentTime" : "2026-03-17T06:23:04",
    "environment" : "developer",
    "status" : "OK"
  }
}
Duration:0 ms
2026-03-17 06:23:25.007 [TaskController-tasks.scheduler-dispatcher-3554] WARN  c.b.b.client.CheckConnectionTask - Task CheckConnectionTask failed: Future timed out after [30 seconds]
java.util.concurrent.TimeoutException: Future timed out after [30 seconds]
	at scala.concurrent.impl.Promise$DefaultPromise.tryAwait0(Promise.scala:248)
	at scala.concurrent.impl.Promise$DefaultPromise.result(Promise.scala:261)
	at scala.concurrent.Await$.$anonfun$result$1(package.scala:201)
	at scala.concurrent.BlockContext$DefaultBlockContext$.blockOn(BlockContext.scala:62)
	at scala.concurrent.Await$.result(package.scala:124)
	at com.bqn.bsecurity.client.CheckConnectionTask.$anonfun$action$1(CheckConnectionTask.scala:11)
	at scala.util.Try$.apply(Try.scala:217)
	at com.bqn.bsecurity.client.CheckConnectionTask.action(CheckConnectionTask.scala:11)
	at com.bqn.tasks.Task.run(Task.scala:72)
	at org.apache.pekko.actor.LightArrayRevolverScheduler$$anon$1$$anon$2.run(LightArrayRevolverScheduler.scala:145)
	at org.apache.pekko.dispatch.TaskInvocation.run(AbstractDispatcher.scala:59)
	at java.base/java.util.concurrent.ThreadPoolExecutor.runWorker(ThreadPoolExecutor.java:1136)
	at java.base/java.util.concurrent.ThreadPoolExecutor$Worker.run(ThreadPoolExecutor.java:635)
	at java.base/java.lang.Thread.run(Thread.java:840)
2026-03-17 06:28:25.507 [TaskController-tasks.scheduler-dispatcher-3555] INFO  c.b.b.client.CheckConnectionTask - Starting task: CheckConnectionTask
2026-03-17 06:28:55.507 [TaskController-tasks.scheduler-dispatcher-3555] WARN  c.b.b.client.CheckConnectionTask - Task CheckConnectionTask failed: Future timed out after [30 seconds]
java.util.concurrent.TimeoutException: Future timed out after [30 seconds]
	at scala.concurrent.impl.Promise$DefaultPromise.tryAwait0(Promise.scala:248)
	at scala.concurrent.impl.Promise$DefaultPromise.result(Promise.scala:261)
	at scala.concurrent.Await$.$anonfun$result$1(package.scala:201)
	at scala.concurrent.BlockContext$DefaultBlockContext$.blockOn(BlockContext.scala:62)
	at scala.concurrent.Await$.result(package.scala:124)
	at com.bqn.bsecurity.client.CheckConnectionTask.$anonfun$action$1(CheckConnectionTask.scala:11)
	at scala.util.Try$.apply(Try.scala:217)
	at com.bqn.bsecurity.client.CheckConnectionTask.action(CheckConnectionTask.scala:11)
	at com.bqn.tasks.Task.run(Task.scala:72)
	at org.apache.pekko.actor.LightArrayRevolverScheduler$$anon$1$$anon$2.run(LightArrayRevolverScheduler.scala:145)
	at org.apache.pekko.dispatch.TaskInvocation.run(AbstractDispatcher.scala:59)
	at java.base/java.util.concurrent.ThreadPoolExecutor.runWorker(ThreadPoolExecutor.java:1136)
	at java.base/java.util.concurrent.ThreadPoolExecutor$Worker.run(ThreadPoolExecutor.java:635)
	at java.base/java.lang.Thread.run(Thread.java:840)
2026-03-17 06:32:18.146 [TaskController-tasks.scheduler-dispatcher-3556] INFO  c.b.b.client.CheckConnectionTask - Starting task: CheckConnectionTask
2026-03-17 06:32:25.826 [TaskController-tasks.scheduler-dispatcher-3557] INFO  c.b.b.client.CheckConnectionTask - Starting task: CheckConnectionTask
2026-03-17 06:32:48.146 [TaskController-tasks.scheduler-dispatcher-3556] WARN  c.b.b.client.CheckConnectionTask - Task CheckConnectionTask failed: Future timed out after [30 seconds]
java.util.concurrent.TimeoutException: Future timed out after [30 seconds]
	at scala.concurrent.impl.Promise$DefaultPromise.tryAwait0(Promise.scala:248)
	at scala.concurrent.impl.Promise$DefaultPromise.result(Promise.scala:261)
	at scala.concurrent.Await$.$anonfun$result$1(package.scala:201)
	at scala.concurrent.BlockContext$DefaultBlockContext$.blockOn(BlockContext.scala:62)
	at scala.concurrent.Await$.result(package.scala:124)
	at com.bqn.bsecurity.client.CheckConnectionTask.$anonfun$action$1(CheckConnectionTask.scala:11)
	at scala.util.Try$.apply(Try.scala:217)
	at com.bqn.bsecurity.client.CheckConnectionTask.action(CheckConnectionTask.scala:11)
	at com.bqn.tasks.Task.run(Task.scala:72)
	at org.apache.pekko.actor.LightArrayRevolverScheduler$$anon$1$$anon$2.run(LightArrayRevolverScheduler.scala:145)
	at org.apache.pekko.dispatch.TaskInvocation.run(AbstractDispatcher.scala:59)
	at java.base/java.util.concurrent.ThreadPoolExecutor.runWorker(ThreadPoolExecutor.java:1136)
	at java.base/java.util.concurrent.ThreadPoolExecutor$Worker.run(ThreadPoolExecutor.java:635)
	at java.base/java.lang.Thread.run(Thread.java:840)
2026-03-17 06:32:55.006 [TaskController-tasks.scheduler-dispatcher-3558] INFO  c.b.b.client.CheckConnectionTask - Starting task: CheckConnectionTask
2026-03-17 06:32:55.827 [TaskController-tasks.scheduler-dispatcher-3557] WARN  c.b.b.client.CheckConnectionTask - Task CheckConnectionTask failed: Future timed out after [30 seconds]
java.util.concurrent.TimeoutException: Future timed out after [30 seconds]
	at scala.concurrent.impl.Promise$DefaultPromise.tryAwait0(Promise.scala:248)
	at scala.concurrent.impl.Promise$DefaultPromise.result(Promise.scala:261)
	at scala.concurrent.Await$.$anonfun$result$1(package.scala:201)
	at scala.concurrent.BlockContext$DefaultBlockContext$.blockOn(BlockContext.scala:62)
	at scala.concurrent.Await$.result(package.scala:124)
	at com.bqn.bsecurity.client.CheckConnectionTask.$anonfun$action$1(CheckConnectionTask.scala:11)
	at scala.util.Try$.apply(Try.scala:217)
	at com.bqn.bsecurity.client.CheckConnectionTask.action(CheckConnectionTask.scala:11)
	at com.bqn.tasks.Task.run(Task.scala:72)
	at org.apache.pekko.actor.LightArrayRevolverScheduler$$anon$1$$anon$2.run(LightArrayRevolverScheduler.scala:145)
	at org.apache.pekko.dispatch.TaskInvocation.run(AbstractDispatcher.scala:59)
	at java.base/java.util.concurrent.ThreadPoolExecutor.runWorker(ThreadPoolExecutor.java:1136)
	at java.base/java.util.concurrent.ThreadPoolExecutor$Worker.run(ThreadPoolExecutor.java:635)
	at java.base/java.lang.Thread.run(Thread.java:840)
2026-03-17 06:33:04.194 [bol-api-pekko.actor.default-dispatcher-11939] DEBUG c.b.b.s.status.GetStatusHandler - Dialog: 3820df10-072d-4b5b-9ad7-80363d8150c8
Start: 2026-03-17T06:33:04.194126904
Request:null
2026-03-17 06:33:04.194 [bol-api-pekko.actor.default-dispatcher-11939] DEBUG c.b.b.s.status.GetStatusHandler - Dialog: 3820df10-072d-4b5b-9ad7-80363d8150c8
Start: 2026-03-17T06:33:04.194126904
Request:null
----------------------------------------
Response:{
  "statusCode" : 200,
  "entity" : {
    "name" : "bol-api",
    "version" : "1.1.0-SNAPSHOT",
    "builtAt" : "2026-02-11T12:34:19",
    "startedAt" : "2026-03-06T11:57:19",
    "currentTime" : "2026-03-17T06:33:04",
    "environment" : "developer",
    "status" : "OK"
  }
}
Duration:0 ms
2026-03-17 06:33:25.007 [TaskController-tasks.scheduler-dispatcher-3558] WARN  c.b.b.client.CheckConnectionTask - Task CheckConnectionTask failed: Future timed out after [30 seconds]
java.util.concurrent.TimeoutException: Future timed out after [30 seconds]
	at scala.concurrent.impl.Promise$DefaultPromise.tryAwait0(Promise.scala:248)
	at scala.concurrent.impl.Promise$DefaultPromise.result(Promise.scala:261)
	at scala.concurrent.Await$.$anonfun$result$1(package.scala:201)
	at scala.concurrent.BlockContext$DefaultBlockContext$.blockOn(BlockContext.scala:62)
	at scala.concurrent.Await$.result(package.scala:124)
	at com.bqn.bsecurity.client.CheckConnectionTask.$anonfun$action$1(CheckConnectionTask.scala:11)
	at scala.util.Try$.apply(Try.scala:217)
	at com.bqn.bsecurity.client.CheckConnectionTask.action(CheckConnectionTask.scala:11)
	at com.bqn.tasks.Task.run(Task.scala:72)
	at org.apache.pekko.actor.LightArrayRevolverScheduler$$anon$1$$anon$2.run(LightArrayRevolverScheduler.scala:145)
	at org.apache.pekko.dispatch.TaskInvocation.run(AbstractDispatcher.scala:59)
	at java.base/java.util.concurrent.ThreadPoolExecutor.runWorker(ThreadPoolExecutor.java:1136)
	at java.base/java.util.concurrent.ThreadPoolExecutor$Worker.run(ThreadPoolExecutor.java:635)
	at java.base/java.lang.Thread.run(Thread.java:840)
2026-03-17 06:38:25.507 [TaskController-tasks.scheduler-dispatcher-3559] INFO  c.b.b.client.CheckConnectionTask - Starting task: CheckConnectionTask
2026-03-17 06:38:55.507 [TaskController-tasks.scheduler-dispatcher-3559] WARN  c.b.b.client.CheckConnectionTask - Task CheckConnectionTask failed: Future timed out after [30 seconds]
java.util.concurrent.TimeoutException: Future timed out after [30 seconds]
	at scala.concurrent.impl.Promise$DefaultPromise.tryAwait0(Promise.scala:248)
	at scala.concurrent.impl.Promise$DefaultPromise.result(Promise.scala:261)
	at scala.concurrent.Await$.$anonfun$result$1(package.scala:201)
	at scala.concurrent.BlockContext$DefaultBlockContext$.blockOn(BlockContext.scala:62)
	at scala.concurrent.Await$.result(package.scala:124)
	at com.bqn.bsecurity.client.CheckConnectionTask.$anonfun$action$1(CheckConnectionTask.scala:11)
	at scala.util.Try$.apply(Try.scala:217)
	at com.bqn.bsecurity.client.CheckConnectionTask.action(CheckConnectionTask.scala:11)
	at com.bqn.tasks.Task.run(Task.scala:72)
	at org.apache.pekko.actor.LightArrayRevolverScheduler$$anon$1$$anon$2.run(LightArrayRevolverScheduler.scala:145)
	at org.apache.pekko.dispatch.TaskInvocation.run(AbstractDispatcher.scala:59)
	at java.base/java.util.concurrent.ThreadPoolExecutor.runWorker(ThreadPoolExecutor.java:1136)
	at java.base/java.util.concurrent.ThreadPoolExecutor$Worker.run(ThreadPoolExecutor.java:635)
	at java.base/java.lang.Thread.run(Thread.java:840)
2026-03-17 06:42:18.146 [TaskController-tasks.scheduler-dispatcher-3560] INFO  c.b.b.client.CheckConnectionTask - Starting task: CheckConnectionTask
2026-03-17 06:42:25.827 [TaskController-tasks.scheduler-dispatcher-3561] INFO  c.b.b.client.CheckConnectionTask - Starting task: CheckConnectionTask
2026-03-17 06:42:48.147 [TaskController-tasks.scheduler-dispatcher-3560] WARN  c.b.b.client.CheckConnectionTask - Task CheckConnectionTask failed: Future timed out after [30 seconds]
java.util.concurrent.TimeoutException: Future timed out after [30 seconds]
	at scala.concurrent.impl.Promise$DefaultPromise.tryAwait0(Promise.scala:248)
	at scala.concurrent.impl.Promise$DefaultPromise.result(Promise.scala:261)
	at scala.concurrent.Await$.$anonfun$result$1(package.scala:201)
	at scala.concurrent.BlockContext$DefaultBlockContext$.blockOn(BlockContext.scala:62)
	at scala.concurrent.Await$.result(package.scala:124)
	at com.bqn.bsecurity.client.CheckConnectionTask.$anonfun$action$1(CheckConnectionTask.scala:11)
	at scala.util.Try$.apply(Try.scala:217)
	at com.bqn.bsecurity.client.CheckConnectionTask.action(CheckConnectionTask.scala:11)
	at com.bqn.tasks.Task.run(Task.scala:72)
	at org.apache.pekko.actor.LightArrayRevolverScheduler$$anon$1$$anon$2.run(LightArrayRevolverScheduler.scala:145)
	at org.apache.pekko.dispatch.TaskInvocation.run(AbstractDispatcher.scala:59)
	at java.base/java.util.concurrent.ThreadPoolExecutor.runWorker(ThreadPoolExecutor.java:1136)
	at java.base/java.util.concurrent.ThreadPoolExecutor$Worker.run(ThreadPoolExecutor.java:635)
	at java.base/java.lang.Thread.run(Thread.java:840)
2026-03-17 06:42:55.006 [TaskController-tasks.scheduler-dispatcher-3562] INFO  c.b.b.client.CheckConnectionTask - Starting task: CheckConnectionTask
2026-03-17 06:42:55.827 [TaskController-tasks.scheduler-dispatcher-3561] WARN  c.b.b.client.CheckConnectionTask - Task CheckConnectionTask failed: Future timed out after [30 seconds]
java.util.concurrent.TimeoutException: Future timed out after [30 seconds]
	at scala.concurrent.impl.Promise$DefaultPromise.tryAwait0(Promise.scala:248)
	at scala.concurrent.impl.Promise$DefaultPromise.result(Promise.scala:261)
	at scala.concurrent.Await$.$anonfun$result$1(package.scala:201)
	at scala.concurrent.BlockContext$DefaultBlockContext$.blockOn(BlockContext.scala:62)
	at scala.concurrent.Await$.result(package.scala:124)
	at com.bqn.bsecurity.client.CheckConnectionTask.$anonfun$action$1(CheckConnectionTask.scala:11)
	at scala.util.Try$.apply(Try.scala:217)
	at com.bqn.bsecurity.client.CheckConnectionTask.action(CheckConnectionTask.scala:11)
	at com.bqn.tasks.Task.run(Task.scala:72)
	at org.apache.pekko.actor.LightArrayRevolverScheduler$$anon$1$$anon$2.run(LightArrayRevolverScheduler.scala:145)
	at org.apache.pekko.dispatch.TaskInvocation.run(AbstractDispatcher.scala:59)
	at java.base/java.util.concurrent.ThreadPoolExecutor.runWorker(ThreadPoolExecutor.java:1136)
	at java.base/java.util.concurrent.ThreadPoolExecutor$Worker.run(ThreadPoolExecutor.java:635)
	at java.base/java.lang.Thread.run(Thread.java:840)
2026-03-17 06:43:04.200 [bol-api-pekko.actor.default-dispatcher-11945] DEBUG c.b.b.s.status.GetStatusHandler - Dialog: 3a26a665-7bbe-45b5-8bb5-0bb02471b811
Start: 2026-03-17T06:43:04.200837301
Request:null
2026-03-17 06:43:04.200 [bol-api-pekko.actor.default-dispatcher-11945] DEBUG c.b.b.s.status.GetStatusHandler - Dialog: 3a26a665-7bbe-45b5-8bb5-0bb02471b811
Start: 2026-03-17T06:43:04.200837301
Request:null
----------------------------------------
Response:{
  "statusCode" : 200,
  "entity" : {
    "name" : "bol-api",
    "version" : "1.1.0-SNAPSHOT",
    "builtAt" : "2026-02-11T12:34:19",
    "startedAt" : "2026-03-06T11:57:19",
    "currentTime" : "2026-03-17T06:43:04",
    "environment" : "developer",
    "status" : "OK"
  }
}
Duration:0 ms
2026-03-17 06:43:25.007 [TaskController-tasks.scheduler-dispatcher-3562] WARN  c.b.b.client.CheckConnectionTask - Task CheckConnectionTask failed: Future timed out after [30 seconds]
java.util.concurrent.TimeoutException: Future timed out after [30 seconds]
	at scala.concurrent.impl.Promise$DefaultPromise.tryAwait0(Promise.scala:248)
	at scala.concurrent.impl.Promise$DefaultPromise.result(Promise.scala:261)
	at scala.concurrent.Await$.$anonfun$result$1(package.scala:201)
	at scala.concurrent.BlockContext$DefaultBlockContext$.blockOn(BlockContext.scala:62)
	at scala.concurrent.Await$.result(package.scala:124)
	at com.bqn.bsecurity.client.CheckConnectionTask.$anonfun$action$1(CheckConnectionTask.scala:11)
	at scala.util.Try$.apply(Try.scala:217)
	at com.bqn.bsecurity.client.CheckConnectionTask.action(CheckConnectionTask.scala:11)
	at com.bqn.tasks.Task.run(Task.scala:72)
	at org.apache.pekko.actor.LightArrayRevolverScheduler$$anon$1$$anon$2.run(LightArrayRevolverScheduler.scala:145)
	at org.apache.pekko.dispatch.TaskInvocation.run(AbstractDispatcher.scala:59)
	at java.base/java.util.concurrent.ThreadPoolExecutor.runWorker(ThreadPoolExecutor.java:1136)
	at java.base/java.util.concurrent.ThreadPoolExecutor$Worker.run(ThreadPoolExecutor.java:635)
	at java.base/java.lang.Thread.run(Thread.java:840)
2026-03-17 06:48:25.507 [TaskController-tasks.scheduler-dispatcher-3563] INFO  c.b.b.client.CheckConnectionTask - Starting task: CheckConnectionTask
2026-03-17 06:48:55.508 [TaskController-tasks.scheduler-dispatcher-3563] WARN  c.b.b.client.CheckConnectionTask - Task CheckConnectionTask failed: Future timed out after [30 seconds]
java.util.concurrent.TimeoutException: Future timed out after [30 seconds]
	at scala.concurrent.impl.Promise$DefaultPromise.tryAwait0(Promise.scala:248)
	at scala.concurrent.impl.Promise$DefaultPromise.result(Promise.scala:261)
	at scala.concurrent.Await$.$anonfun$result$1(package.scala:201)
	at scala.concurrent.BlockContext$DefaultBlockContext$.blockOn(BlockContext.scala:62)
	at scala.concurrent.Await$.result(package.scala:124)
	at com.bqn.bsecurity.client.CheckConnectionTask.$anonfun$action$1(CheckConnectionTask.scala:11)
	at scala.util.Try$.apply(Try.scala:217)
	at com.bqn.bsecurity.client.CheckConnectionTask.action(CheckConnectionTask.scala:11)
	at com.bqn.tasks.Task.run(Task.scala:72)
	at org.apache.pekko.actor.LightArrayRevolverScheduler$$anon$1$$anon$2.run(LightArrayRevolverScheduler.scala:145)
	at org.apache.pekko.dispatch.TaskInvocation.run(AbstractDispatcher.scala:59)
	at java.base/java.util.concurrent.ThreadPoolExecutor.runWorker(ThreadPoolExecutor.java:1136)
	at java.base/java.util.concurrent.ThreadPoolExecutor$Worker.run(ThreadPoolExecutor.java:635)
	at java.base/java.lang.Thread.run(Thread.java:840)
2026-03-17 06:52:18.147 [TaskController-tasks.scheduler-dispatcher-3564] INFO  c.b.b.client.CheckConnectionTask - Starting task: CheckConnectionTask
2026-03-17 06:52:25.826 [TaskController-tasks.scheduler-dispatcher-3565] INFO  c.b.b.client.CheckConnectionTask - Starting task: CheckConnectionTask
2026-03-17 06:52:48.147 [TaskController-tasks.scheduler-dispatcher-3564] WARN  c.b.b.client.CheckConnectionTask - Task CheckConnectionTask failed: Future timed out after [30 seconds]
java.util.concurrent.TimeoutException: Future timed out after [30 seconds]
	at scala.concurrent.impl.Promise$DefaultPromise.tryAwait0(Promise.scala:248)
	at scala.concurrent.impl.Promise$DefaultPromise.result(Promise.scala:261)
	at scala.concurrent.Await$.$anonfun$result$1(package.scala:201)
	at scala.concurrent.BlockContext$DefaultBlockContext$.blockOn(BlockContext.scala:62)
	at scala.concurrent.Await$.result(package.scala:124)
	at com.bqn.bsecurity.client.CheckConnectionTask.$anonfun$action$1(CheckConnectionTask.scala:11)
	at scala.util.Try$.apply(Try.scala:217)
	at com.bqn.bsecurity.client.CheckConnectionTask.action(CheckConnectionTask.scala:11)
	at com.bqn.tasks.Task.run(Task.scala:72)
	at org.apache.pekko.actor.LightArrayRevolverScheduler$$anon$1$$anon$2.run(LightArrayRevolverScheduler.scala:145)
	at org.apache.pekko.dispatch.TaskInvocation.run(AbstractDispatcher.scala:59)
	at java.base/java.util.concurrent.ThreadPoolExecutor.runWorker(ThreadPoolExecutor.java:1136)
	at java.base/java.util.concurrent.ThreadPoolExecutor$Worker.run(ThreadPoolExecutor.java:635)
	at java.base/java.lang.Thread.run(Thread.java:840)
2026-03-17 06:52:55.009 [TaskController-tasks.scheduler-dispatcher-3566] INFO  c.b.b.client.CheckConnectionTask - Starting task: CheckConnectionTask
2026-03-17 06:52:55.826 [TaskController-tasks.scheduler-dispatcher-3565] WARN  c.b.b.client.CheckConnectionTask - Task CheckConnectionTask failed: Future timed out after [30 seconds]
java.util.concurrent.TimeoutException: Future timed out after [30 seconds]
	at scala.concurrent.impl.Promise$DefaultPromise.tryAwait0(Promise.scala:248)
	at scala.concurrent.impl.Promise$DefaultPromise.result(Promise.scala:261)
	at scala.concurrent.Await$.$anonfun$result$1(package.scala:201)
	at scala.concurrent.BlockContext$DefaultBlockContext$.blockOn(BlockContext.scala:62)
	at scala.concurrent.Await$.result(package.scala:124)
	at com.bqn.bsecurity.client.CheckConnectionTask.$anonfun$action$1(CheckConnectionTask.scala:11)
	at scala.util.Try$.apply(Try.scala:217)
	at com.bqn.bsecurity.client.CheckConnectionTask.action(CheckConnectionTask.scala:11)
	at com.bqn.tasks.Task.run(Task.scala:72)
	at org.apache.pekko.actor.LightArrayRevolverScheduler$$anon$1$$anon$2.run(LightArrayRevolverScheduler.scala:145)
	at org.apache.pekko.dispatch.TaskInvocation.run(AbstractDispatcher.scala:59)
	at java.base/java.util.concurrent.ThreadPoolExecutor.runWorker(ThreadPoolExecutor.java:1136)
	at java.base/java.util.concurrent.ThreadPoolExecutor$Worker.run(ThreadPoolExecutor.java:635)
	at java.base/java.lang.Thread.run(Thread.java:840)
2026-03-17 06:53:04.193 [bol-api-pekko.actor.default-dispatcher-11951] DEBUG c.b.b.s.status.GetStatusHandler - Dialog: 2398b691-c1c2-4b44-a17b-ca9177fd7be8
Start: 2026-03-17T06:53:04.193487243
Request:null
2026-03-17 06:53:04.193 [bol-api-pekko.actor.default-dispatcher-11951] DEBUG c.b.b.s.status.GetStatusHandler - Dialog: 2398b691-c1c2-4b44-a17b-ca9177fd7be8
Start: 2026-03-17T06:53:04.193487243
Request:null
----------------------------------------
Response:{
  "statusCode" : 200,
  "entity" : {
    "name" : "bol-api",
    "version" : "1.1.0-SNAPSHOT",
    "builtAt" : "2026-02-11T12:34:19",
    "startedAt" : "2026-03-06T11:57:19",
    "currentTime" : "2026-03-17T06:53:04",
    "environment" : "developer",
    "status" : "OK"
  }
}
Duration:0 ms
2026-03-17 06:53:25.010 [TaskController-tasks.scheduler-dispatcher-3566] WARN  c.b.b.client.CheckConnectionTask - Task CheckConnectionTask failed: Future timed out after [30 seconds]
java.util.concurrent.TimeoutException: Future timed out after [30 seconds]
	at scala.concurrent.impl.Promise$DefaultPromise.tryAwait0(Promise.scala:248)
	at scala.concurrent.impl.Promise$DefaultPromise.result(Promise.scala:261)
	at scala.concurrent.Await$.$anonfun$result$1(package.scala:201)
	at scala.concurrent.BlockContext$DefaultBlockContext$.blockOn(BlockContext.scala:62)
	at scala.concurrent.Await$.result(package.scala:124)
	at com.bqn.bsecurity.client.CheckConnectionTask.$anonfun$action$1(CheckConnectionTask.scala:11)
	at scala.util.Try$.apply(Try.scala:217)
	at com.bqn.bsecurity.client.CheckConnectionTask.action(CheckConnectionTask.scala:11)
	at com.bqn.tasks.Task.run(Task.scala:72)
	at org.apache.pekko.actor.LightArrayRevolverScheduler$$anon$1$$anon$2.run(LightArrayRevolverScheduler.scala:145)
	at org.apache.pekko.dispatch.TaskInvocation.run(AbstractDispatcher.scala:59)
	at java.base/java.util.concurrent.ThreadPoolExecutor.runWorker(ThreadPoolExecutor.java:1136)
	at java.base/java.util.concurrent.ThreadPoolExecutor$Worker.run(ThreadPoolExecutor.java:635)
	at java.base/java.lang.Thread.run(Thread.java:840)
2026-03-17 06:58:25.507 [TaskController-tasks.scheduler-dispatcher-3567] INFO  c.b.b.client.CheckConnectionTask - Starting task: CheckConnectionTask
2026-03-17 06:58:55.507 [TaskController-tasks.scheduler-dispatcher-3567] WARN  c.b.b.client.CheckConnectionTask - Task CheckConnectionTask failed: Future timed out after [30 seconds]
java.util.concurrent.TimeoutException: Future timed out after [30 seconds]
	at scala.concurrent.impl.Promise$DefaultPromise.tryAwait0(Promise.scala:248)
	at scala.concurrent.impl.Promise$DefaultPromise.result(Promise.scala:261)
	at scala.concurrent.Await$.$anonfun$result$1(package.scala:201)
	at scala.concurrent.BlockContext$DefaultBlockContext$.blockOn(BlockContext.scala:62)
	at scala.concurrent.Await$.result(package.scala:124)
	at com.bqn.bsecurity.client.CheckConnectionTask.$anonfun$action$1(CheckConnectionTask.scala:11)
	at scala.util.Try$.apply(Try.scala:217)
	at com.bqn.bsecurity.client.CheckConnectionTask.action(CheckConnectionTask.scala:11)
	at com.bqn.tasks.Task.run(Task.scala:72)
	at org.apache.pekko.actor.LightArrayRevolverScheduler$$anon$1$$anon$2.run(LightArrayRevolverScheduler.scala:145)
	at org.apache.pekko.dispatch.TaskInvocation.run(AbstractDispatcher.scala:59)
	at java.base/java.util.concurrent.ThreadPoolExecutor.runWorker(ThreadPoolExecutor.java:1136)
	at java.base/java.util.concurrent.ThreadPoolExecutor$Worker.run(ThreadPoolExecutor.java:635)
	at java.base/java.lang.Thread.run(Thread.java:840)
2026-03-17 07:02:18.147 [TaskController-tasks.scheduler-dispatcher-3568] INFO  c.b.b.client.CheckConnectionTask - Starting task: CheckConnectionTask
2026-03-17 07:02:18.323 [TaskController-tasks.scheduler-dispatcher-3568] INFO  c.b.b.client.CheckConnectionTask - Task CheckConnectionTask succeed: {
  "name" : "bsecurity-api",
  "version" : "1.3.0-SNAPSHOT",
  "builtAt" : "2026-03-03T08:13:34",
  "startedAt" : "2026-03-05T12:30:02",
  "currentTime" : "2026-03-17T07:02:18",
  "environment" : "testing",
  "status" : "OK"
}
2026-03-17 07:02:25.838 [TaskController-tasks.scheduler-dispatcher-3569] INFO  c.b.b.client.CheckConnectionTask - Starting task: CheckConnectionTask
2026-03-17 07:02:25.845 [TaskController-tasks.scheduler-dispatcher-3569] INFO  c.b.b.client.CheckConnectionTask - Task CheckConnectionTask succeed: {
  "name" : "bsecurity-api",
  "version" : "1.3.0-SNAPSHOT",
  "builtAt" : "2026-03-03T08:13:34",
  "startedAt" : "2026-03-05T12:30:02",
  "currentTime" : "2026-03-17T07:02:25",
  "environment" : "testing",
  "status" : "OK"
}
2026-03-17 07:02:55.007 [TaskController-tasks.scheduler-dispatcher-3570] INFO  c.b.b.client.CheckConnectionTask - Starting task: CheckConnectionTask
2026-03-17 07:02:55.015 [TaskController-tasks.scheduler-dispatcher-3570] INFO  c.b.b.client.CheckConnectionTask - Task CheckConnectionTask succeed: {
  "name" : "bsecurity-api",
  "version" : "1.3.0-SNAPSHOT",
  "builtAt" : "2026-03-03T08:13:34",
  "startedAt" : "2026-03-05T12:30:02",
  "currentTime" : "2026-03-17T07:02:55",
  "environment" : "testing",
  "status" : "OK"
}
2026-03-17 07:03:04.199 [bol-api-pekko.actor.default-dispatcher-11957] DEBUG c.b.b.s.status.GetStatusHandler - Dialog: 21d9385b-f626-4c65-a1d5-b50d54a2682b
Start: 2026-03-17T07:03:04.199783921
Request:null
2026-03-17 07:03:04.199 [bol-api-pekko.actor.default-dispatcher-11957] DEBUG c.b.b.s.status.GetStatusHandler - Dialog: 21d9385b-f626-4c65-a1d5-b50d54a2682b
Start: 2026-03-17T07:03:04.199783921
Request:null
----------------------------------------
Response:{
  "statusCode" : 200,
  "entity" : {
    "name" : "bol-api",
    "version" : "1.1.0-SNAPSHOT",
    "builtAt" : "2026-02-11T12:34:19",
    "startedAt" : "2026-03-06T11:57:19",
    "currentTime" : "2026-03-17T07:03:04",
    "environment" : "developer",
    "status" : "OK"
  }
}
Duration:0 ms
2026-03-17 07:08:25.507 [TaskController-tasks.scheduler-dispatcher-3571] INFO  c.b.b.client.CheckConnectionTask - Starting task: CheckConnectionTask
2026-03-17 07:08:25.601 [TaskController-tasks.scheduler-dispatcher-3571] INFO  c.b.b.client.CheckConnectionTask - Task CheckConnectionTask succeed: {
  "name" : "bsecurity-api",
  "version" : "1.3.0-SNAPSHOT",
  "builtAt" : "2026-03-03T08:13:34",
  "startedAt" : "2026-03-05T12:30:02",
  "currentTime" : "2026-03-17T07:08:25",
  "environment" : "testing",
  "status" : "OK"
}
2026-03-17 07:12:18.137 [TaskController-tasks.scheduler-dispatcher-3572] INFO  c.b.b.client.CheckConnectionTask - Starting task: CheckConnectionTask
2026-03-17 07:12:18.161 [TaskController-tasks.scheduler-dispatcher-3572] INFO  c.b.b.client.CheckConnectionTask - Task CheckConnectionTask succeed: {
  "name" : "bsecurity-api",
  "version" : "1.3.0-SNAPSHOT",
  "builtAt" : "2026-03-03T08:13:34",
  "startedAt" : "2026-03-05T12:30:02",
  "currentTime" : "2026-03-17T07:12:18",
  "environment" : "testing",
  "status" : "OK"
}
2026-03-17 07:12:25.826 [TaskController-tasks.scheduler-dispatcher-3573] INFO  c.b.b.client.CheckConnectionTask - Starting task: CheckConnectionTask
2026-03-17 07:12:25.831 [TaskController-tasks.scheduler-dispatcher-3573] INFO  c.b.b.client.CheckConnectionTask - Task CheckConnectionTask succeed: {
  "name" : "bsecurity-api",
  "version" : "1.3.0-SNAPSHOT",
  "builtAt" : "2026-03-03T08:13:34",
  "startedAt" : "2026-03-05T12:30:02",
  "currentTime" : "2026-03-17T07:12:25",
  "environment" : "testing",
  "status" : "OK"
}
2026-03-17 07:12:54.996 [TaskController-tasks.scheduler-dispatcher-3574] INFO  c.b.b.client.CheckConnectionTask - Starting task: CheckConnectionTask
2026-03-17 07:12:55.001 [TaskController-tasks.scheduler-dispatcher-3574] INFO  c.b.b.client.CheckConnectionTask - Task CheckConnectionTask succeed: {
  "name" : "bsecurity-api",
  "version" : "1.3.0-SNAPSHOT",
  "builtAt" : "2026-03-03T08:13:34",
  "startedAt" : "2026-03-05T12:30:02",
  "currentTime" : "2026-03-17T07:12:54",
  "environment" : "testing",
  "status" : "OK"
}
2026-03-17 07:13:04.191 [bol-api-pekko.actor.default-dispatcher-11963] DEBUG c.b.b.s.status.GetStatusHandler - Dialog: a15ec196-16a6-4b98-a2e5-4a7cf6a2b643
Start: 2026-03-17T07:13:04.191187234
Request:null
2026-03-17 07:13:04.191 [bol-api-pekko.actor.default-dispatcher-11963] DEBUG c.b.b.s.status.GetStatusHandler - Dialog: a15ec196-16a6-4b98-a2e5-4a7cf6a2b643
Start: 2026-03-17T07:13:04.191187234
Request:null
----------------------------------------
Response:{
  "statusCode" : 200,
  "entity" : {
    "name" : "bol-api",
    "version" : "1.1.0-SNAPSHOT",
    "builtAt" : "2026-02-11T12:34:19",
    "startedAt" : "2026-03-06T11:57:19",
    "currentTime" : "2026-03-17T07:13:04",
    "environment" : "developer",
    "status" : "OK"
  }
}
Duration:0 ms
2026-03-17 07:18:25.507 [TaskController-tasks.scheduler-dispatcher-3575] INFO  c.b.b.client.CheckConnectionTask - Starting task: CheckConnectionTask
2026-03-17 07:18:25.538 [TaskController-tasks.scheduler-dispatcher-3575] INFO  c.b.b.client.CheckConnectionTask - Task CheckConnectionTask succeed: {
  "name" : "bsecurity-api",
  "version" : "1.3.0-SNAPSHOT",
  "builtAt" : "2026-03-03T08:13:34",
  "startedAt" : "2026-03-05T12:30:02",
  "currentTime" : "2026-03-17T07:18:25",
  "environment" : "testing",
  "status" : "OK"
}
2026-03-17 07:22:18.136 [TaskController-tasks.scheduler-dispatcher-3576] INFO  c.b.b.client.CheckConnectionTask - Starting task: CheckConnectionTask
2026-03-17 07:22:18.164 [TaskController-tasks.scheduler-dispatcher-3576] INFO  c.b.b.client.CheckConnectionTask - Task CheckConnectionTask succeed: {
  "name" : "bsecurity-api",
  "version" : "1.3.0-SNAPSHOT",
  "builtAt" : "2026-03-03T08:13:34",
  "startedAt" : "2026-03-05T12:30:02",
  "currentTime" : "2026-03-17T07:22:18",
  "environment" : "testing",
  "status" : "OK"
}
2026-03-17 07:22:25.827 [TaskController-tasks.scheduler-dispatcher-3577] INFO  c.b.b.client.CheckConnectionTask - Starting task: CheckConnectionTask
2026-03-17 07:22:25.832 [TaskController-tasks.scheduler-dispatcher-3577] INFO  c.b.b.client.CheckConnectionTask - Task CheckConnectionTask succeed: {
  "name" : "bsecurity-api",
  "version" : "1.3.0-SNAPSHOT",
  "builtAt" : "2026-03-03T08:13:34",
  "startedAt" : "2026-03-05T12:30:02",
  "currentTime" : "2026-03-17T07:22:25",
  "environment" : "testing",
  "status" : "OK"
}
2026-03-17 07:22:55.007 [TaskController-tasks.scheduler-dispatcher-3578] INFO  c.b.b.client.CheckConnectionTask - Starting task: CheckConnectionTask
2026-03-17 07:22:55.011 [TaskController-tasks.scheduler-dispatcher-3578] INFO  c.b.b.client.CheckConnectionTask - Task CheckConnectionTask succeed: {
  "name" : "bsecurity-api",
  "version" : "1.3.0-SNAPSHOT",
  "builtAt" : "2026-03-03T08:13:34",
  "startedAt" : "2026-03-05T12:30:02",
  "currentTime" : "2026-03-17T07:22:55",
  "environment" : "testing",
  "status" : "OK"
}
2026-03-17 07:23:04.190 [bol-api-pekko.actor.default-dispatcher-11969] DEBUG c.b.b.s.status.GetStatusHandler - Dialog: 975dd36a-2ec8-424a-888a-e73f190ce7bc
Start: 2026-03-17T07:23:04.189988238
Request:null
2026-03-17 07:23:04.190 [bol-api-pekko.actor.default-dispatcher-11969] DEBUG c.b.b.s.status.GetStatusHandler - Dialog: 975dd36a-2ec8-424a-888a-e73f190ce7bc
Start: 2026-03-17T07:23:04.189988238
Request:null
----------------------------------------
Response:{
  "statusCode" : 200,
  "entity" : {
    "name" : "bol-api",
    "version" : "1.1.0-SNAPSHOT",
    "builtAt" : "2026-02-11T12:34:19",
    "startedAt" : "2026-03-06T11:57:19",
    "currentTime" : "2026-03-17T07:23:04",
    "environment" : "developer",
    "status" : "OK"
  }
}
Duration:0 ms
2026-03-17 07:28:25.507 [TaskController-tasks.scheduler-dispatcher-3579] INFO  c.b.b.client.CheckConnectionTask - Starting task: CheckConnectionTask
2026-03-17 07:28:25.538 [TaskController-tasks.scheduler-dispatcher-3579] INFO  c.b.b.client.CheckConnectionTask - Task CheckConnectionTask succeed: {
  "name" : "bsecurity-api",
  "version" : "1.3.0-SNAPSHOT",
  "builtAt" : "2026-03-03T08:13:34",
  "startedAt" : "2026-03-05T12:30:02",
  "currentTime" : "2026-03-17T07:28:25",
  "environment" : "testing",
  "status" : "OK"
}
2026-03-17 07:32:18.136 [TaskController-tasks.scheduler-dispatcher-3580] INFO  c.b.b.client.CheckConnectionTask - Starting task: CheckConnectionTask
2026-03-17 07:32:18.164 [TaskController-tasks.scheduler-dispatcher-3580] INFO  c.b.b.client.CheckConnectionTask - Task CheckConnectionTask succeed: {
  "name" : "bsecurity-api",
  "version" : "1.3.0-SNAPSHOT",
  "builtAt" : "2026-03-03T08:13:34",
  "startedAt" : "2026-03-05T12:30:02",
  "currentTime" : "2026-03-17T07:32:18",
  "environment" : "testing",
  "status" : "OK"
}
2026-03-17 07:32:25.826 [TaskController-tasks.scheduler-dispatcher-3581] INFO  c.b.b.client.CheckConnectionTask - Starting task: CheckConnectionTask
2026-03-17 07:32:25.831 [TaskController-tasks.scheduler-dispatcher-3581] INFO  c.b.b.client.CheckConnectionTask - Task CheckConnectionTask succeed: {
  "name" : "bsecurity-api",
  "version" : "1.3.0-SNAPSHOT",
  "builtAt" : "2026-03-03T08:13:34",
  "startedAt" : "2026-03-05T12:30:02",
  "currentTime" : "2026-03-17T07:32:25",
  "environment" : "testing",
  "status" : "OK"
}
2026-03-17 07:32:55.006 [TaskController-tasks.scheduler-dispatcher-3582] INFO  c.b.b.client.CheckConnectionTask - Starting task: CheckConnectionTask
2026-03-17 07:32:55.012 [TaskController-tasks.scheduler-dispatcher-3582] INFO  c.b.b.client.CheckConnectionTask - Task CheckConnectionTask succeed: {
  "name" : "bsecurity-api",
  "version" : "1.3.0-SNAPSHOT",
  "builtAt" : "2026-03-03T08:13:34",
  "startedAt" : "2026-03-05T12:30:02",
  "currentTime" : "2026-03-17T07:32:55",
  "environment" : "testing",
  "status" : "OK"
}
2026-03-17 07:33:04.190 [bol-api-pekko.actor.default-dispatcher-11976] DEBUG c.b.b.s.status.GetStatusHandler - Dialog: 39705230-109b-4c8a-8126-6ed3b12dbaec
Start: 2026-03-17T07:33:04.190970853
Request:null
2026-03-17 07:33:04.191 [bol-api-pekko.actor.default-dispatcher-11976] DEBUG c.b.b.s.status.GetStatusHandler - Dialog: 39705230-109b-4c8a-8126-6ed3b12dbaec
Start: 2026-03-17T07:33:04.190970853
Request:null
----------------------------------------
Response:{
  "statusCode" : 200,
  "entity" : {
    "name" : "bol-api",
    "version" : "1.1.0-SNAPSHOT",
    "builtAt" : "2026-02-11T12:34:19",
    "startedAt" : "2026-03-06T11:57:19",
    "currentTime" : "2026-03-17T07:33:04",
    "environment" : "developer",
    "status" : "OK"
  }
}
Duration:0 ms
2026-03-17 07:38:25.506 [TaskController-tasks.scheduler-dispatcher-3583] INFO  c.b.b.client.CheckConnectionTask - Starting task: CheckConnectionTask
2026-03-17 07:38:25.602 [TaskController-tasks.scheduler-dispatcher-3583] INFO  c.b.b.client.CheckConnectionTask - Task CheckConnectionTask succeed: {
  "name" : "bsecurity-api",
  "version" : "1.3.0-SNAPSHOT",
  "builtAt" : "2026-03-03T08:13:34",
  "startedAt" : "2026-03-05T12:30:02",
  "currentTime" : "2026-03-17T07:38:25",
  "environment" : "testing",
  "status" : "OK"
}
2026-03-17 07:42:18.137 [TaskController-tasks.scheduler-dispatcher-3584] INFO  c.b.b.client.CheckConnectionTask - Starting task: CheckConnectionTask
2026-03-17 07:42:18.203 [TaskController-tasks.scheduler-dispatcher-3584] INFO  c.b.b.client.CheckConnectionTask - Task CheckConnectionTask succeed: {
  "name" : "bsecurity-api",
  "version" : "1.3.0-SNAPSHOT",
  "builtAt" : "2026-03-03T08:13:34",
  "startedAt" : "2026-03-05T12:30:02",
  "currentTime" : "2026-03-17T07:42:18",
  "environment" : "testing",
  "status" : "OK"
}
2026-03-17 07:42:25.827 [TaskController-tasks.scheduler-dispatcher-3585] INFO  c.b.b.client.CheckConnectionTask - Starting task: CheckConnectionTask
2026-03-17 07:42:25.831 [TaskController-tasks.scheduler-dispatcher-3585] INFO  c.b.b.client.CheckConnectionTask - Task CheckConnectionTask succeed: {
  "name" : "bsecurity-api",
  "version" : "1.3.0-SNAPSHOT",
  "builtAt" : "2026-03-03T08:13:34",
  "startedAt" : "2026-03-05T12:30:02",
  "currentTime" : "2026-03-17T07:42:25",
  "environment" : "testing",
  "status" : "OK"
}
2026-03-17 07:42:55.006 [TaskController-tasks.scheduler-dispatcher-3586] INFO  c.b.b.client.CheckConnectionTask - Starting task: CheckConnectionTask
2026-03-17 07:42:55.011 [TaskController-tasks.scheduler-dispatcher-3586] INFO  c.b.b.client.CheckConnectionTask - Task CheckConnectionTask succeed: {
  "name" : "bsecurity-api",
  "version" : "1.3.0-SNAPSHOT",
  "builtAt" : "2026-03-03T08:13:34",
  "startedAt" : "2026-03-05T12:30:02",
  "currentTime" : "2026-03-17T07:42:55",
  "environment" : "testing",
  "status" : "OK"
}
2026-03-17 07:43:04.190 [bol-api-pekko.actor.default-dispatcher-11981] DEBUG c.b.b.s.status.GetStatusHandler - Dialog: cfb02887-0f24-4d63-994f-5dcdb8a30307
Start: 2026-03-17T07:43:04.190618551
Request:null
2026-03-17 07:43:04.191 [bol-api-pekko.actor.default-dispatcher-11981] DEBUG c.b.b.s.status.GetStatusHandler - Dialog: cfb02887-0f24-4d63-994f-5dcdb8a30307
Start: 2026-03-17T07:43:04.190618551
Request:null
----------------------------------------
Response:{
  "statusCode" : 200,
  "entity" : {
    "name" : "bol-api",
    "version" : "1.1.0-SNAPSHOT",
    "builtAt" : "2026-02-11T12:34:19",
    "startedAt" : "2026-03-06T11:57:19",
    "currentTime" : "2026-03-17T07:43:04",
    "environment" : "developer",
    "status" : "OK"
  }
}
Duration:0 ms
2026-03-17 07:48:25.507 [TaskController-tasks.scheduler-dispatcher-3587] INFO  c.b.b.client.CheckConnectionTask - Starting task: CheckConnectionTask
2026-03-17 07:48:25.539 [TaskController-tasks.scheduler-dispatcher-3587] INFO  c.b.b.client.CheckConnectionTask - Task CheckConnectionTask succeed: {
  "name" : "bsecurity-api",
  "version" : "1.3.0-SNAPSHOT",
  "builtAt" : "2026-03-03T08:13:34",
  "startedAt" : "2026-03-05T12:30:02",
  "currentTime" : "2026-03-17T07:48:25",
  "environment" : "testing",
  "status" : "OK"
}
2026-03-17 07:52:18.137 [TaskController-tasks.scheduler-dispatcher-3588] INFO  c.b.b.client.CheckConnectionTask - Starting task: CheckConnectionTask
2026-03-17 07:52:18.203 [TaskController-tasks.scheduler-dispatcher-3588] INFO  c.b.b.client.CheckConnectionTask - Task CheckConnectionTask succeed: {
  "name" : "bsecurity-api",
  "version" : "1.3.0-SNAPSHOT",
  "builtAt" : "2026-03-03T08:13:34",
  "startedAt" : "2026-03-05T12:30:02",
  "currentTime" : "2026-03-17T07:52:18",
  "environment" : "testing",
  "status" : "OK"
}
2026-03-17 07:52:25.826 [TaskController-tasks.scheduler-dispatcher-3589] INFO  c.b.b.client.CheckConnectionTask - Starting task: CheckConnectionTask
2026-03-17 07:52:25.830 [TaskController-tasks.scheduler-dispatcher-3589] INFO  c.b.b.client.CheckConnectionTask - Task CheckConnectionTask succeed: {
  "name" : "bsecurity-api",
  "version" : "1.3.0-SNAPSHOT",
  "builtAt" : "2026-03-03T08:13:34",
  "startedAt" : "2026-03-05T12:30:02",
  "currentTime" : "2026-03-17T07:52:25",
  "environment" : "testing",
  "status" : "OK"
}
2026-03-17 07:52:55.007 [TaskController-tasks.scheduler-dispatcher-3590] INFO  c.b.b.client.CheckConnectionTask - Starting task: CheckConnectionTask
2026-03-17 07:52:55.013 [TaskController-tasks.scheduler-dispatcher-3590] INFO  c.b.b.client.CheckConnectionTask - Task CheckConnectionTask succeed: {
  "name" : "bsecurity-api",
  "version" : "1.3.0-SNAPSHOT",
  "builtAt" : "2026-03-03T08:13:34",
  "startedAt" : "2026-03-05T12:30:02",
  "currentTime" : "2026-03-17T07:52:55",
  "environment" : "testing",
  "status" : "OK"
}
2026-03-17 07:53:04.191 [bol-api-pekko.actor.default-dispatcher-11989] DEBUG c.b.b.s.status.GetStatusHandler - Dialog: a890c311-ff36-4559-ba52-9c1bbc928e9e
Start: 2026-03-17T07:53:04.191398433
Request:null
2026-03-17 07:53:04.191 [bol-api-pekko.actor.default-dispatcher-11989] DEBUG c.b.b.s.status.GetStatusHandler - Dialog: a890c311-ff36-4559-ba52-9c1bbc928e9e
Start: 2026-03-17T07:53:04.191398433
Request:null
----------------------------------------
Response:{
  "statusCode" : 200,
  "entity" : {
    "name" : "bol-api",
    "version" : "1.1.0-SNAPSHOT",
    "builtAt" : "2026-02-11T12:34:19",
    "startedAt" : "2026-03-06T11:57:19",
    "currentTime" : "2026-03-17T07:53:04",
    "environment" : "developer",
    "status" : "OK"
  }
}
Duration:0 ms
2026-03-17 07:58:25.506 [TaskController-tasks.scheduler-dispatcher-3591] INFO  c.b.b.client.CheckConnectionTask - Starting task: CheckConnectionTask
2026-03-17 07:58:25.568 [TaskController-tasks.scheduler-dispatcher-3591] INFO  c.b.b.client.CheckConnectionTask - Task CheckConnectionTask succeed: {
  "name" : "bsecurity-api",
  "version" : "1.3.0-SNAPSHOT",
  "builtAt" : "2026-03-03T08:13:34",
  "startedAt" : "2026-03-05T12:30:02",
  "currentTime" : "2026-03-17T07:58:25",
  "environment" : "testing",
  "status" : "OK"
}
2026-03-17 08:02:18.137 [TaskController-tasks.scheduler-dispatcher-3592] INFO  c.b.b.client.CheckConnectionTask - Starting task: CheckConnectionTask
2026-03-17 08:02:18.310 [TaskController-tasks.scheduler-dispatcher-3592] INFO  c.b.b.client.CheckConnectionTask - Task CheckConnectionTask succeed: {
  "name" : "bsecurity-api",
  "version" : "1.3.0-SNAPSHOT",
  "builtAt" : "2026-03-03T08:13:34",
  "startedAt" : "2026-03-05T12:30:02",
  "currentTime" : "2026-03-17T08:02:18",
  "environment" : "testing",
  "status" : "OK"
}
2026-03-17 08:02:25.827 [TaskController-tasks.scheduler-dispatcher-3593] INFO  c.b.b.client.CheckConnectionTask - Starting task: CheckConnectionTask
2026-03-17 08:02:25.832 [TaskController-tasks.scheduler-dispatcher-3593] INFO  c.b.b.client.CheckConnectionTask - Task CheckConnectionTask succeed: {
  "name" : "bsecurity-api",
  "version" : "1.3.0-SNAPSHOT",
  "builtAt" : "2026-03-03T08:13:34",
  "startedAt" : "2026-03-05T12:30:02",
  "currentTime" : "2026-03-17T08:02:25",
  "environment" : "testing",
  "status" : "OK"
}
2026-03-17 08:02:55.007 [TaskController-tasks.scheduler-dispatcher-3594] INFO  c.b.b.client.CheckConnectionTask - Starting task: CheckConnectionTask
2026-03-17 08:02:55.022 [TaskController-tasks.scheduler-dispatcher-3594] INFO  c.b.b.client.CheckConnectionTask - Task CheckConnectionTask succeed: {
  "name" : "bsecurity-api",
  "version" : "1.3.0-SNAPSHOT",
  "builtAt" : "2026-03-03T08:13:34",
  "startedAt" : "2026-03-05T12:30:02",
  "currentTime" : "2026-03-17T08:02:55",
  "environment" : "testing",
  "status" : "OK"
}
2026-03-17 08:03:04.190 [bol-api-pekko.actor.default-dispatcher-11993] DEBUG c.b.b.s.status.GetStatusHandler - Dialog: d64ee143-2f5d-4152-9b22-5131277b11e9
Start: 2026-03-17T08:03:04.190491104
Request:null
2026-03-17 08:03:04.190 [bol-api-pekko.actor.default-dispatcher-11993] DEBUG c.b.b.s.status.GetStatusHandler - Dialog: d64ee143-2f5d-4152-9b22-5131277b11e9
Start: 2026-03-17T08:03:04.190491104
Request:null
----------------------------------------
Response:{
  "statusCode" : 200,
  "entity" : {
    "name" : "bol-api",
    "version" : "1.1.0-SNAPSHOT",
    "builtAt" : "2026-02-11T12:34:19",
    "startedAt" : "2026-03-06T11:57:19",
    "currentTime" : "2026-03-17T08:03:04",
    "environment" : "developer",
    "status" : "OK"
  }
}
Duration:0 ms
2026-03-17 08:08:25.507 [TaskController-tasks.scheduler-dispatcher-3595] INFO  c.b.b.client.CheckConnectionTask - Starting task: CheckConnectionTask
2026-03-17 08:08:25.575 [TaskController-tasks.scheduler-dispatcher-3595] INFO  c.b.b.client.CheckConnectionTask - Task CheckConnectionTask succeed: {
  "name" : "bsecurity-api",
  "version" : "1.3.0-SNAPSHOT",
  "builtAt" : "2026-03-03T08:13:34",
  "startedAt" : "2026-03-05T12:30:02",
  "currentTime" : "2026-03-17T08:08:25",
  "environment" : "testing",
  "status" : "OK"
}
2026-03-17 08:12:18.137 [TaskController-tasks.scheduler-dispatcher-3596] INFO  c.b.b.client.CheckConnectionTask - Starting task: CheckConnectionTask
2026-03-17 08:12:18.200 [TaskController-tasks.scheduler-dispatcher-3596] INFO  c.b.b.client.CheckConnectionTask - Task CheckConnectionTask succeed: {
  "name" : "bsecurity-api",
  "version" : "1.3.0-SNAPSHOT",
  "builtAt" : "2026-03-03T08:13:34",
  "startedAt" : "2026-03-05T12:30:02",
  "currentTime" : "2026-03-17T08:12:18",
  "environment" : "testing",
  "status" : "OK"
}
2026-03-17 08:12:25.827 [TaskController-tasks.scheduler-dispatcher-3597] INFO  c.b.b.client.CheckConnectionTask - Starting task: CheckConnectionTask
2026-03-17 08:12:25.831 [TaskController-tasks.scheduler-dispatcher-3597] INFO  c.b.b.client.CheckConnectionTask - Task CheckConnectionTask succeed: {
  "name" : "bsecurity-api",
  "version" : "1.3.0-SNAPSHOT",
  "builtAt" : "2026-03-03T08:13:34",
  "startedAt" : "2026-03-05T12:30:02",
  "currentTime" : "2026-03-17T08:12:25",
  "environment" : "testing",
  "status" : "OK"
}
2026-03-17 08:12:55.007 [TaskController-tasks.scheduler-dispatcher-3598] INFO  c.b.b.client.CheckConnectionTask - Starting task: CheckConnectionTask
2026-03-17 08:12:55.012 [TaskController-tasks.scheduler-dispatcher-3598] INFO  c.b.b.client.CheckConnectionTask - Task CheckConnectionTask succeed: {
  "name" : "bsecurity-api",
  "version" : "1.3.0-SNAPSHOT",
  "builtAt" : "2026-03-03T08:13:34",
  "startedAt" : "2026-03-05T12:30:02",
  "currentTime" : "2026-03-17T08:12:55",
  "environment" : "testing",
  "status" : "OK"
}
2026-03-17 08:13:04.191 [bol-api-pekko.actor.default-dispatcher-11999] DEBUG c.b.b.s.status.GetStatusHandler - Dialog: 7ae71318-f4c0-4a59-868d-4a0a947091ee
Start: 2026-03-17T08:13:04.191453979
Request:null
2026-03-17 08:13:04.191 [bol-api-pekko.actor.default-dispatcher-11999] DEBUG c.b.b.s.status.GetStatusHandler - Dialog: 7ae71318-f4c0-4a59-868d-4a0a947091ee
Start: 2026-03-17T08:13:04.191453979
Request:null
----------------------------------------
Response:{
  "statusCode" : 200,
  "entity" : {
    "name" : "bol-api",
    "version" : "1.1.0-SNAPSHOT",
    "builtAt" : "2026-02-11T12:34:19",
    "startedAt" : "2026-03-06T11:57:19",
    "currentTime" : "2026-03-17T08:13:04",
    "environment" : "developer",
    "status" : "OK"
  }
}
Duration:0 ms
2026-03-17 08:18:25.496 [TaskController-tasks.scheduler-dispatcher-3599] INFO  c.b.b.client.CheckConnectionTask - Starting task: CheckConnectionTask
2026-03-17 08:18:25.535 [TaskController-tasks.scheduler-dispatcher-3599] INFO  c.b.b.client.CheckConnectionTask - Task CheckConnectionTask succeed: {
  "name" : "bsecurity-api",
  "version" : "1.3.0-SNAPSHOT",
  "builtAt" : "2026-03-03T08:13:34",
  "startedAt" : "2026-03-05T12:30:02",
  "currentTime" : "2026-03-17T08:18:25",
  "environment" : "testing",
  "status" : "OK"
}
2026-03-17 08:22:18.136 [TaskController-tasks.scheduler-dispatcher-3600] INFO  c.b.b.client.CheckConnectionTask - Starting task: CheckConnectionTask
2026-03-17 08:22:18.517 [TaskController-tasks.scheduler-dispatcher-3600] INFO  c.b.b.client.CheckConnectionTask - Task CheckConnectionTask succeed: {
  "name" : "bsecurity-api",
  "version" : "1.3.0-SNAPSHOT",
  "builtAt" : "2026-03-03T08:13:34",
  "startedAt" : "2026-03-05T12:30:02",
  "currentTime" : "2026-03-17T08:22:18",
  "environment" : "testing",
  "status" : "OK"
}
2026-03-17 08:22:25.827 [TaskController-tasks.scheduler-dispatcher-3601] INFO  c.b.b.client.CheckConnectionTask - Starting task: CheckConnectionTask
2026-03-17 08:22:25.831 [TaskController-tasks.scheduler-dispatcher-3601] INFO  c.b.b.client.CheckConnectionTask - Task CheckConnectionTask succeed: {
  "name" : "bsecurity-api",
  "version" : "1.3.0-SNAPSHOT",
  "builtAt" : "2026-03-03T08:13:34",
  "startedAt" : "2026-03-05T12:30:02",
  "currentTime" : "2026-03-17T08:22:25",
  "environment" : "testing",
  "status" : "OK"
}
2026-03-17 08:22:55.006 [TaskController-tasks.scheduler-dispatcher-3602] INFO  c.b.b.client.CheckConnectionTask - Starting task: CheckConnectionTask
2026-03-17 08:22:55.011 [TaskController-tasks.scheduler-dispatcher-3602] INFO  c.b.b.client.CheckConnectionTask - Task CheckConnectionTask succeed: {
  "name" : "bsecurity-api",
  "version" : "1.3.0-SNAPSHOT",
  "builtAt" : "2026-03-03T08:13:34",
  "startedAt" : "2026-03-05T12:30:02",
  "currentTime" : "2026-03-17T08:22:55",
  "environment" : "testing",
  "status" : "OK"
}
2026-03-17 08:23:04.189 [bol-api-pekko.actor.default-dispatcher-12005] DEBUG c.b.b.s.status.GetStatusHandler - Dialog: 944b5ac5-bfd2-437a-80a8-9a68511778b4
Start: 2026-03-17T08:23:04.189799103
Request:null
2026-03-17 08:23:04.189 [bol-api-pekko.actor.default-dispatcher-12005] DEBUG c.b.b.s.status.GetStatusHandler - Dialog: 944b5ac5-bfd2-437a-80a8-9a68511778b4
Start: 2026-03-17T08:23:04.189799103
Request:null
----------------------------------------
Response:{
  "statusCode" : 200,
  "entity" : {
    "name" : "bol-api",
    "version" : "1.1.0-SNAPSHOT",
    "builtAt" : "2026-02-11T12:34:19",
    "startedAt" : "2026-03-06T11:57:19",
    "currentTime" : "2026-03-17T08:23:04",
    "environment" : "developer",
    "status" : "OK"
  }
}
Duration:0 ms
2026-03-17 08:28:25.497 [TaskController-tasks.scheduler-dispatcher-3603] INFO  c.b.b.client.CheckConnectionTask - Starting task: CheckConnectionTask
2026-03-17 08:28:25.530 [TaskController-tasks.scheduler-dispatcher-3603] INFO  c.b.b.client.CheckConnectionTask - Task CheckConnectionTask succeed: {
  "name" : "bsecurity-api",
  "version" : "1.3.0-SNAPSHOT",
  "builtAt" : "2026-03-03T08:13:34",
  "startedAt" : "2026-03-05T12:30:02",
  "currentTime" : "2026-03-17T08:28:25",
  "environment" : "testing",
  "status" : "OK"
}
2026-03-17 08:32:18.147 [TaskController-tasks.scheduler-dispatcher-3604] INFO  c.b.b.client.CheckConnectionTask - Starting task: CheckConnectionTask
2026-03-17 08:32:18.175 [TaskController-tasks.scheduler-dispatcher-3604] INFO  c.b.b.client.CheckConnectionTask - Task CheckConnectionTask succeed: {
  "name" : "bsecurity-api",
  "version" : "1.3.0-SNAPSHOT",
  "builtAt" : "2026-03-03T08:13:34",
  "startedAt" : "2026-03-05T12:30:02",
  "currentTime" : "2026-03-17T08:32:18",
  "environment" : "testing",
  "status" : "OK"
}
2026-03-17 08:32:25.827 [TaskController-tasks.scheduler-dispatcher-3605] INFO  c.b.b.client.CheckConnectionTask - Starting task: CheckConnectionTask
2026-03-17 08:32:25.832 [TaskController-tasks.scheduler-dispatcher-3605] INFO  c.b.b.client.CheckConnectionTask - Task CheckConnectionTask succeed: {
  "name" : "bsecurity-api",
  "version" : "1.3.0-SNAPSHOT",
  "builtAt" : "2026-03-03T08:13:34",
  "startedAt" : "2026-03-05T12:30:02",
  "currentTime" : "2026-03-17T08:32:25",
  "environment" : "testing",
  "status" : "OK"
}
2026-03-17 08:32:55.007 [TaskController-tasks.scheduler-dispatcher-3606] INFO  c.b.b.client.CheckConnectionTask - Starting task: CheckConnectionTask
2026-03-17 08:32:55.013 [TaskController-tasks.scheduler-dispatcher-3606] INFO  c.b.b.client.CheckConnectionTask - Task CheckConnectionTask succeed: {
  "name" : "bsecurity-api",
  "version" : "1.3.0-SNAPSHOT",
  "builtAt" : "2026-03-03T08:13:34",
  "startedAt" : "2026-03-05T12:30:02",
  "currentTime" : "2026-03-17T08:32:55",
  "environment" : "testing",
  "status" : "OK"
}
2026-03-17 08:33:04.190 [bol-api-pekko.actor.default-dispatcher-12011] DEBUG c.b.b.s.status.GetStatusHandler - Dialog: bebbaab0-41a1-4c1c-a5e7-4dd2a7f04d7b
Start: 2026-03-17T08:33:04.190686730
Request:null
2026-03-17 08:33:04.191 [bol-api-pekko.actor.default-dispatcher-12011] DEBUG c.b.b.s.status.GetStatusHandler - Dialog: bebbaab0-41a1-4c1c-a5e7-4dd2a7f04d7b
Start: 2026-03-17T08:33:04.190686730
Request:null
----------------------------------------
Response:{
  "statusCode" : 200,
  "entity" : {
    "name" : "bol-api",
    "version" : "1.1.0-SNAPSHOT",
    "builtAt" : "2026-02-11T12:34:19",
    "startedAt" : "2026-03-06T11:57:19",
    "currentTime" : "2026-03-17T08:33:04",
    "environment" : "developer",
    "status" : "OK"
  }
}
Duration:0 ms
2026-03-17 08:38:25.507 [TaskController-tasks.scheduler-dispatcher-3607] INFO  c.b.b.client.CheckConnectionTask - Starting task: CheckConnectionTask
2026-03-17 08:38:25.538 [TaskController-tasks.scheduler-dispatcher-3607] INFO  c.b.b.client.CheckConnectionTask - Task CheckConnectionTask succeed: {
  "name" : "bsecurity-api",
  "version" : "1.3.0-SNAPSHOT",
  "builtAt" : "2026-03-03T08:13:34",
  "startedAt" : "2026-03-05T12:30:02",
  "currentTime" : "2026-03-17T08:38:25",
  "environment" : "testing",
  "status" : "OK"
}
2026-03-17 08:42:18.137 [TaskController-tasks.scheduler-dispatcher-3608] INFO  c.b.b.client.CheckConnectionTask - Starting task: CheckConnectionTask
2026-03-17 08:42:18.166 [TaskController-tasks.scheduler-dispatcher-3608] INFO  c.b.b.client.CheckConnectionTask - Task CheckConnectionTask succeed: {
  "name" : "bsecurity-api",
  "version" : "1.3.0-SNAPSHOT",
  "builtAt" : "2026-03-03T08:13:34",
  "startedAt" : "2026-03-05T12:30:02",
  "currentTime" : "2026-03-17T08:42:18",
  "environment" : "testing",
  "status" : "OK"
}
2026-03-17 08:42:25.827 [TaskController-tasks.scheduler-dispatcher-3609] INFO  c.b.b.client.CheckConnectionTask - Starting task: CheckConnectionTask
2026-03-17 08:42:25.831 [TaskController-tasks.scheduler-dispatcher-3609] INFO  c.b.b.client.CheckConnectionTask - Task CheckConnectionTask succeed: {
  "name" : "bsecurity-api",
  "version" : "1.3.0-SNAPSHOT",
  "builtAt" : "2026-03-03T08:13:34",
  "startedAt" : "2026-03-05T12:30:02",
  "currentTime" : "2026-03-17T08:42:25",
  "environment" : "testing",
  "status" : "OK"
}
2026-03-17 08:42:55.007 [TaskController-tasks.scheduler-dispatcher-3610] INFO  c.b.b.client.CheckConnectionTask - Starting task: CheckConnectionTask
2026-03-17 08:42:55.012 [TaskController-tasks.scheduler-dispatcher-3610] INFO  c.b.b.client.CheckConnectionTask - Task CheckConnectionTask succeed: {
  "name" : "bsecurity-api",
  "version" : "1.3.0-SNAPSHOT",
  "builtAt" : "2026-03-03T08:13:34",
  "startedAt" : "2026-03-05T12:30:02",
  "currentTime" : "2026-03-17T08:42:55",
  "environment" : "testing",
  "status" : "OK"
}
2026-03-17 08:43:04.194 [bol-api-pekko.actor.default-dispatcher-12017] DEBUG c.b.b.s.status.GetStatusHandler - Dialog: a5a62d71-a83b-4099-9b23-8cb86d631809
Start: 2026-03-17T08:43:04.194496751
Request:null
2026-03-17 08:43:04.194 [bol-api-pekko.actor.default-dispatcher-12017] DEBUG c.b.b.s.status.GetStatusHandler - Dialog: a5a62d71-a83b-4099-9b23-8cb86d631809
Start: 2026-03-17T08:43:04.194496751
Request:null
----------------------------------------
Response:{
  "statusCode" : 200,
  "entity" : {
    "name" : "bol-api",
    "version" : "1.1.0-SNAPSHOT",
    "builtAt" : "2026-02-11T12:34:19",
    "startedAt" : "2026-03-06T11:57:19",
    "currentTime" : "2026-03-17T08:43:04",
    "environment" : "developer",
    "status" : "OK"
  }
}
Duration:0 ms
2026-03-17 08:48:25.507 [TaskController-tasks.scheduler-dispatcher-3611] INFO  c.b.b.client.CheckConnectionTask - Starting task: CheckConnectionTask
2026-03-17 08:48:25.541 [TaskController-tasks.scheduler-dispatcher-3611] INFO  c.b.b.client.CheckConnectionTask - Task CheckConnectionTask succeed: {
  "name" : "bsecurity-api",
  "version" : "1.3.0-SNAPSHOT",
  "builtAt" : "2026-03-03T08:13:34",
  "startedAt" : "2026-03-05T12:30:02",
  "currentTime" : "2026-03-17T08:48:25",
  "environment" : "testing",
  "status" : "OK"
}
2026-03-17 08:52:18.136 [TaskController-tasks.scheduler-dispatcher-3612] INFO  c.b.b.client.CheckConnectionTask - Starting task: CheckConnectionTask
2026-03-17 08:52:18.203 [TaskController-tasks.scheduler-dispatcher-3612] INFO  c.b.b.client.CheckConnectionTask - Task CheckConnectionTask succeed: {
  "name" : "bsecurity-api",
  "version" : "1.3.0-SNAPSHOT",
  "builtAt" : "2026-03-03T08:13:34",
  "startedAt" : "2026-03-05T12:30:02",
  "currentTime" : "2026-03-17T08:52:18",
  "environment" : "testing",
  "status" : "OK"
}
2026-03-17 08:52:25.826 [TaskController-tasks.scheduler-dispatcher-3613] INFO  c.b.b.client.CheckConnectionTask - Starting task: CheckConnectionTask
2026-03-17 08:52:25.832 [TaskController-tasks.scheduler-dispatcher-3613] INFO  c.b.b.client.CheckConnectionTask - Task CheckConnectionTask succeed: {
  "name" : "bsecurity-api",
  "version" : "1.3.0-SNAPSHOT",
  "builtAt" : "2026-03-03T08:13:34",
  "startedAt" : "2026-03-05T12:30:02",
  "currentTime" : "2026-03-17T08:52:25",
  "environment" : "testing",
  "status" : "OK"
}
2026-03-17 08:52:55.006 [TaskController-tasks.scheduler-dispatcher-3614] INFO  c.b.b.client.CheckConnectionTask - Starting task: CheckConnectionTask
2026-03-17 08:52:55.011 [TaskController-tasks.scheduler-dispatcher-3614] INFO  c.b.b.client.CheckConnectionTask - Task CheckConnectionTask succeed: {
  "name" : "bsecurity-api",
  "version" : "1.3.0-SNAPSHOT",
  "builtAt" : "2026-03-03T08:13:34",
  "startedAt" : "2026-03-05T12:30:02",
  "currentTime" : "2026-03-17T08:52:55",
  "environment" : "testing",
  "status" : "OK"
}
2026-03-17 08:53:04.200 [bol-api-pekko.actor.default-dispatcher-12023] DEBUG c.b.b.s.status.GetStatusHandler - Dialog: 3bb8d3c3-5530-4e4e-adee-b42c730a9e6a
Start: 2026-03-17T08:53:04.200619903
Request:null
2026-03-17 08:53:04.200 [bol-api-pekko.actor.default-dispatcher-12023] DEBUG c.b.b.s.status.GetStatusHandler - Dialog: 3bb8d3c3-5530-4e4e-adee-b42c730a9e6a
Start: 2026-03-17T08:53:04.200619903
Request:null
----------------------------------------
Response:{
  "statusCode" : 200,
  "entity" : {
    "name" : "bol-api",
    "version" : "1.1.0-SNAPSHOT",
    "builtAt" : "2026-02-11T12:34:19",
    "startedAt" : "2026-03-06T11:57:19",
    "currentTime" : "2026-03-17T08:53:04",
    "environment" : "developer",
    "status" : "OK"
  }
}
Duration:0 ms
2026-03-17 08:58:25.514 [TaskController-tasks.scheduler-dispatcher-3615] INFO  c.b.b.client.CheckConnectionTask - Starting task: CheckConnectionTask
2026-03-17 08:58:25.584 [TaskController-tasks.scheduler-dispatcher-3615] INFO  c.b.b.client.CheckConnectionTask - Task CheckConnectionTask succeed: {
  "name" : "bsecurity-api",
  "version" : "1.3.0-SNAPSHOT",
  "builtAt" : "2026-03-03T08:13:34",
  "startedAt" : "2026-03-05T12:30:02",
  "currentTime" : "2026-03-17T08:58:25",
  "environment" : "testing",
  "status" : "OK"
}
2026-03-17 09:02:18.136 [TaskController-tasks.scheduler-dispatcher-3616] INFO  c.b.b.client.CheckConnectionTask - Starting task: CheckConnectionTask
2026-03-17 09:02:18.393 [TaskController-tasks.scheduler-dispatcher-3616] INFO  c.b.b.client.CheckConnectionTask - Task CheckConnectionTask succeed: {
  "name" : "bsecurity-api",
  "version" : "1.3.0-SNAPSHOT",
  "builtAt" : "2026-03-03T08:13:34",
  "startedAt" : "2026-03-05T12:30:02",
  "currentTime" : "2026-03-17T09:02:18",
  "environment" : "testing",
  "status" : "OK"
}
2026-03-17 09:02:25.827 [TaskController-tasks.scheduler-dispatcher-3617] INFO  c.b.b.client.CheckConnectionTask - Starting task: CheckConnectionTask
2026-03-17 09:02:25.832 [TaskController-tasks.scheduler-dispatcher-3617] INFO  c.b.b.client.CheckConnectionTask - Task CheckConnectionTask succeed: {
  "name" : "bsecurity-api",
  "version" : "1.3.0-SNAPSHOT",
  "builtAt" : "2026-03-03T08:13:34",
  "startedAt" : "2026-03-05T12:30:02",
  "currentTime" : "2026-03-17T09:02:25",
  "environment" : "testing",
  "status" : "OK"
}
2026-03-17 09:02:55.006 [TaskController-tasks.scheduler-dispatcher-3618] INFO  c.b.b.client.CheckConnectionTask - Starting task: CheckConnectionTask
2026-03-17 09:02:55.011 [TaskController-tasks.scheduler-dispatcher-3618] INFO  c.b.b.client.CheckConnectionTask - Task CheckConnectionTask succeed: {
  "name" : "bsecurity-api",
  "version" : "1.3.0-SNAPSHOT",
  "builtAt" : "2026-03-03T08:13:34",
  "startedAt" : "2026-03-05T12:30:02",
  "currentTime" : "2026-03-17T09:02:55",
  "environment" : "testing",
  "status" : "OK"
}
2026-03-17 09:03:04.194 [bol-api-pekko.actor.default-dispatcher-12029] DEBUG c.b.b.s.status.GetStatusHandler - Dialog: 8ab51526-3031-4465-983e-661257e6b57f
Start: 2026-03-17T09:03:04.194040208
Request:null
2026-03-17 09:03:04.194 [bol-api-pekko.actor.default-dispatcher-12029] DEBUG c.b.b.s.status.GetStatusHandler - Dialog: 8ab51526-3031-4465-983e-661257e6b57f
Start: 2026-03-17T09:03:04.194040208
Request:null
----------------------------------------
Response:{
  "statusCode" : 200,
  "entity" : {
    "name" : "bol-api",
    "version" : "1.1.0-SNAPSHOT",
    "builtAt" : "2026-02-11T12:34:19",
    "startedAt" : "2026-03-06T11:57:19",
    "currentTime" : "2026-03-17T09:03:04",
    "environment" : "developer",
    "status" : "OK"
  }
}
Duration:0 ms
2026-03-17 09:05:01.950 [bol-api-pekko.actor.default-dispatcher-12031] DEBUG c.b.b.s.status.GetStatusHandler - Dialog: 725d00cc-1a2d-4a51-9d67-f3d58fbe436c
Start: 2026-03-17T09:05:01.950201901
Request:null
2026-03-17 09:05:01.950 [bol-api-pekko.actor.default-dispatcher-12031] DEBUG c.b.b.s.status.GetStatusHandler - Dialog: 725d00cc-1a2d-4a51-9d67-f3d58fbe436c
Start: 2026-03-17T09:05:01.950201901
Request:null
----------------------------------------
Response:{
  "statusCode" : 200,
  "entity" : {
    "name" : "bol-api",
    "version" : "1.1.0-SNAPSHOT",
    "builtAt" : "2026-02-11T12:34:19",
    "startedAt" : "2026-03-06T11:57:19",
    "currentTime" : "2026-03-17T09:05:01",
    "environment" : "developer",
    "status" : "OK"
  }
}
Duration:0 ms
2026-03-17 09:08:25.496 [TaskController-tasks.scheduler-dispatcher-3619] INFO  c.b.b.client.CheckConnectionTask - Starting task: CheckConnectionTask
2026-03-17 09:08:25.530 [TaskController-tasks.scheduler-dispatcher-3619] INFO  c.b.b.client.CheckConnectionTask - Task CheckConnectionTask succeed: {
  "name" : "bsecurity-api",
  "version" : "1.3.0-SNAPSHOT",
  "builtAt" : "2026-03-03T08:13:34",
  "startedAt" : "2026-03-05T12:30:02",
  "currentTime" : "2026-03-17T09:08:25",
  "environment" : "testing",
  "status" : "OK"
}
2026-03-17 09:08:57.492 [bol-api-pekko.actor.default-dispatcher-12037] DEBUG c.b.b.s.status.GetStatusHandler - Dialog: 5db82e19-6f3f-4326-9d8e-ee6e75f1dacd
Start: 2026-03-17T09:08:57.492328517
Request:null
2026-03-17 09:08:57.492 [bol-api-pekko.actor.default-dispatcher-12037] DEBUG c.b.b.s.status.GetStatusHandler - Dialog: 5db82e19-6f3f-4326-9d8e-ee6e75f1dacd
Start: 2026-03-17T09:08:57.492328517
Request:null
----------------------------------------
Response:{
  "statusCode" : 200,
  "entity" : {
    "name" : "bol-api",
    "version" : "1.1.0-SNAPSHOT",
    "builtAt" : "2026-02-11T12:34:19",
    "startedAt" : "2026-03-06T11:57:19",
    "currentTime" : "2026-03-17T09:08:57",
    "environment" : "developer",
    "status" : "OK"
  }
}
Duration:0 ms
2026-03-17 09:08:57.497 [bol-api-pekko.actor.default-dispatcher-12037] INFO  com.bqn.bol.BSecurityServices - accessToken:e1252be6-dfe9-4450-8be6-6a1f939b87a3 ssn:ssn#241449: bol-api Lun16 08:51
2026-03-17 09:08:57.568 [bol-api-pekko.actor.default-dispatcher-12037] DEBUG c.b.b.s.b.cierres.GetCierresHandler - Dialog: b2eab09c-fda7-45d5-8193-73598f0b405b
Start: 2026-03-17T09:08:57.568620078
Request:null
2026-03-17 09:08:57.695 [bol-api-pekko.actor.default-dispatcher-12037] INFO  com.bqn.bol.Dialoger - received: CIERRES_RESP (ver.1.0.0)
	Mar17 Mar. 14:00
	Mar17 Mar. 20:00
	Mié18 Mar. 14:00
2026-03-17 09:08:57.697 [bol-api-pekko.actor.default-dispatcher-12037] DEBUG c.b.b.s.b.cierres.GetCierresHandler - Dialog: b2eab09c-fda7-45d5-8193-73598f0b405b
Start: 2026-03-17T09:08:57.568620078
Request:null
----------------------------------------
Response:{
  "statusCode" : 200,
  "entity" : {
    "fechasCierre" : [ "2026-03-17T14:00:00", "2026-03-17T20:00:00", "2026-03-18T14:00:00" ]
  }
}
Duration:128 ms
2026-03-17 09:08:57.721 [bol-api-pekko.actor.default-dispatcher-12039] DEBUG c.b.b.s.b.c.CambioCierreHandler - Dialog: bb29319f-fc1b-4510-b5ef-a9d4d3fb0202
Start: 2026-03-17T09:08:57.721200697
Request:{
  "fechaCierre" : "2026-03-17T14:00:00"
}
2026-03-17 09:08:57.780 [bol-api-pekko.actor.default-dispatcher-12039] INFO  com.bqn.bol.Dialoger - received: CAMBIO_CIERRE_RESP (ver.1.0.0)
	Cierre: VES  2026-03-17T14:00
	QUI 2026-03-17 #30308 (2026-03-16T21:30 - 2026-03-17T15:00)
	QUI 2026-03-17 #30309 (2026-03-16T21:30 - 2026-03-17T21:00)
	TOM 2026-03-17 #30352 (2026-03-16T21:30 - 2026-03-17T15:00)
	TOM 2026-03-17 #30353 (2026-03-16T21:30 - 2026-03-17T21:00)
	ORO 2026-03-18 #30392 (2026-03-15T22:30 - 2026-03-18T22:00)
	REC 2026-03-31 #45280 (2026-03-01T00:00 - 2026-03-31T23:59:59)
	PIN 2026-03-31 #46255 (2026-03-01T00:00 - 2026-03-31T23:59:59)
	LOT 2026-03-20 #47138 (2026-03-19T21:00 - 2026-03-20T21:00)
	LOT 2026-03-18 #47143 (2026-03-16T21:00 - 2026-03-18T21:00)
	SUP 2026-12-31 #52178 (2026-03-03T03:00 - 2026-12-31T12:00)
	SUP 2027-01-01 #55000 (2026-12-31T12:00 - 2027-01-01T00:00)
2026-03-17 09:08:57.783 [bol-api-pekko.actor.default-dispatcher-12039] DEBUG c.b.b.s.b.c.CambioCierreHandler - Dialog: bb29319f-fc1b-4510-b5ef-a9d4d3fb0202
Start: 2026-03-17T09:08:57.721200697
Request:{
  "fechaCierre" : "2026-03-17T14:00:00"
}
----------------------------------------
Response:{
  "statusCode" : 200,
  "entity" : {
    "fechaCierre" : "2026-03-17T14:00:00",
    "sorteos" : [ {
      "nroSorteo" : 30308,
      "codigoProducto" : "QUI",
      "fechaSorteo" : "2026-03-17T15:00:00",
      "fechaInicio" : "2026-03-16T21:30:00",
      "fechaFin" : "2026-03-17T15:00:00"
    }, {
      "nroSorteo" : 30309,
      "codigoProducto" : "QUI",
      "fechaSorteo" : "2026-03-17T21:00:00",
      "fechaInicio" : "2026-03-16T21:30:00",
      "fechaFin" : "2026-03-17T21:00:00"
    }, {
      "nroSorteo" : 30352,
      "codigoProducto" : "TOM",
      "fechaSorteo" : "2026-03-17T15:00:00",
      "fechaInicio" : "2026-03-16T21:30:00",
      "fechaFin" : "2026-03-17T15:00:00"
    }, {
      "nroSorteo" : 30353,
      "codigoProducto" : "TOM",
      "fechaSorteo" : "2026-03-17T21:00:00",
      "fechaInicio" : "2026-03-16T21:30:00",
      "fechaFin" : "2026-03-17T21:00:00"
    }, {
      "nroSorteo" : 30392,
      "codigoProducto" : "ORO",
      "fechaSorteo" : "2026-03-18T22:00:00",
      "fechaInicio" : "2026-03-15T22:30:00",
      "fechaFin" : "2026-03-18T22:00:00"
    }, {
      "nroSorteo" : 45280,
      "codigoProducto" : "REC",
      "fechaSorteo" : "2026-03-31T23:59:59",
      "fechaInicio" : "2026-03-01T00:00:00",
      "fechaFin" : "2026-03-31T23:59:59"
    }, {
      "nroSorteo" : 46255,
      "codigoProducto" : "PIN",
      "fechaSorteo" : "2026-03-31T23:59:59",
      "fechaInicio" : "2026-03-01T00:00:00",
      "fechaFin" : "2026-03-31T23:59:59"
    }, {
      "nroSorteo" : 47138,
      "codigoProducto" : "LOT",
      "fechaSorteo" : "2026-03-20T21:00:00",
      "fechaInicio" : "2026-03-19T21:00:00",
      "fechaFin" : "2026-03-20T21:00:00"
    }, {
      "nroSorteo" : 47143,
      "codigoProducto" : "LOT",
      "fechaSorteo" : "2026-03-18T21:00:00",
      "fechaInicio" : "2026-03-16T21:00:00",
      "fechaFin" : "2026-03-18T21:00:00"
    }, {
      "nroSorteo" : 52178,
      "codigoProducto" : "SUP",
      "fechaSorteo" : "2026-12-31T12:00:00",
      "fechaInicio" : "2026-03-03T03:00:00",
      "fechaFin" : "2026-12-31T12:00:00"
    }, {
      "nroSorteo" : 55000,
      "codigoProducto" : "SUP",
      "fechaSorteo" : "2027-01-01T00:00:00",
      "fechaInicio" : "2026-12-31T12:00:00",
      "fechaFin" : "2027-01-01T00:00:00"
    } ]
  }
}
Duration:61 ms
2026-03-17 09:08:57.823 [bol-api-pekko.actor.default-dispatcher-12037] DEBUG c.b.b.s.c.p.GetDatosVendedorHandler - Dialog: f241b959-9b44-4262-972a-f587eee312d5
Start: 2026-03-17T09:08:57.823858031
Request:null
2026-03-17 09:08:57.825 [bol-api-pekko.actor.default-dispatcher-12037] DEBUG c.b.b.s.c.p.GetDatosVendedorHandler - Dialog: f241b959-9b44-4262-972a-f587eee312d5
Start: 2026-03-17T09:08:57.823858031
Request:null
----------------------------------------
Response:{
  "statusCode" : 200,
  "entity" : {
    "nroBanca" : 8,
    "nombreBanca" : "Cerro Largo",
    "nroAgencia" : 2,
    "nroSubagente" : 2003,
    "nroWorkgroup" : 11
  }
}
Duration:1 ms
2026-03-17 09:08:57.825 [bol-api-pekko.actor.default-dispatcher-12037] DEBUG c.b.b.s.c.j.GetConfigJuegosHandler - Dialog: e5254396-f581-43ca-a27d-0c0bdca8bc82
Start: 2026-03-17T09:08:57.825897724
Request:{
  "fechaCierre" : "2026-03-17T14:00:00"
}
2026-03-17 09:08:57.839 [bol-api-pekko.actor.default-dispatcher-12037] DEBUG c.b.b.s.c.j.GetConfigJuegosHandler - Dialog: e5254396-f581-43ca-a27d-0c0bdca8bc82
Start: 2026-03-17T09:08:57.825897724
Request:{
  "fechaCierre" : "2026-03-17T14:00:00"
}
----------------------------------------
Response:{
  "statusCode" : 200,
  "entity" : {
    "QUI" : {
      "apuestaMin" : 1,
      "apuestaMax" : 1000
    },
    "TOM" : {
      "apuestaMin" : 40,
      "apuestaMax" : 250
    },
    "ORO" : {
      "valorApuestaComun" : 50,
      "valorApuestaRevancha" : 70,
      "cantidadDeJugadasList" : [ {
        "cantidadDeNumeros" : 4,
        "cantidadDeJugadas" : 44
      }, {
        "cantidadDeNumeros" : 5,
        "cantidadDeJugadas" : 1
      }, {
        "cantidadDeNumeros" : 6,
        "cantidadDeJugadas" : 6
      }, {
        "cantidadDeNumeros" : 7,
        "cantidadDeJugadas" : 21
      }, {
        "cantidadDeNumeros" : 8,
        "cantidadDeJugadas" : 56
      } ]
    },
    "LOT" : {
      "valorFraccion" : 150,
      "valorEntero" : 1500,
      "cantidadDeFracciones" : 10
    },
    "SUP" : {
      "apuestaMin" : 50,
      "apuestaMax" : 2345
    }
  }
}
Duration:13 ms
2026-03-17 09:12:18.136 [TaskController-tasks.scheduler-dispatcher-3620] INFO  c.b.b.client.CheckConnectionTask - Starting task: CheckConnectionTask
2026-03-17 09:12:18.169 [TaskController-tasks.scheduler-dispatcher-3620] INFO  c.b.b.client.CheckConnectionTask - Task CheckConnectionTask succeed: {
  "name" : "bsecurity-api",
  "version" : "1.3.0-SNAPSHOT",
  "builtAt" : "2026-03-03T08:13:34",
  "startedAt" : "2026-03-05T12:30:02",
  "currentTime" : "2026-03-17T09:12:18",
  "environment" : "testing",
  "status" : "OK"
}
2026-03-17 09:12:25.827 [TaskController-tasks.scheduler-dispatcher-3621] INFO  c.b.b.client.CheckConnectionTask - Starting task: CheckConnectionTask
2026-03-17 09:12:25.832 [TaskController-tasks.scheduler-dispatcher-3621] INFO  c.b.b.client.CheckConnectionTask - Task CheckConnectionTask succeed: {
  "name" : "bsecurity-api",
  "version" : "1.3.0-SNAPSHOT",
  "builtAt" : "2026-03-03T08:13:34",
  "startedAt" : "2026-03-05T12:30:02",
  "currentTime" : "2026-03-17T09:12:25",
  "environment" : "testing",
  "status" : "OK"
}
2026-03-17 09:12:55.006 [TaskController-tasks.scheduler-dispatcher-3622] INFO  c.b.b.client.CheckConnectionTask - Starting task: CheckConnectionTask
2026-03-17 09:12:55.010 [TaskController-tasks.scheduler-dispatcher-3622] INFO  c.b.b.client.CheckConnectionTask - Task CheckConnectionTask succeed: {
  "name" : "bsecurity-api",
  "version" : "1.3.0-SNAPSHOT",
  "builtAt" : "2026-03-03T08:13:34",
  "startedAt" : "2026-03-05T12:30:02",
  "currentTime" : "2026-03-17T09:12:55",
  "environment" : "testing",
  "status" : "OK"
}
2026-03-17 09:13:04.201 [bol-api-pekko.actor.default-dispatcher-12043] DEBUG c.b.b.s.status.GetStatusHandler - Dialog: 3882ad1f-5962-4239-bfed-976214405f21
Start: 2026-03-17T09:13:04.201323135
Request:null
2026-03-17 09:13:04.201 [bol-api-pekko.actor.default-dispatcher-12043] DEBUG c.b.b.s.status.GetStatusHandler - Dialog: 3882ad1f-5962-4239-bfed-976214405f21
Start: 2026-03-17T09:13:04.201323135
Request:null
----------------------------------------
Response:{
  "statusCode" : 200,
  "entity" : {
    "name" : "bol-api",
    "version" : "1.1.0-SNAPSHOT",
    "builtAt" : "2026-02-11T12:34:19",
    "startedAt" : "2026-03-06T11:57:19",
    "currentTime" : "2026-03-17T09:13:04",
    "environment" : "developer",
    "status" : "OK"
  }
}
Duration:0 ms
2026-03-17 09:18:25.507 [TaskController-tasks.scheduler-dispatcher-3623] INFO  c.b.b.client.CheckConnectionTask - Starting task: CheckConnectionTask
2026-03-17 09:18:25.596 [TaskController-tasks.scheduler-dispatcher-3623] INFO  c.b.b.client.CheckConnectionTask - Task CheckConnectionTask succeed: {
  "name" : "bsecurity-api",
  "version" : "1.3.0-SNAPSHOT",
  "builtAt" : "2026-03-03T08:13:34",
  "startedAt" : "2026-03-05T12:30:02",
  "currentTime" : "2026-03-17T09:18:25",
  "environment" : "testing",
  "status" : "OK"
}
2026-03-17 09:22:18.136 [TaskController-tasks.scheduler-dispatcher-3624] INFO  c.b.b.client.CheckConnectionTask - Starting task: CheckConnectionTask
2026-03-17 09:22:18.167 [TaskController-tasks.scheduler-dispatcher-3624] INFO  c.b.b.client.CheckConnectionTask - Task CheckConnectionTask succeed: {
  "name" : "bsecurity-api",
  "version" : "1.3.0-SNAPSHOT",
  "builtAt" : "2026-03-03T08:13:34",
  "startedAt" : "2026-03-05T12:30:02",
  "currentTime" : "2026-03-17T09:22:18",
  "environment" : "testing",
  "status" : "OK"
}
2026-03-17 09:22:25.827 [TaskController-tasks.scheduler-dispatcher-3625] INFO  c.b.b.client.CheckConnectionTask - Starting task: CheckConnectionTask
2026-03-17 09:22:25.831 [TaskController-tasks.scheduler-dispatcher-3625] INFO  c.b.b.client.CheckConnectionTask - Task CheckConnectionTask succeed: {
  "name" : "bsecurity-api",
  "version" : "1.3.0-SNAPSHOT",
  "builtAt" : "2026-03-03T08:13:34",
  "startedAt" : "2026-03-05T12:30:02",
  "currentTime" : "2026-03-17T09:22:25",
  "environment" : "testing",
  "status" : "OK"
}
2026-03-17 09:22:55.007 [TaskController-tasks.scheduler-dispatcher-3626] INFO  c.b.b.client.CheckConnectionTask - Starting task: CheckConnectionTask
2026-03-17 09:22:55.011 [TaskController-tasks.scheduler-dispatcher-3626] INFO  c.b.b.client.CheckConnectionTask - Task CheckConnectionTask succeed: {
  "name" : "bsecurity-api",
  "version" : "1.3.0-SNAPSHOT",
  "builtAt" : "2026-03-03T08:13:34",
  "startedAt" : "2026-03-05T12:30:02",
  "currentTime" : "2026-03-17T09:22:55",
  "environment" : "testing",
  "status" : "OK"
}
2026-03-17 09:23:04.190 [bol-api-pekko.actor.default-dispatcher-12049] DEBUG c.b.b.s.status.GetStatusHandler - Dialog: 8eb0d4e2-c0aa-41ea-a80f-4a1ce081859b
Start: 2026-03-17T09:23:04.190334048
Request:null
2026-03-17 09:23:04.190 [bol-api-pekko.actor.default-dispatcher-12049] DEBUG c.b.b.s.status.GetStatusHandler - Dialog: 8eb0d4e2-c0aa-41ea-a80f-4a1ce081859b
Start: 2026-03-17T09:23:04.190334048
Request:null
----------------------------------------
Response:{
  "statusCode" : 200,
  "entity" : {
    "name" : "bol-api",
    "version" : "1.1.0-SNAPSHOT",
    "builtAt" : "2026-02-11T12:34:19",
    "startedAt" : "2026-03-06T11:57:19",
    "currentTime" : "2026-03-17T09:23:04",
    "environment" : "developer",
    "status" : "OK"
  }
}
Duration:0 ms
2026-03-17 09:28:25.496 [TaskController-tasks.scheduler-dispatcher-3627] INFO  c.b.b.client.CheckConnectionTask - Starting task: CheckConnectionTask
2026-03-17 09:28:25.565 [TaskController-tasks.scheduler-dispatcher-3627] INFO  c.b.b.client.CheckConnectionTask - Task CheckConnectionTask succeed: {
  "name" : "bsecurity-api",
  "version" : "1.3.0-SNAPSHOT",
  "builtAt" : "2026-03-03T08:13:34",
  "startedAt" : "2026-03-05T12:30:02",
  "currentTime" : "2026-03-17T09:28:25",
  "environment" : "testing",
  "status" : "OK"
}
2026-03-17 09:32:18.146 [TaskController-tasks.scheduler-dispatcher-3628] INFO  c.b.b.client.CheckConnectionTask - Starting task: CheckConnectionTask
2026-03-17 09:32:18.326 [TaskController-tasks.scheduler-dispatcher-3628] INFO  c.b.b.client.CheckConnectionTask - Task CheckConnectionTask succeed: {
  "name" : "bsecurity-api",
  "version" : "1.3.0-SNAPSHOT",
  "builtAt" : "2026-03-03T08:13:34",
  "startedAt" : "2026-03-05T12:30:02",
  "currentTime" : "2026-03-17T09:32:18",
  "environment" : "testing",
  "status" : "OK"
}
2026-03-17 09:32:25.827 [TaskController-tasks.scheduler-dispatcher-3629] INFO  c.b.b.client.CheckConnectionTask - Starting task: CheckConnectionTask
2026-03-17 09:32:25.831 [TaskController-tasks.scheduler-dispatcher-3629] INFO  c.b.b.client.CheckConnectionTask - Task CheckConnectionTask succeed: {
  "name" : "bsecurity-api",
  "version" : "1.3.0-SNAPSHOT",
  "builtAt" : "2026-03-03T08:13:34",
  "startedAt" : "2026-03-05T12:30:02",
  "currentTime" : "2026-03-17T09:32:25",
  "environment" : "testing",
  "status" : "OK"
}
2026-03-17 09:32:54.996 [TaskController-tasks.scheduler-dispatcher-3630] INFO  c.b.b.client.CheckConnectionTask - Starting task: CheckConnectionTask
2026-03-17 09:32:55.001 [TaskController-tasks.scheduler-dispatcher-3630] INFO  c.b.b.client.CheckConnectionTask - Task CheckConnectionTask succeed: {
  "name" : "bsecurity-api",
  "version" : "1.3.0-SNAPSHOT",
  "builtAt" : "2026-03-03T08:13:34",
  "startedAt" : "2026-03-05T12:30:02",
  "currentTime" : "2026-03-17T09:32:54",
  "environment" : "testing",
  "status" : "OK"
}
2026-03-17 09:33:04.193 [bol-api-pekko.actor.default-dispatcher-12057] DEBUG c.b.b.s.status.GetStatusHandler - Dialog: ee1d95b0-ce82-4503-9db1-e69da1f49dd6
Start: 2026-03-17T09:33:04.193471585
Request:null
2026-03-17 09:33:04.193 [bol-api-pekko.actor.default-dispatcher-12057] DEBUG c.b.b.s.status.GetStatusHandler - Dialog: ee1d95b0-ce82-4503-9db1-e69da1f49dd6
Start: 2026-03-17T09:33:04.193471585
Request:null
----------------------------------------
Response:{
  "statusCode" : 200,
  "entity" : {
    "name" : "bol-api",
    "version" : "1.1.0-SNAPSHOT",
    "builtAt" : "2026-02-11T12:34:19",
    "startedAt" : "2026-03-06T11:57:19",
    "currentTime" : "2026-03-17T09:33:04",
    "environment" : "developer",
    "status" : "OK"
  }
}
Duration:0 ms
2026-03-17 09:38:25.496 [TaskController-tasks.scheduler-dispatcher-3631] INFO  c.b.b.client.CheckConnectionTask - Starting task: CheckConnectionTask
2026-03-17 09:38:25.559 [TaskController-tasks.scheduler-dispatcher-3631] INFO  c.b.b.client.CheckConnectionTask - Task CheckConnectionTask succeed: {
  "name" : "bsecurity-api",
  "version" : "1.3.0-SNAPSHOT",
  "builtAt" : "2026-03-03T08:13:34",
  "startedAt" : "2026-03-05T12:30:02",
  "currentTime" : "2026-03-17T09:38:25",
  "environment" : "testing",
  "status" : "OK"
}
2026-03-17 09:40:15.708 [bol-api-pekko.actor.default-dispatcher-12061] DEBUG c.b.b.s.s.f.SorteosFuturosHandler - Dialog: 7efc0b83-ffd1-4096-8f40-ab761fb3ab36
Start: 2026-03-17T09:40:15.708238141
Request:{
  "codigoProducto" : "ORO",
  "nroSorteoDesde" : 30392
}
2026-03-17 09:40:15.919 [bol-api-pekko.actor.default-dispatcher-12061] INFO  com.bqn.bol.Dialoger - received: SORTEOS_FUTUROS_RESP (ver.1.0.0)
	ORO 2026-03-22 #30393
	ORO 2026-03-25 #30394
	ORO 2026-03-29 #30395
	ORO 2026-04-01 #30396
	ORO 2026-04-05 #30397
	ORO 2026-04-08 #30398
	ORO 2026-04-12 #30493
	ORO 2026-04-15 #30494
2026-03-17 09:40:15.921 [bol-api-pekko.actor.default-dispatcher-12061] DEBUG c.b.b.s.s.f.SorteosFuturosHandler - Dialog: 7efc0b83-ffd1-4096-8f40-ab761fb3ab36
Start: 2026-03-17T09:40:15.708238141
Request:{
  "codigoProducto" : "ORO",
  "nroSorteoDesde" : 30392
}
----------------------------------------
Response:{
  "statusCode" : 200,
  "entity" : {
    "sorteos" : [ {
      "nroSorteo" : 30393,
      "codigoProducto" : "ORO",
      "fechaSorteo" : "2026-03-22T22:00:00",
      "fechaInicio" : "2026-03-17T08:31:39",
      "fechaFin" : "2026-03-22T22:00:00"
    }, {
      "nroSorteo" : 30394,
      "codigoProducto" : "ORO",
      "fechaSorteo" : "2026-03-25T22:00:00",
      "fechaInicio" : "2026-03-17T08:31:39",
      "fechaFin" : "2026-03-25T22:00:00"
    }, {
      "nroSorteo" : 30395,
      "codigoProducto" : "ORO",
      "fechaSorteo" : "2026-03-29T22:00:00",
      "fechaInicio" : "2026-03-17T08:31:39",
      "fechaFin" : "2026-03-29T22:00:00"
    }, {
      "nroSorteo" : 30396,
      "codigoProducto" : "ORO",
      "fechaSorteo" : "2026-04-01T22:00:00",
      "fechaInicio" : "2026-03-17T08:31:39",
      "fechaFin" : "2026-04-01T22:00:00"
    }, {
      "nroSorteo" : 30397,
      "codigoProducto" : "ORO",
      "fechaSorteo" : "2026-04-05T22:00:00",
      "fechaInicio" : "2026-03-17T08:31:39",
      "fechaFin" : "2026-04-05T22:00:00"
    }, {
      "nroSorteo" : 30398,
      "codigoProducto" : "ORO",
      "fechaSorteo" : "2026-04-08T22:00:00",
      "fechaInicio" : "2026-03-17T08:31:39",
      "fechaFin" : "2026-04-08T22:00:00"
    }, {
      "nroSorteo" : 30493,
      "codigoProducto" : "ORO",
      "fechaSorteo" : "2026-04-12T22:00:00",
      "fechaInicio" : "2026-03-17T08:31:39",
      "fechaFin" : "2026-04-12T22:00:00"
    }, {
      "nroSorteo" : 30494,
      "codigoProducto" : "ORO",
      "fechaSorteo" : "2026-04-15T22:00:00",
      "fechaInicio" : "2026-03-17T08:31:39",
      "fechaFin" : "2026-04-15T22:00:00"
    } ]
  }
}
Duration:213 ms
2026-03-17 09:41:31.530 [bol-api-pekko.actor.default-dispatcher-12063] DEBUG c.b.b.s.pos.logs.PosLogsHandler - Dialog: a733b29c-b70f-49b8-b621-3ebb57211b83
Start: 2026-03-17T09:41:31.530107177
Request:{
  "logs" : [ {
    "level" : "INFO",
    "message" : "No migration needed for ORa Current version: 1, Target version: 1",
    "time" : "2026-03-17T09:04:04.405541",
    "module" : "db"
  }, {
    "level" : "INFO",
    "message" : "No migration needed for iSa Current version: 1, Target version: 1",
    "time" : "2026-03-17T09:04:04.409628",
    "module" : "db"
  }, {
    "level" : "INFO",
    "message" : "No migration needed for JRa Current version: 1, Target version: 1",
    "time" : "2026-03-17T09:04:04.410349",
    "module" : "db"
  }, {
    "level" : "INFO",
    "message" : "No migration needed for PRa Current version: 1, Target version: 1",
    "time" : "2026-03-17T09:04:04.408887",
    "module" : "db"
  }, {
    "level" : "WARNING",
    "message" : "No schema found for mSa Skipping migration.",
    "time" : "2026-03-17T09:04:04.416107",
    "module" : "db"
  }, {
    "level" : "INFO",
    "message" : "No migration needed for ZRa Current version: 4, Target version: 4",
    "time" : "2026-03-17T09:04:04.417554",
    "module" : "db"
  }, {
    "level" : "INFO",
    "message" : "Preferences updated: Preferences(isSoundEnabled: true, businessPin: **** protectionAmounts: Instance of 'NPa')",
    "time" : "2026-03-17T09:04:04.901845",
    "module" : "preferences"
  }, {
    "level" : "INFO",
    "message" : "GET Request: status - Params: null",
    "time" : "2026-03-17T09:04:05.016941",
    "module" : "dioAdapter"
  }, {
    "level" : "INFO",
    "message" : "POST Request: sesiones/refresh",
    "time" : "2026-03-17T09:04:05.042048",
    "module" : "dioAdapter"
  }, {
    "level" : "WARNING",
    "message" : "DioAdapter exception: POST https://api.testing.banquinet.org/bsecurity/sesiones/refresh - 403 - The supplied authentication is not authorized to access this resource - This exception was thrown because the response has a status code of 403 and RequestOptions.validateStatus was configured to throw for this status code.\nThe status code of 403 has the following meaning: \"Client error - the request contains bad syntax or cannot be fulfilled\"\nRead more about status codes at https://developer.mozilla.org/en-US/docs/Web/HTTP/Status\nIn order to resolve this exception you typically have either to verify and fix your request code or you have to fix the server code.\n",
    "time" : "2026-03-17T09:04:05.224129",
    "module" : "dioAdapter"
  }, {
    "level" : "INFO",
    "message" : "POST Request: login",
    "time" : "2026-03-17T09:04:05.239797",
    "module" : "dioAdapter"
  }, {
    "level" : "INFO",
    "message" : "No migration needed for ORa Current version: 1, Target version: 1",
    "time" : "2026-03-17T09:08:00.567194",
    "module" : "db"
  }, {
    "level" : "INFO",
    "message" : "No migration needed for PRa Current version: 1, Target version: 1",
    "time" : "2026-03-17T09:08:00.568132",
    "module" : "db"
  }, {
    "level" : "INFO",
    "message" : "No migration needed for iSa Current version: 1, Target version: 1",
    "time" : "2026-03-17T09:08:00.568461",
    "module" : "db"
  }, {
    "level" : "INFO",
    "message" : "No migration needed for JRa Current version: 1, Target version: 1",
    "time" : "2026-03-17T09:08:00.568755",
    "module" : "db"
  }, {
    "level" : "WARNING",
    "message" : "No schema found for nSa Skipping migration.",
    "time" : "2026-03-17T09:08:00.585635",
    "module" : "db"
  }, {
    "level" : "INFO",
    "message" : "No migration needed for ZRa Current version: 4, Target version: 4",
    "time" : "2026-03-17T09:08:00.586862",
    "module" : "db"
  }, {
    "level" : "INFO",
    "message" : "Preferences updated: Preferences(isSoundEnabled: true, businessPin: **** protectionAmounts: Instance of 'NPa')",
    "time" : "2026-03-17T09:08:00.815400",
    "module" : "preferences"
  }, {
    "level" : "INFO",
    "message" : "GET Request: status - Params: null",
    "time" : "2026-03-17T09:08:00.893625",
    "module" : "dioAdapter"
  }, {
    "level" : "INFO",
    "message" : "GET Request: cierres - Params: null",
    "time" : "2026-03-17T09:08:00.937205",
    "module" : "dioAdapter"
  }, {
    "level" : "INFO",
    "message" : "POST Request: cierres/cambio",
    "time" : "2026-03-17T09:08:01.225404",
    "module" : "dioAdapter"
  }, {
    "level" : "INFO",
    "message" : "Cierre actualizado: 2026-03-17 14:00:00.000",
    "time" : "2026-03-17T09:08:01.312258",
    "module" : "cierres"
  }, {
    "level" : "INFO",
    "message" : "GET Request: config/juegos - Params: {fechaCierre: 2026-03-17T14:00:00.000}",
    "time" : "2026-03-17T09:08:01.321350",
    "module" : "dioAdapter"
  }, {
    "level" : "INFO",
    "message" : "GET Request: sorteos/futuros - Params: {hashCode: 130550830, codigoProducto: ORO, nroSorteoDesde: 30392}",
    "time" : "2026-03-17T09:39:19.103206",
    "module" : "dioAdapter"
  } ]
}
2026-03-17 09:41:31.532 [bol-api-pekko.actor.default-dispatcher-12063] DEBUG c.b.b.s.pos.logs.PosLogsHandler - Dialog: a733b29c-b70f-49b8-b621-3ebb57211b83
Start: 2026-03-17T09:41:31.530107177
Request:{
  "logs" : [ {
    "level" : "INFO",
    "message" : "No migration needed for ORa Current version: 1, Target version: 1",
    "time" : "2026-03-17T09:04:04.405541",
    "module" : "db"
  }, {
    "level" : "INFO",
    "message" : "No migration needed for iSa Current version: 1, Target version: 1",
    "time" : "2026-03-17T09:04:04.409628",
    "module" : "db"
  }, {
    "level" : "INFO",
    "message" : "No migration needed for JRa Current version: 1, Target version: 1",
    "time" : "2026-03-17T09:04:04.410349",
    "module" : "db"
  }, {
    "level" : "INFO",
    "message" : "No migration needed for PRa Current version: 1, Target version: 1",
    "time" : "2026-03-17T09:04:04.408887",
    "module" : "db"
  }, {
    "level" : "WARNING",
    "message" : "No schema found for mSa Skipping migration.",
    "time" : "2026-03-17T09:04:04.416107",
    "module" : "db"
  }, {
    "level" : "INFO",
    "message" : "No migration needed for ZRa Current version: 4, Target version: 4",
    "time" : "2026-03-17T09:04:04.417554",
    "module" : "db"
  }, {
    "level" : "INFO",
    "message" : "Preferences updated: Preferences(isSoundEnabled: true, businessPin: **** protectionAmounts: Instance of 'NPa')",
    "time" : "2026-03-17T09:04:04.901845",
    "module" : "preferences"
  }, {
    "level" : "INFO",
    "message" : "GET Request: status - Params: null",
    "time" : "2026-03-17T09:04:05.016941",
    "module" : "dioAdapter"
  }, {
    "level" : "INFO",
    "message" : "POST Request: sesiones/refresh",
    "time" : "2026-03-17T09:04:05.042048",
    "module" : "dioAdapter"
  }, {
    "level" : "WARNING",
    "message" : "DioAdapter exception: POST https://api.testing.banquinet.org/bsecurity/sesiones/refresh - 403 - The supplied authentication is not authorized to access this resource - This exception was thrown because the response has a status code of 403 and RequestOptions.validateStatus was configured to throw for this status code.\nThe status code of 403 has the following meaning: \"Client error - the request contains bad syntax or cannot be fulfilled\"\nRead more about status codes at https://developer.mozilla.org/en-US/docs/Web/HTTP/Status\nIn order to resolve this exception you typically have either to verify and fix your request code or you have to fix the server code.\n",
    "time" : "2026-03-17T09:04:05.224129",
    "module" : "dioAdapter"
  }, {
    "level" : "INFO",
    "message" : "POST Request: login",
    "time" : "2026-03-17T09:04:05.239797",
    "module" : "dioAdapter"
  }, {
    "level" : "INFO",
    "message" : "No migration needed for ORa Current version: 1, Target version: 1",
    "time" : "2026-03-17T09:08:00.567194",
    "module" : "db"
  }, {
    "level" : "INFO",
    "message" : "No migration needed for PRa Current version: 1, Target version: 1",
    "time" : "2026-03-17T09:08:00.568132",
    "module" : "db"
  }, {
    "level" : "INFO",
    "message" : "No migration needed for iSa Current version: 1, Target version: 1",
    "time" : "2026-03-17T09:08:00.568461",
    "module" : "db"
  }, {
    "level" : "INFO",
    "message" : "No migration needed for JRa Current version: 1, Target version: 1",
    "time" : "2026-03-17T09:08:00.568755",
    "module" : "db"
  }, {
    "level" : "WARNING",
    "message" : "No schema found for nSa Skipping migration.",
    "time" : "2026-03-17T09:08:00.585635",
    "module" : "db"
  }, {
    "level" : "INFO",
    "message" : "No migration needed for ZRa Current version: 4, Target version: 4",
    "time" : "2026-03-17T09:08:00.586862",
    "module" : "db"
  }, {
    "level" : "INFO",
    "message" : "Preferences updated: Preferences(isSoundEnabled: true, businessPin: **** protectionAmounts: Instance of 'NPa')",
    "time" : "2026-03-17T09:08:00.815400",
    "module" : "preferences"
  }, {
    "level" : "INFO",
    "message" : "GET Request: status - Params: null",
    "time" : "2026-03-17T09:08:00.893625",
    "module" : "dioAdapter"
  }, {
    "level" : "INFO",
    "message" : "GET Request: cierres - Params: null",
    "time" : "2026-03-17T09:08:00.937205",
    "module" : "dioAdapter"
  }, {
    "level" : "INFO",
    "message" : "POST Request: cierres/cambio",
    "time" : "2026-03-17T09:08:01.225404",
    "module" : "dioAdapter"
  }, {
    "level" : "INFO",
    "message" : "Cierre actualizado: 2026-03-17 14:00:00.000",
    "time" : "2026-03-17T09:08:01.312258",
    "module" : "cierres"
  }, {
    "level" : "INFO",
    "message" : "GET Request: config/juegos - Params: {fechaCierre: 2026-03-17T14:00:00.000}",
    "time" : "2026-03-17T09:08:01.321350",
    "module" : "dioAdapter"
  }, {
    "level" : "INFO",
    "message" : "GET Request: sorteos/futuros - Params: {hashCode: 130550830, codigoProducto: ORO, nroSorteoDesde: 30392}",
    "time" : "2026-03-17T09:39:19.103206",
    "module" : "dioAdapter"
  } ]
}
----------------------------------------
Response:{
  "statusCode" : 200,
  "entity" : {
    "message" : "Received 24 logs."
  }
}
Duration:2 ms
2026-03-17 09:42:18.137 [TaskController-tasks.scheduler-dispatcher-3632] INFO  c.b.b.client.CheckConnectionTask - Starting task: CheckConnectionTask
2026-03-17 09:42:18.161 [TaskController-tasks.scheduler-dispatcher-3632] INFO  c.b.b.client.CheckConnectionTask - Task CheckConnectionTask succeed: {
  "name" : "bsecurity-api",
  "version" : "1.3.0-SNAPSHOT",
  "builtAt" : "2026-03-03T08:13:34",
  "startedAt" : "2026-03-05T12:30:02",
  "currentTime" : "2026-03-17T09:42:18",
  "environment" : "testing",
  "status" : "OK"
}
2026-03-17 09:42:25.827 [TaskController-tasks.scheduler-dispatcher-3633] INFO  c.b.b.client.CheckConnectionTask - Starting task: CheckConnectionTask
2026-03-17 09:42:25.831 [TaskController-tasks.scheduler-dispatcher-3633] INFO  c.b.b.client.CheckConnectionTask - Task CheckConnectionTask succeed: {
  "name" : "bsecurity-api",
  "version" : "1.3.0-SNAPSHOT",
  "builtAt" : "2026-03-03T08:13:34",
  "startedAt" : "2026-03-05T12:30:02",
  "currentTime" : "2026-03-17T09:42:25",
  "environment" : "testing",
  "status" : "OK"
}
2026-03-17 09:42:54.997 [TaskController-tasks.scheduler-dispatcher-3634] INFO  c.b.b.client.CheckConnectionTask - Starting task: CheckConnectionTask
2026-03-17 09:42:55.002 [TaskController-tasks.scheduler-dispatcher-3634] INFO  c.b.b.client.CheckConnectionTask - Task CheckConnectionTask succeed: {
  "name" : "bsecurity-api",
  "version" : "1.3.0-SNAPSHOT",
  "builtAt" : "2026-03-03T08:13:34",
  "startedAt" : "2026-03-05T12:30:02",
  "currentTime" : "2026-03-17T09:42:54",
  "environment" : "testing",
  "status" : "OK"
}
2026-03-17 09:43:04.200 [bol-api-pekko.actor.default-dispatcher-12062] DEBUG c.b.b.s.status.GetStatusHandler - Dialog: 4a8812b7-c9c6-49a1-ad28-1fa451df3781
Start: 2026-03-17T09:43:04.200330396
Request:null
2026-03-17 09:43:04.200 [bol-api-pekko.actor.default-dispatcher-12062] DEBUG c.b.b.s.status.GetStatusHandler - Dialog: 4a8812b7-c9c6-49a1-ad28-1fa451df3781
Start: 2026-03-17T09:43:04.200330396
Request:null
----------------------------------------
Response:{
  "statusCode" : 200,
  "entity" : {
    "name" : "bol-api",
    "version" : "1.1.0-SNAPSHOT",
    "builtAt" : "2026-02-11T12:34:19",
    "startedAt" : "2026-03-06T11:57:19",
    "currentTime" : "2026-03-17T09:43:04",
    "environment" : "developer",
    "status" : "OK"
  }
}
Duration:0 ms
2026-03-17 09:48:25.507 [TaskController-tasks.scheduler-dispatcher-3635] INFO  c.b.b.client.CheckConnectionTask - Starting task: CheckConnectionTask
2026-03-17 09:48:25.543 [TaskController-tasks.scheduler-dispatcher-3635] INFO  c.b.b.client.CheckConnectionTask - Task CheckConnectionTask succeed: {
  "name" : "bsecurity-api",
  "version" : "1.3.0-SNAPSHOT",
  "builtAt" : "2026-03-03T08:13:34",
  "startedAt" : "2026-03-05T12:30:02",
  "currentTime" : "2026-03-17T09:48:25",
  "environment" : "testing",
  "status" : "OK"
}
2026-03-17 09:52:18.137 [TaskController-tasks.scheduler-dispatcher-3636] INFO  c.b.b.client.CheckConnectionTask - Starting task: CheckConnectionTask
2026-03-17 09:52:18.163 [TaskController-tasks.scheduler-dispatcher-3636] INFO  c.b.b.client.CheckConnectionTask - Task CheckConnectionTask succeed: {
  "name" : "bsecurity-api",
  "version" : "1.3.0-SNAPSHOT",
  "builtAt" : "2026-03-03T08:13:34",
  "startedAt" : "2026-03-05T12:30:02",
  "currentTime" : "2026-03-17T09:52:18",
  "environment" : "testing",
  "status" : "OK"
}
2026-03-17 09:52:25.826 [TaskController-tasks.scheduler-dispatcher-3637] INFO  c.b.b.client.CheckConnectionTask - Starting task: CheckConnectionTask
2026-03-17 09:52:25.831 [TaskController-tasks.scheduler-dispatcher-3637] INFO  c.b.b.client.CheckConnectionTask - Task CheckConnectionTask succeed: {
  "name" : "bsecurity-api",
  "version" : "1.3.0-SNAPSHOT",
  "builtAt" : "2026-03-03T08:13:34",
  "startedAt" : "2026-03-05T12:30:02",
  "currentTime" : "2026-03-17T09:52:25",
  "environment" : "testing",
  "status" : "OK"
}
2026-03-17 09:52:55.007 [TaskController-tasks.scheduler-dispatcher-3638] INFO  c.b.b.client.CheckConnectionTask - Starting task: CheckConnectionTask
2026-03-17 09:52:55.012 [TaskController-tasks.scheduler-dispatcher-3638] INFO  c.b.b.client.CheckConnectionTask - Task CheckConnectionTask succeed: {
  "name" : "bsecurity-api",
  "version" : "1.3.0-SNAPSHOT",
  "builtAt" : "2026-03-03T08:13:34",
  "startedAt" : "2026-03-05T12:30:02",
  "currentTime" : "2026-03-17T09:52:55",
  "environment" : "testing",
  "status" : "OK"
}
2026-03-17 09:53:04.190 [bol-api-pekko.actor.default-dispatcher-12070] DEBUG c.b.b.s.status.GetStatusHandler - Dialog: 998cf93c-6525-4757-9066-e85c65e4caa6
Start: 2026-03-17T09:53:04.190313768
Request:null
2026-03-17 09:53:04.190 [bol-api-pekko.actor.default-dispatcher-12070] DEBUG c.b.b.s.status.GetStatusHandler - Dialog: 998cf93c-6525-4757-9066-e85c65e4caa6
Start: 2026-03-17T09:53:04.190313768
Request:null
----------------------------------------
Response:{
  "statusCode" : 200,
  "entity" : {
    "name" : "bol-api",
    "version" : "1.1.0-SNAPSHOT",
    "builtAt" : "2026-02-11T12:34:19",
    "startedAt" : "2026-03-06T11:57:19",
    "currentTime" : "2026-03-17T09:53:04",
    "environment" : "developer",
    "status" : "OK"
  }
}
Duration:0 ms
2026-03-17 09:58:25.506 [TaskController-tasks.scheduler-dispatcher-3639] INFO  c.b.b.client.CheckConnectionTask - Starting task: CheckConnectionTask
2026-03-17 09:58:25.596 [TaskController-tasks.scheduler-dispatcher-3639] INFO  c.b.b.client.CheckConnectionTask - Task CheckConnectionTask succeed: {
  "name" : "bsecurity-api",
  "version" : "1.3.0-SNAPSHOT",
  "builtAt" : "2026-03-03T08:13:34",
  "startedAt" : "2026-03-05T12:30:02",
  "currentTime" : "2026-03-17T09:58:25",
  "environment" : "testing",
  "status" : "OK"
}
2026-03-17 10:02:18.137 [TaskController-tasks.scheduler-dispatcher-3640] INFO  c.b.b.client.CheckConnectionTask - Starting task: CheckConnectionTask
2026-03-17 10:02:18.314 [TaskController-tasks.scheduler-dispatcher-3640] INFO  c.b.b.client.CheckConnectionTask - Task CheckConnectionTask succeed: {
  "name" : "bsecurity-api",
  "version" : "1.3.0-SNAPSHOT",
  "builtAt" : "2026-03-03T08:13:34",
  "startedAt" : "2026-03-05T12:30:02",
  "currentTime" : "2026-03-17T10:02:18",
  "environment" : "testing",
  "status" : "OK"
}
2026-03-17 10:02:25.826 [TaskController-tasks.scheduler-dispatcher-3641] INFO  c.b.b.client.CheckConnectionTask - Starting task: CheckConnectionTask
2026-03-17 10:02:25.831 [TaskController-tasks.scheduler-dispatcher-3641] INFO  c.b.b.client.CheckConnectionTask - Task CheckConnectionTask succeed: {
  "name" : "bsecurity-api",
  "version" : "1.3.0-SNAPSHOT",
  "builtAt" : "2026-03-03T08:13:34",
  "startedAt" : "2026-03-05T12:30:02",
  "currentTime" : "2026-03-17T10:02:25",
  "environment" : "testing",
  "status" : "OK"
}
2026-03-17 10:02:55.007 [TaskController-tasks.scheduler-dispatcher-3642] INFO  c.b.b.client.CheckConnectionTask - Starting task: CheckConnectionTask
2026-03-17 10:02:55.012 [TaskController-tasks.scheduler-dispatcher-3642] INFO  c.b.b.client.CheckConnectionTask - Task CheckConnectionTask succeed: {
  "name" : "bsecurity-api",
  "version" : "1.3.0-SNAPSHOT",
  "builtAt" : "2026-03-03T08:13:34",
  "startedAt" : "2026-03-05T12:30:02",
  "currentTime" : "2026-03-17T10:02:55",
  "environment" : "testing",
  "status" : "OK"
}
2026-03-17 10:03:04.196 [bol-api-pekko.actor.default-dispatcher-12076] DEBUG c.b.b.s.status.GetStatusHandler - Dialog: e119aec9-c416-4253-bbac-d48355e0a12e
Start: 2026-03-17T10:03:04.196261730
Request:null
2026-03-17 10:03:04.196 [bol-api-pekko.actor.default-dispatcher-12076] DEBUG c.b.b.s.status.GetStatusHandler - Dialog: e119aec9-c416-4253-bbac-d48355e0a12e
Start: 2026-03-17T10:03:04.196261730
Request:null
----------------------------------------
Response:{
  "statusCode" : 200,
  "entity" : {
    "name" : "bol-api",
    "version" : "1.1.0-SNAPSHOT",
    "builtAt" : "2026-02-11T12:34:19",
    "startedAt" : "2026-03-06T11:57:19",
    "currentTime" : "2026-03-17T10:03:04",
    "environment" : "developer",
    "status" : "OK"
  }
}
Duration:0 ms
2026-03-17 10:08:25.506 [TaskController-tasks.scheduler-dispatcher-3643] INFO  c.b.b.client.CheckConnectionTask - Starting task: CheckConnectionTask
2026-03-17 10:08:25.547 [TaskController-tasks.scheduler-dispatcher-3643] INFO  c.b.b.client.CheckConnectionTask - Task CheckConnectionTask succeed: {
  "name" : "bsecurity-api",
  "version" : "1.3.0-SNAPSHOT",
  "builtAt" : "2026-03-03T08:13:34",
  "startedAt" : "2026-03-05T12:30:02",
  "currentTime" : "2026-03-17T10:08:25",
  "environment" : "testing",
  "status" : "OK"
}
2026-03-17 10:12:18.137 [TaskController-tasks.scheduler-dispatcher-3644] INFO  c.b.b.client.CheckConnectionTask - Starting task: CheckConnectionTask
2026-03-17 10:12:18.255 [TaskController-tasks.scheduler-dispatcher-3644] INFO  c.b.b.client.CheckConnectionTask - Task CheckConnectionTask succeed: {
  "name" : "bsecurity-api",
  "version" : "1.3.0-SNAPSHOT",
  "builtAt" : "2026-03-03T08:13:34",
  "startedAt" : "2026-03-05T12:30:02",
  "currentTime" : "2026-03-17T10:12:18",
  "environment" : "testing",
  "status" : "OK"
}
2026-03-17 10:12:25.826 [TaskController-tasks.scheduler-dispatcher-3645] INFO  c.b.b.client.CheckConnectionTask - Starting task: CheckConnectionTask
2026-03-17 10:12:25.830 [TaskController-tasks.scheduler-dispatcher-3645] INFO  c.b.b.client.CheckConnectionTask - Task CheckConnectionTask succeed: {
  "name" : "bsecurity-api",
  "version" : "1.3.0-SNAPSHOT",
  "builtAt" : "2026-03-03T08:13:34",
  "startedAt" : "2026-03-05T12:30:02",
  "currentTime" : "2026-03-17T10:12:25",
  "environment" : "testing",
  "status" : "OK"
}
2026-03-17 10:12:55.008 [TaskController-tasks.scheduler-dispatcher-3646] INFO  c.b.b.client.CheckConnectionTask - Starting task: CheckConnectionTask
2026-03-17 10:12:55.015 [TaskController-tasks.scheduler-dispatcher-3646] INFO  c.b.b.client.CheckConnectionTask - Task CheckConnectionTask succeed: {
  "name" : "bsecurity-api",
  "version" : "1.3.0-SNAPSHOT",
  "builtAt" : "2026-03-03T08:13:34",
  "startedAt" : "2026-03-05T12:30:02",
  "currentTime" : "2026-03-17T10:12:55",
  "environment" : "testing",
  "status" : "OK"
}
2026-03-17 10:13:04.193 [bol-api-pekko.actor.default-dispatcher-12082] DEBUG c.b.b.s.status.GetStatusHandler - Dialog: b7efca26-0fa0-47dc-9474-fae43b7fe204
Start: 2026-03-17T10:13:04.193475750
Request:null
2026-03-17 10:13:04.193 [bol-api-pekko.actor.default-dispatcher-12082] DEBUG c.b.b.s.status.GetStatusHandler - Dialog: b7efca26-0fa0-47dc-9474-fae43b7fe204
Start: 2026-03-17T10:13:04.193475750
Request:null
----------------------------------------
Response:{
  "statusCode" : 200,
  "entity" : {
    "name" : "bol-api",
    "version" : "1.1.0-SNAPSHOT",
    "builtAt" : "2026-02-11T12:34:19",
    "startedAt" : "2026-03-06T11:57:19",
    "currentTime" : "2026-03-17T10:13:04",
    "environment" : "developer",
    "status" : "OK"
  }
}
Duration:0 ms
2026-03-17 10:18:25.507 [TaskController-tasks.scheduler-dispatcher-3647] INFO  c.b.b.client.CheckConnectionTask - Starting task: CheckConnectionTask
2026-03-17 10:18:25.597 [TaskController-tasks.scheduler-dispatcher-3647] INFO  c.b.b.client.CheckConnectionTask - Task CheckConnectionTask succeed: {
  "name" : "bsecurity-api",
  "version" : "1.3.0-SNAPSHOT",
  "builtAt" : "2026-03-03T08:13:34",
  "startedAt" : "2026-03-05T12:30:02",
  "currentTime" : "2026-03-17T10:18:25",
  "environment" : "testing",
  "status" : "OK"
}
2026-03-17 10:22:18.136 [TaskController-tasks.scheduler-dispatcher-3648] INFO  c.b.b.client.CheckConnectionTask - Starting task: CheckConnectionTask
2026-03-17 10:22:18.171 [TaskController-tasks.scheduler-dispatcher-3648] INFO  c.b.b.client.CheckConnectionTask - Task CheckConnectionTask succeed: {
  "name" : "bsecurity-api",
  "version" : "1.3.0-SNAPSHOT",
  "builtAt" : "2026-03-03T08:13:34",
  "startedAt" : "2026-03-05T12:30:02",
  "currentTime" : "2026-03-17T10:22:18",
  "environment" : "testing",
  "status" : "OK"
}
2026-03-17 10:22:25.827 [TaskController-tasks.scheduler-dispatcher-3649] INFO  c.b.b.client.CheckConnectionTask - Starting task: CheckConnectionTask
2026-03-17 10:22:25.832 [TaskController-tasks.scheduler-dispatcher-3649] INFO  c.b.b.client.CheckConnectionTask - Task CheckConnectionTask succeed: {
  "name" : "bsecurity-api",
  "version" : "1.3.0-SNAPSHOT",
  "builtAt" : "2026-03-03T08:13:34",
  "startedAt" : "2026-03-05T12:30:02",
  "currentTime" : "2026-03-17T10:22:25",
  "environment" : "testing",
  "status" : "OK"
}
2026-03-17 10:22:54.997 [TaskController-tasks.scheduler-dispatcher-3650] INFO  c.b.b.client.CheckConnectionTask - Starting task: CheckConnectionTask
2026-03-17 10:22:55.002 [TaskController-tasks.scheduler-dispatcher-3650] INFO  c.b.b.client.CheckConnectionTask - Task CheckConnectionTask succeed: {
  "name" : "bsecurity-api",
  "version" : "1.3.0-SNAPSHOT",
  "builtAt" : "2026-03-03T08:13:34",
  "startedAt" : "2026-03-05T12:30:02",
  "currentTime" : "2026-03-17T10:22:54",
  "environment" : "testing",
  "status" : "OK"
}
2026-03-17 10:23:04.200 [bol-api-pekko.actor.default-dispatcher-12087] DEBUG c.b.b.s.status.GetStatusHandler - Dialog: 836feac4-579e-4451-8ecf-66bea154110d
Start: 2026-03-17T10:23:04.200483833
Request:null
2026-03-17 10:23:04.200 [bol-api-pekko.actor.default-dispatcher-12087] DEBUG c.b.b.s.status.GetStatusHandler - Dialog: 836feac4-579e-4451-8ecf-66bea154110d
Start: 2026-03-17T10:23:04.200483833
Request:null
----------------------------------------
Response:{
  "statusCode" : 200,
  "entity" : {
    "name" : "bol-api",
    "version" : "1.1.0-SNAPSHOT",
    "builtAt" : "2026-02-11T12:34:19",
    "startedAt" : "2026-03-06T11:57:19",
    "currentTime" : "2026-03-17T10:23:04",
    "environment" : "developer",
    "status" : "OK"
  }
}
Duration:0 ms
2026-03-17 10:28:25.507 [TaskController-tasks.scheduler-dispatcher-3651] INFO  c.b.b.client.CheckConnectionTask - Starting task: CheckConnectionTask
2026-03-17 10:28:25.539 [TaskController-tasks.scheduler-dispatcher-3651] INFO  c.b.b.client.CheckConnectionTask - Task CheckConnectionTask succeed: {
  "name" : "bsecurity-api",
  "version" : "1.3.0-SNAPSHOT",
  "builtAt" : "2026-03-03T08:13:34",
  "startedAt" : "2026-03-05T12:30:02",
  "currentTime" : "2026-03-17T10:28:25",
  "environment" : "testing",
  "status" : "OK"
}
2026-03-17 10:32:18.137 [TaskController-tasks.scheduler-dispatcher-3652] INFO  c.b.b.client.CheckConnectionTask - Starting task: CheckConnectionTask
2026-03-17 10:32:18.256 [TaskController-tasks.scheduler-dispatcher-3652] INFO  c.b.b.client.CheckConnectionTask - Task CheckConnectionTask succeed: {
  "name" : "bsecurity-api",
  "version" : "1.3.0-SNAPSHOT",
  "builtAt" : "2026-03-03T08:13:34",
  "startedAt" : "2026-03-05T12:30:02",
  "currentTime" : "2026-03-17T10:32:18",
  "environment" : "testing",
  "status" : "OK"
}
2026-03-17 10:32:25.826 [TaskController-tasks.scheduler-dispatcher-3653] INFO  c.b.b.client.CheckConnectionTask - Starting task: CheckConnectionTask
2026-03-17 10:32:25.831 [TaskController-tasks.scheduler-dispatcher-3653] INFO  c.b.b.client.CheckConnectionTask - Task CheckConnectionTask succeed: {
  "name" : "bsecurity-api",
  "version" : "1.3.0-SNAPSHOT",
  "builtAt" : "2026-03-03T08:13:34",
  "startedAt" : "2026-03-05T12:30:02",
  "currentTime" : "2026-03-17T10:32:25",
  "environment" : "testing",
  "status" : "OK"
}
2026-03-17 10:32:55.006 [TaskController-tasks.scheduler-dispatcher-3654] INFO  c.b.b.client.CheckConnectionTask - Starting task: CheckConnectionTask
2026-03-17 10:32:55.011 [TaskController-tasks.scheduler-dispatcher-3654] INFO  c.b.b.client.CheckConnectionTask - Task CheckConnectionTask succeed: {
  "name" : "bsecurity-api",
  "version" : "1.3.0-SNAPSHOT",
  "builtAt" : "2026-03-03T08:13:34",
  "startedAt" : "2026-03-05T12:30:02",
  "currentTime" : "2026-03-17T10:32:55",
  "environment" : "testing",
  "status" : "OK"
}
2026-03-17 10:33:04.193 [bol-api-pekko.actor.default-dispatcher-12095] DEBUG c.b.b.s.status.GetStatusHandler - Dialog: f2ecd9a8-01be-4c0d-87ac-a3da0c54fec0
Start: 2026-03-17T10:33:04.193022287
Request:null
2026-03-17 10:33:04.193 [bol-api-pekko.actor.default-dispatcher-12095] DEBUG c.b.b.s.status.GetStatusHandler - Dialog: f2ecd9a8-01be-4c0d-87ac-a3da0c54fec0
Start: 2026-03-17T10:33:04.193022287
Request:null
----------------------------------------
Response:{
  "statusCode" : 200,
  "entity" : {
    "name" : "bol-api",
    "version" : "1.1.0-SNAPSHOT",
    "builtAt" : "2026-02-11T12:34:19",
    "startedAt" : "2026-03-06T11:57:19",
    "currentTime" : "2026-03-17T10:33:04",
    "environment" : "developer",
    "status" : "OK"
  }
}
Duration:0 ms
2026-03-17 10:38:25.507 [TaskController-tasks.scheduler-dispatcher-3655] INFO  c.b.b.client.CheckConnectionTask - Starting task: CheckConnectionTask
2026-03-17 10:38:25.576 [TaskController-tasks.scheduler-dispatcher-3655] INFO  c.b.b.client.CheckConnectionTask - Task CheckConnectionTask succeed: {
  "name" : "bsecurity-api",
  "version" : "1.3.0-SNAPSHOT",
  "builtAt" : "2026-03-03T08:13:34",
  "startedAt" : "2026-03-05T12:30:02",
  "currentTime" : "2026-03-17T10:38:25",
  "environment" : "testing",
  "status" : "OK"
}
2026-03-17 10:42:18.147 [TaskController-tasks.scheduler-dispatcher-3656] INFO  c.b.b.client.CheckConnectionTask - Starting task: CheckConnectionTask
2026-03-17 10:42:18.199 [TaskController-tasks.scheduler-dispatcher-3656] INFO  c.b.b.client.CheckConnectionTask - Task CheckConnectionTask succeed: {
  "name" : "bsecurity-api",
  "version" : "1.3.0-SNAPSHOT",
  "builtAt" : "2026-03-03T08:13:34",
  "startedAt" : "2026-03-05T12:30:02",
  "currentTime" : "2026-03-17T10:42:18",
  "environment" : "testing",
  "status" : "OK"
}
2026-03-17 10:42:25.827 [TaskController-tasks.scheduler-dispatcher-3657] INFO  c.b.b.client.CheckConnectionTask - Starting task: CheckConnectionTask
2026-03-17 10:42:25.831 [TaskController-tasks.scheduler-dispatcher-3657] INFO  c.b.b.client.CheckConnectionTask - Task CheckConnectionTask succeed: {
  "name" : "bsecurity-api",
  "version" : "1.3.0-SNAPSHOT",
  "builtAt" : "2026-03-03T08:13:34",
  "startedAt" : "2026-03-05T12:30:02",
  "currentTime" : "2026-03-17T10:42:25",
  "environment" : "testing",
  "status" : "OK"
}
2026-03-17 10:42:55.006 [TaskController-tasks.scheduler-dispatcher-3658] INFO  c.b.b.client.CheckConnectionTask - Starting task: CheckConnectionTask
2026-03-17 10:42:55.010 [TaskController-tasks.scheduler-dispatcher-3658] INFO  c.b.b.client.CheckConnectionTask - Task CheckConnectionTask succeed: {
  "name" : "bsecurity-api",
  "version" : "1.3.0-SNAPSHOT",
  "builtAt" : "2026-03-03T08:13:34",
  "startedAt" : "2026-03-05T12:30:02",
  "currentTime" : "2026-03-17T10:42:55",
  "environment" : "testing",
  "status" : "OK"
}
2026-03-17 10:43:04.200 [bol-api-pekko.actor.default-dispatcher-12099] DEBUG c.b.b.s.status.GetStatusHandler - Dialog: a7089ee4-9832-4e72-95f0-73426f3c2024
Start: 2026-03-17T10:43:04.200518112
Request:null
2026-03-17 10:43:04.200 [bol-api-pekko.actor.default-dispatcher-12099] DEBUG c.b.b.s.status.GetStatusHandler - Dialog: a7089ee4-9832-4e72-95f0-73426f3c2024
Start: 2026-03-17T10:43:04.200518112
Request:null
----------------------------------------
Response:{
  "statusCode" : 200,
  "entity" : {
    "name" : "bol-api",
    "version" : "1.1.0-SNAPSHOT",
    "builtAt" : "2026-02-11T12:34:19",
    "startedAt" : "2026-03-06T11:57:19",
    "currentTime" : "2026-03-17T10:43:04",
    "environment" : "developer",
    "status" : "OK"
  }
}
Duration:0 ms
2026-03-17 10:48:25.496 [TaskController-tasks.scheduler-dispatcher-3659] INFO  c.b.b.client.CheckConnectionTask - Starting task: CheckConnectionTask
2026-03-17 10:48:25.528 [TaskController-tasks.scheduler-dispatcher-3659] INFO  c.b.b.client.CheckConnectionTask - Task CheckConnectionTask succeed: {
  "name" : "bsecurity-api",
  "version" : "1.3.0-SNAPSHOT",
  "builtAt" : "2026-03-03T08:13:34",
  "startedAt" : "2026-03-05T12:30:02",
  "currentTime" : "2026-03-17T10:48:25",
  "environment" : "testing",
  "status" : "OK"
}
2026-03-17 10:52:18.137 [TaskController-tasks.scheduler-dispatcher-3660] INFO  c.b.b.client.CheckConnectionTask - Starting task: CheckConnectionTask
2026-03-17 10:52:18.172 [TaskController-tasks.scheduler-dispatcher-3660] INFO  c.b.b.client.CheckConnectionTask - Task CheckConnectionTask succeed: {
  "name" : "bsecurity-api",
  "version" : "1.3.0-SNAPSHOT",
  "builtAt" : "2026-03-03T08:13:34",
  "startedAt" : "2026-03-05T12:30:02",
  "currentTime" : "2026-03-17T10:52:18",
  "environment" : "testing",
  "status" : "OK"
}
2026-03-17 10:52:25.826 [TaskController-tasks.scheduler-dispatcher-3661] INFO  c.b.b.client.CheckConnectionTask - Starting task: CheckConnectionTask
2026-03-17 10:52:25.830 [TaskController-tasks.scheduler-dispatcher-3661] INFO  c.b.b.client.CheckConnectionTask - Task CheckConnectionTask succeed: {
  "name" : "bsecurity-api",
  "version" : "1.3.0-SNAPSHOT",
  "builtAt" : "2026-03-03T08:13:34",
  "startedAt" : "2026-03-05T12:30:02",
  "currentTime" : "2026-03-17T10:52:25",
  "environment" : "testing",
  "status" : "OK"
}
2026-03-17 10:52:55.007 [TaskController-tasks.scheduler-dispatcher-3662] INFO  c.b.b.client.CheckConnectionTask - Starting task: CheckConnectionTask
2026-03-17 10:52:55.013 [TaskController-tasks.scheduler-dispatcher-3662] INFO  c.b.b.client.CheckConnectionTask - Task CheckConnectionTask succeed: {
  "name" : "bsecurity-api",
  "version" : "1.3.0-SNAPSHOT",
  "builtAt" : "2026-03-03T08:13:34",
  "startedAt" : "2026-03-05T12:30:02",
  "currentTime" : "2026-03-17T10:52:55",
  "environment" : "testing",
  "status" : "OK"
}
2026-03-17 10:53:04.190 [bol-api-pekko.actor.default-dispatcher-12106] DEBUG c.b.b.s.status.GetStatusHandler - Dialog: 955b49a9-8ed5-47a6-94dd-d15c4558086a
Start: 2026-03-17T10:53:04.190436416
Request:null
2026-03-17 10:53:04.190 [bol-api-pekko.actor.default-dispatcher-12106] DEBUG c.b.b.s.status.GetStatusHandler - Dialog: 955b49a9-8ed5-47a6-94dd-d15c4558086a
Start: 2026-03-17T10:53:04.190436416
Request:null
----------------------------------------
Response:{
  "statusCode" : 200,
  "entity" : {
    "name" : "bol-api",
    "version" : "1.1.0-SNAPSHOT",
    "builtAt" : "2026-02-11T12:34:19",
    "startedAt" : "2026-03-06T11:57:19",
    "currentTime" : "2026-03-17T10:53:04",
    "environment" : "developer",
    "status" : "OK"
  }
}
Duration:0 ms
2026-03-17 10:54:50.350 [bol-api-pekko.actor.default-dispatcher-12109] DEBUG c.b.b.s.status.GetStatusHandler - Dialog: d9036125-3f6d-4ebe-affe-e4a154486d85
Start: 2026-03-17T10:54:50.350183342
Request:null
2026-03-17 10:54:50.395 [bol-api-pekko.actor.default-dispatcher-12107] DEBUG c.b.b.s.b.cierres.GetCierresHandler - Dialog: 37b1a769-439a-4eaa-8890-fec0cb9e3bac
Start: 2026-03-17T10:54:50.395703780
Request:null
2026-03-17 10:54:50.413 [bol-api-pekko.actor.default-dispatcher-12109] DEBUG c.b.b.s.status.GetStatusHandler - Dialog: d9036125-3f6d-4ebe-affe-e4a154486d85
Start: 2026-03-17T10:54:50.350183342
Request:null
----------------------------------------
Response:{
  "statusCode" : 200,
  "entity" : {
    "name" : "bol-api",
    "version" : "1.1.0-SNAPSHOT",
    "builtAt" : "2026-02-11T12:34:19",
    "startedAt" : "2026-03-06T11:57:19",
    "currentTime" : "2026-03-17T10:54:50",
    "environment" : "developer",
    "status" : "OK"
  }
}
Duration:62 ms
2026-03-17 10:54:50.442 [bol-api-pekko.actor.default-dispatcher-12107] INFO  com.bqn.bol.Dialoger - received: CIERRES_RESP (ver.1.0.0)
	Mar17 Mar. 14:00
	Mar17 Mar. 20:00
	Mié18 Mar. 14:00
2026-03-17 10:54:50.442 [bol-api-pekko.actor.default-dispatcher-12107] DEBUG c.b.b.s.b.cierres.GetCierresHandler - Dialog: 37b1a769-439a-4eaa-8890-fec0cb9e3bac
Start: 2026-03-17T10:54:50.395703780
Request:null
----------------------------------------
Response:{
  "statusCode" : 200,
  "entity" : {
    "fechasCierre" : [ "2026-03-17T14:00:00", "2026-03-17T20:00:00", "2026-03-18T14:00:00" ]
  }
}
Duration:46 ms
2026-03-17 10:54:50.467 [bol-api-pekko.actor.default-dispatcher-12109] DEBUG c.b.b.s.b.c.CambioCierreHandler - Dialog: bd13f62f-9576-4a8b-93bd-6cfffa376f0c
Start: 2026-03-17T10:54:50.467446166
Request:{
  "fechaCierre" : "2026-03-17T14:00:00"
}
2026-03-17 10:54:50.493 [bol-api-pekko.actor.default-dispatcher-12109] INFO  com.bqn.bol.Dialoger - received: CAMBIO_CIERRE_RESP (ver.1.0.0)
	Cierre: VES  2026-03-17T14:00
	QUI 2026-03-17 #30308 (2026-03-16T21:30 - 2026-03-17T15:00)
	QUI 2026-03-17 #30309 (2026-03-16T21:30 - 2026-03-17T21:00)
	TOM 2026-03-17 #30352 (2026-03-16T21:30 - 2026-03-17T15:00)
	TOM 2026-03-17 #30353 (2026-03-16T21:30 - 2026-03-17T21:00)
	ORO 2026-03-18 #30392 (2026-03-15T22:30 - 2026-03-18T22:00)
	REC 2026-03-31 #45280 (2026-03-01T00:00 - 2026-03-31T23:59:59)
	PIN 2026-03-31 #46255 (2026-03-01T00:00 - 2026-03-31T23:59:59)
	LOT 2026-03-20 #47138 (2026-03-19T21:00 - 2026-03-20T21:00)
	LOT 2026-03-18 #47143 (2026-03-16T21:00 - 2026-03-18T21:00)
	SUP 2026-12-31 #52178 (2026-03-03T03:00 - 2026-12-31T12:00)
	SUP 2027-01-01 #55000 (2026-12-31T12:00 - 2027-01-01T00:00)
2026-03-17 10:54:50.494 [bol-api-pekko.actor.default-dispatcher-12109] DEBUG c.b.b.s.b.c.CambioCierreHandler - Dialog: bd13f62f-9576-4a8b-93bd-6cfffa376f0c
Start: 2026-03-17T10:54:50.467446166
Request:{
  "fechaCierre" : "2026-03-17T14:00:00"
}
----------------------------------------
Response:{
  "statusCode" : 200,
  "entity" : {
    "fechaCierre" : "2026-03-17T14:00:00",
    "sorteos" : [ {
      "nroSorteo" : 30308,
      "codigoProducto" : "QUI",
      "fechaSorteo" : "2026-03-17T15:00:00",
      "fechaInicio" : "2026-03-16T21:30:00",
      "fechaFin" : "2026-03-17T15:00:00"
    }, {
      "nroSorteo" : 30309,
      "codigoProducto" : "QUI",
      "fechaSorteo" : "2026-03-17T21:00:00",
      "fechaInicio" : "2026-03-16T21:30:00",
      "fechaFin" : "2026-03-17T21:00:00"
    }, {
      "nroSorteo" : 30352,
      "codigoProducto" : "TOM",
      "fechaSorteo" : "2026-03-17T15:00:00",
      "fechaInicio" : "2026-03-16T21:30:00",
      "fechaFin" : "2026-03-17T15:00:00"
    }, {
      "nroSorteo" : 30353,
      "codigoProducto" : "TOM",
      "fechaSorteo" : "2026-03-17T21:00:00",
      "fechaInicio" : "2026-03-16T21:30:00",
      "fechaFin" : "2026-03-17T21:00:00"
    }, {
      "nroSorteo" : 30392,
      "codigoProducto" : "ORO",
      "fechaSorteo" : "2026-03-18T22:00:00",
      "fechaInicio" : "2026-03-15T22:30:00",
      "fechaFin" : "2026-03-18T22:00:00"
    }, {
      "nroSorteo" : 45280,
      "codigoProducto" : "REC",
      "fechaSorteo" : "2026-03-31T23:59:59",
      "fechaInicio" : "2026-03-01T00:00:00",
      "fechaFin" : "2026-03-31T23:59:59"
    }, {
      "nroSorteo" : 46255,
      "codigoProducto" : "PIN",
      "fechaSorteo" : "2026-03-31T23:59:59",
      "fechaInicio" : "2026-03-01T00:00:00",
      "fechaFin" : "2026-03-31T23:59:59"
    }, {
      "nroSorteo" : 47138,
      "codigoProducto" : "LOT",
      "fechaSorteo" : "2026-03-20T21:00:00",
      "fechaInicio" : "2026-03-19T21:00:00",
      "fechaFin" : "2026-03-20T21:00:00"
    }, {
      "nroSorteo" : 47143,
      "codigoProducto" : "LOT",
      "fechaSorteo" : "2026-03-18T21:00:00",
      "fechaInicio" : "2026-03-16T21:00:00",
      "fechaFin" : "2026-03-18T21:00:00"
    }, {
      "nroSorteo" : 52178,
      "codigoProducto" : "SUP",
      "fechaSorteo" : "2026-12-31T12:00:00",
      "fechaInicio" : "2026-03-03T03:00:00",
      "fechaFin" : "2026-12-31T12:00:00"
    }, {
      "nroSorteo" : 55000,
      "codigoProducto" : "SUP",
      "fechaSorteo" : "2027-01-01T00:00:00",
      "fechaInicio" : "2026-12-31T12:00:00",
      "fechaFin" : "2027-01-01T00:00:00"
    } ]
  }
}
Duration:26 ms
2026-03-17 10:54:50.527 [bol-api-pekko.actor.default-dispatcher-12106] DEBUG c.b.b.s.c.p.GetDatosVendedorHandler - Dialog: 3a388014-a250-42f7-96a3-86fa10b1ebf3
Start: 2026-03-17T10:54:50.527673648
Request:null
2026-03-17 10:54:50.528 [bol-api-pekko.actor.default-dispatcher-12106] DEBUG c.b.b.s.c.p.GetDatosVendedorHandler - Dialog: 3a388014-a250-42f7-96a3-86fa10b1ebf3
Start: 2026-03-17T10:54:50.527673648
Request:null
----------------------------------------
Response:{
  "statusCode" : 200,
  "entity" : {
    "nroBanca" : 8,
    "nombreBanca" : "Cerro Largo",
    "nroAgencia" : 4,
    "nroSubagente" : 4012,
    "nroWorkgroup" : 11
  }
}
Duration:1 ms
2026-03-17 10:54:50.529 [bol-api-pekko.actor.default-dispatcher-12106] DEBUG c.b.b.s.c.j.GetConfigJuegosHandler - Dialog: a65b3f74-13c7-4c32-a7a6-3666cd72d367
Start: 2026-03-17T10:54:50.528992272
Request:{
  "fechaCierre" : "2026-03-17T14:00:00"
}
2026-03-17 10:54:50.533 [bol-api-pekko.actor.default-dispatcher-12106] DEBUG c.b.b.s.c.j.GetConfigJuegosHandler - Dialog: a65b3f74-13c7-4c32-a7a6-3666cd72d367
Start: 2026-03-17T10:54:50.528992272
Request:{
  "fechaCierre" : "2026-03-17T14:00:00"
}
----------------------------------------
Response:{
  "statusCode" : 200,
  "entity" : {
    "QUI" : {
      "apuestaMin" : 1,
      "apuestaMax" : 1000
    },
    "TOM" : {
      "apuestaMin" : 40,
      "apuestaMax" : 250
    },
    "ORO" : {
      "valorApuestaComun" : 50,
      "valorApuestaRevancha" : 70,
      "cantidadDeJugadasList" : [ {
        "cantidadDeNumeros" : 4,
        "cantidadDeJugadas" : 44
      }, {
        "cantidadDeNumeros" : 5,
        "cantidadDeJugadas" : 1
      }, {
        "cantidadDeNumeros" : 6,
        "cantidadDeJugadas" : 6
      }, {
        "cantidadDeNumeros" : 7,
        "cantidadDeJugadas" : 21
      }, {
        "cantidadDeNumeros" : 8,
        "cantidadDeJugadas" : 56
      } ]
    },
    "LOT" : {
      "valorFraccion" : 150,
      "valorEntero" : 1500,
      "cantidadDeFracciones" : 10
    },
    "SUP" : {
      "apuestaMin" : 50,
      "apuestaMax" : 2345
    }
  }
}
Duration:3 ms
2026-03-17 10:58:25.507 [TaskController-tasks.scheduler-dispatcher-3663] INFO  c.b.b.client.CheckConnectionTask - Starting task: CheckConnectionTask
2026-03-17 10:58:25.627 [TaskController-tasks.scheduler-dispatcher-3663] INFO  c.b.b.client.CheckConnectionTask - Task CheckConnectionTask succeed: {
  "name" : "bsecurity-api",
  "version" : "1.3.0-SNAPSHOT",
  "builtAt" : "2026-03-03T08:13:34",
  "startedAt" : "2026-03-05T12:30:02",
  "currentTime" : "2026-03-17T10:58:25",
  "environment" : "testing",
  "status" : "OK"
}
2026-03-17 10:59:05.659 [bol-api-pekko.actor.default-dispatcher-12115] DEBUG c.b.b.s.l.s.GetNextSorteoLoteriaHandler - Dialog: 97adecf7-ae32-4457-901b-542990e6f464
Start: 2026-03-17T10:59:05.659371507
Request:null
2026-03-17 10:59:05.711 [bol-api-pekko.actor.default-dispatcher-12115] DEBUG c.b.b.s.l.s.GetNextSorteoLoteriaHandler - Dialog: 97adecf7-ae32-4457-901b-542990e6f464
Start: 2026-03-17T10:59:05.659371507
Request:null
----------------------------------------
Response:{
  "statusCode" : 200,
  "entity" : {
    "nroSorteo" : 47143,
    "fecha" : "2026-03-18T21:00:00",
    "fechaInicio" : "2026-02-16T13:30:00",
    "fechaFin" : "2026-03-18T13:00:00",
    "serie" : 16,
    "cantFracciones" : 100,
    "valorEntero" : 10000,
    "descripcion" : "Sorteo Marzo 2026",
    "cantBilletes" : 38000,
    "premioMayor" : 120000000,
    "porcentajeReserva" : 100,
    "porcentajeColectivo" : 80,
    "vencimientoReserva" : "2026-03-17T13:00:00"
  }
}
Duration:35 ms
2026-03-17 10:59:05.766 [bol-api-pekko.actor.default-dispatcher-12114] DEBUG c.b.b.s.l.c.ConsultaLoteriaHandler - Dialog: c4268382-ed32-4f2a-95eb-ef395cabbd4e
Start: 2026-03-17T10:59:05.766855146
Request:{
  "nroSorteo" : 47143,
  "codigoModalidad" : "LTF",
  "cantFracciones" : 1,
  "numeroBillete" : 666
}
2026-03-17 10:59:06.724 [bol-api-pekko.actor.default-dispatcher-12114] INFO  com.bqn.bol.Dialoger - received: LOT_CONSULTA_RESP (ver.2.0.0)
	Sorteo Marzo 2026 serie:16	100 fracciones.	vto reserva: 2026-03-17T13:00
	21666 ➤ 1, 2, 3, 4, 5, 6, 7, 8, 9, 10
	23666 ➤ 1, 2, 3, 4, 5, 6, 7, 8, 9, 10
	26666 ➤ 1, 2, 3, 4, 5, 6, 7, 8, 9, 10
	27666 ➤ 1, 2, 3, 4, 5, 6, 7, 8, 9, 10
	28666 ➤ 1, 2, 3, 4, 5, 6, 7, 8, 9, 10
2026-03-17 10:59:06.736 [bol-api-pekko.actor.default-dispatcher-12114] DEBUG c.b.b.s.l.c.ConsultaLoteriaHandler - Dialog: c4268382-ed32-4f2a-95eb-ef395cabbd4e
Start: 2026-03-17T10:59:05.766855146
Request:{
  "nroSorteo" : 47143,
  "codigoModalidad" : "LTF",
  "cantFracciones" : 1,
  "numeroBillete" : 666
}
----------------------------------------
Response:{
  "statusCode" : 200,
  "entity" : {
    "alternativas" : [ {
      "numeroBillete" : 21666,
      "fracciones" : [ 1, 2, 3, 4, 5, 6, 7, 8, 9, 10 ]
    }, {
      "numeroBillete" : 23666,
      "fracciones" : [ 1, 2, 3, 4, 5, 6, 7, 8, 9, 10 ]
    }, {
      "numeroBillete" : 26666,
      "fracciones" : [ 1, 2, 3, 4, 5, 6, 7, 8, 9, 10 ]
    }, {
      "numeroBillete" : 27666,
      "fracciones" : [ 1, 2, 3, 4, 5, 6, 7, 8, 9, 10 ]
    }, {
      "numeroBillete" : 28666,
      "fracciones" : [ 1, 2, 3, 4, 5, 6, 7, 8, 9, 10 ]
    } ]
  }
}
Duration:969 ms
2026-03-17 10:59:19.961 [bol-api-pekko.actor.default-dispatcher-12114] DEBUG c.b.b.s.l.c.ConsultaLoteriaHandler - Dialog: 5621627f-4dca-4a7c-81d0-0d1627dce63b
Start: 2026-03-17T10:59:19.961511725
Request:{
  "nroSorteo" : 47143,
  "codigoModalidad" : "LTF",
  "cantFracciones" : 1,
  "numeroBillete" : 555
}
2026-03-17 10:59:20.621 [bol-api-pekko.actor.default-dispatcher-12114] INFO  com.bqn.bol.Dialoger - received: LOT_CONSULTA_RESP (ver.2.0.0)
	Sorteo Marzo 2026 serie:16	100 fracciones.	vto reserva: 2026-03-17T13:00
	14555 ➤ 1, 2, 3, 4, 5, 6, 7, 8, 9, 10
	21555 ➤ 1, 2, 3, 4, 5, 6, 7, 8, 9, 10
	25555 ➤ 1, 2, 3, 4, 5, 6, 7, 8, 9, 10
	26555 ➤ 1, 2, 3, 4, 5, 6, 7, 8, 9, 10
	28555 ➤ 1, 2, 3, 4, 5, 6, 7, 8, 9, 10
2026-03-17 10:59:20.622 [bol-api-pekko.actor.default-dispatcher-12114] DEBUG c.b.b.s.l.c.ConsultaLoteriaHandler - Dialog: 5621627f-4dca-4a7c-81d0-0d1627dce63b
Start: 2026-03-17T10:59:19.961511725
Request:{
  "nroSorteo" : 47143,
  "codigoModalidad" : "LTF",
  "cantFracciones" : 1,
  "numeroBillete" : 555
}
----------------------------------------
Response:{
  "statusCode" : 200,
  "entity" : {
    "alternativas" : [ {
      "numeroBillete" : 14555,
      "fracciones" : [ 1, 2, 3, 4, 5, 6, 7, 8, 9, 10 ]
    }, {
      "numeroBillete" : 21555,
      "fracciones" : [ 1, 2, 3, 4, 5, 6, 7, 8, 9, 10 ]
    }, {
      "numeroBillete" : 25555,
      "fracciones" : [ 1, 2, 3, 4, 5, 6, 7, 8, 9, 10 ]
    }, {
      "numeroBillete" : 26555,
      "fracciones" : [ 1, 2, 3, 4, 5, 6, 7, 8, 9, 10 ]
    }, {
      "numeroBillete" : 28555,
      "fracciones" : [ 1, 2, 3, 4, 5, 6, 7, 8, 9, 10 ]
    } ]
  }
}
Duration:660 ms
2026-03-17 10:59:49.640 [bol-api-pekko.actor.default-dispatcher-12114] DEBUG c.b.b.s.b.autorizar.AutorizarHandler - Dialog: aa013ba4-a55a-4bf9-8ed3-43e8467b5f14
Start: 2026-03-17T10:59:49.639903830
Request:{
  "recibido" : "2026-03-17T10:57:55.77875",
  "authorizationId" : "39b2aa39-b139-43a9-82a7-c88d18e42c79",
  "autorizar" : {
    "producto" : "LOT",
    "nroSorteo" : 47143,
    "modalidad" : "LTF",
    "nroBillete" : 25555,
    "fraccion" : 9,
    "apuesta" : 900
  }
}
2026-03-17 10:59:49.700 [bol-api-pekko.actor.default-dispatcher-12114] DEBUG c.b.b.db.repos.TransactionRepository - INSERT INTO bolserver.Transactions (uuid, nroTerminal, received, request, status, response) VALUES ('39b2aa39-b139-43a9-82a7-c88d18e42c79', 181, '2026-03-17 10:57:55', '{"recibido":"2026-03-17T10:57:55.77875","authorizationId":"39b2aa39-b139-43a9-82a7-c88d18e42c79","autorizar":{"producto":"LOT","nroSorteo":47143,"modalidad":"LTF","nroBillete":25555,"fraccion":9,"apuesta":900}}', 0, NULL)
2026-03-17 10:59:50.974 [bol-api-pekko.actor.default-dispatcher-12114] INFO  com.bqn.bol.Dialoger - received: Exception: KEEP_ALIVE
2026-03-17 10:59:51.975 [bol-api-pekko.actor.default-dispatcher-12114] INFO  com.bqn.bol.Dialoger - received: Exception: KEEP_ALIVE
2026-03-17 10:59:52.575 [bol-api-pekko.actor.default-dispatcher-12114] INFO  com.bqn.bol.Dialoger - received: SEND_DOC_RESP (ver.19.2.1)
---Accepted---LOT 690,800,009 ~> 2026-03-17 10:59:49
 ➤ Loteria 69080000990471436359 Fraccion:2555509 ➤ 1,000.00	AuthId: 2226759678

2026-03-17 10:59:52.695 [bol-api-pekko.actor.default-dispatcher-12114] INFO  com.bqn.bol.Dialoger - received: LOTERIA_QR_RESP (ver.1.0.0)
2026-03-17 10:59:52.740 [bol-api-pekko.actor.default-dispatcher-12114] DEBUG c.b.b.s.b.autorizar.AutorizarHandler - Dialog: aa013ba4-a55a-4bf9-8ed3-43e8467b5f14
Start: 2026-03-17T10:59:49.639903830
Request:{
  "recibido" : "2026-03-17T10:57:55.77875",
  "authorizationId" : "39b2aa39-b139-43a9-82a7-c88d18e42c79",
  "autorizar" : {
    "producto" : "LOT",
    "nroSorteo" : 47143,
    "modalidad" : "LTF",
    "nroBillete" : 25555,
    "fraccion" : 9,
    "apuesta" : 900
  }
}
----------------------------------------
Response:{
  "statusCode" : 200,
  "entity" : {
    "documentosAutorizados" : [ {
      "producto" : "LOT",
      "nroSorteo" : 47143,
      "nroDocumento" : 690800009,
      "emitido" : "2026-03-17T10:59:49",
      "barCode" : "69080000990471436359",
      "codigoSeguridad" : "135A2CB884BA8",
      "modalidad" : "LTF",
      "nroBillete" : 25555,
      "fraccion" : 9,
      "apuesta" : 1000,
      "qr" : [ 0, 0, 0, 0, 0, 0, 0, 0, 0, 0, 0, 0, 0, 0, 0, 0, 0, 0, 0, 0, 0, 0, 0, 0, 0, 0, 0, 0, 0, 0, 0, 0, 0, 0, 0, 0, 0, 0, 0, 0, 0, 0, 1, 253, 222, 102, 127, 0, 1, 5, 200, 167, 65, 0, 1, 117, 98, 60, 93, 0, 1, 117, 170, 74, 93, 0, 1, 116, 8, 20, 93, 0, 1, 5, 53, 239, 65, 0, 1, 253, 85, 85, 127, 0, 0, 0, 157, 53, 0, 0, 1, 156, 45, 172, 47, 0, 1, 72, 220, 97, 36, 0, 0, 100, 54, 64, 166, 0, 0, 208, 97, 253, 219, 0, 0, 181, 85, 105, 81, 0, 1, 170, 14, 118, 116, 0, 1, 215, 71, 99, 174, 0, 1, 241, 210, 53, 119, 0, 1, 198, 169, 108, 225, 0, 0, 168, 30, 86, 140, 0, 0, 21, 250, 64, 46, 0, 0, 98, 229, 245, 87, 0, 0, 28, 93, 108, 37, 0, 1, 136, 201, 112, 156, 0, 0, 76, 8, 0, 172, 0, 0, 56, 213, 89, 212, 0, 1, 135, 112, 165, 249, 0, 0, 1, 94, 35, 31, 0, 1, 252, 106, 81, 86, 0, 1, 5, 228, 249, 17, 0, 1, 117, 145, 187, 246, 0, 1, 116, 168, 96, 93, 0, 1, 116, 39, 210, 188, 0, 1, 5, 176, 220, 131, 0, 1, 253, 212, 96, 45, 0, 0, 0, 0, 0, 0, 0, 0, 0, 0, 0, 0, 0, 0, 0, 0, 0, 0, 0, 0, 0, 0, 0, 0, 0, 0, 0, 0, 0, 0, 0, 0, 0, 0, 0, 0, 0, 0, 0, 0, 0, 0, 0, 0, 0, 0, 0, 0, 0 ]
    } ],
    "jugadasRechazadas" : [ ]
  }
}
Duration:3071 ms
2026-03-17 11:00:07.137 [bol-api-pekko.actor.default-dispatcher-12115] DEBUG c.b.b.s.l.c.ConsultaLoteriaHandler - Dialog: b51b3833-1cf4-4b82-bee7-41b6c513fcc5
Start: 2026-03-17T11:00:07.137344457
Request:{
  "nroSorteo" : 47143,
  "codigoModalidad" : "LTF",
  "cantFracciones" : 1,
  "numeroBillete" : 555
}
2026-03-17 11:00:07.877 [bol-api-pekko.actor.default-dispatcher-12115] INFO  com.bqn.bol.Dialoger - received: LOT_CONSULTA_RESP (ver.2.0.0)
	Sorteo Marzo 2026 serie:16	100 fracciones.	vto reserva: 2026-03-17T13:00
	16555 ➤ 1, 2, 3, 4, 5, 6, 7, 8, 9, 10
	20555 ➤ 1, 2, 3, 4, 5, 6, 7, 8, 9, 10
	21555 ➤ 1, 2, 3, 4, 5, 6, 7, 8, 9, 10
	22555 ➤ 1, 2, 3, 4, 5, 6, 7, 8, 9, 10
	25555 ➤ 1, 2, 3, 4, 5, 6, 7, 8, 10
2026-03-17 11:00:07.899 [bol-api-pekko.actor.default-dispatcher-12115] DEBUG c.b.b.s.l.c.ConsultaLoteriaHandler - Dialog: b51b3833-1cf4-4b82-bee7-41b6c513fcc5
Start: 2026-03-17T11:00:07.137344457
Request:{
  "nroSorteo" : 47143,
  "codigoModalidad" : "LTF",
  "cantFracciones" : 1,
  "numeroBillete" : 555
}
----------------------------------------
Response:{
  "statusCode" : 200,
  "entity" : {
    "alternativas" : [ {
      "numeroBillete" : 16555,
      "fracciones" : [ 1, 2, 3, 4, 5, 6, 7, 8, 9, 10 ]
    }, {
      "numeroBillete" : 20555,
      "fracciones" : [ 1, 2, 3, 4, 5, 6, 7, 8, 9, 10 ]
    }, {
      "numeroBillete" : 21555,
      "fracciones" : [ 1, 2, 3, 4, 5, 6, 7, 8, 9, 10 ]
    }, {
      "numeroBillete" : 22555,
      "fracciones" : [ 1, 2, 3, 4, 5, 6, 7, 8, 9, 10 ]
    }, {
      "numeroBillete" : 25555,
      "fracciones" : [ 1, 2, 3, 4, 5, 6, 7, 8, 10 ]
    } ]
  }
}
Duration:761 ms
2026-03-17 11:02:18.137 [TaskController-tasks.scheduler-dispatcher-3664] INFO  c.b.b.client.CheckConnectionTask - Starting task: CheckConnectionTask
2026-03-17 11:02:18.312 [TaskController-tasks.scheduler-dispatcher-3664] INFO  c.b.b.client.CheckConnectionTask - Task CheckConnectionTask succeed: {
  "name" : "bsecurity-api",
  "version" : "1.3.0-SNAPSHOT",
  "builtAt" : "2026-03-03T08:13:34",
  "startedAt" : "2026-03-05T12:30:02",
  "currentTime" : "2026-03-17T11:02:18",
  "environment" : "testing",
  "status" : "OK"
}
2026-03-17 11:02:25.827 [TaskController-tasks.scheduler-dispatcher-3665] INFO  c.b.b.client.CheckConnectionTask - Starting task: CheckConnectionTask
2026-03-17 11:02:25.831 [TaskController-tasks.scheduler-dispatcher-3665] INFO  c.b.b.client.CheckConnectionTask - Task CheckConnectionTask succeed: {
  "name" : "bsecurity-api",
  "version" : "1.3.0-SNAPSHOT",
  "builtAt" : "2026-03-03T08:13:34",
  "startedAt" : "2026-03-05T12:30:02",
  "currentTime" : "2026-03-17T11:02:25",
  "environment" : "testing",
  "status" : "OK"
}
2026-03-17 11:02:55.007 [TaskController-tasks.scheduler-dispatcher-3666] INFO  c.b.b.client.CheckConnectionTask - Starting task: CheckConnectionTask
2026-03-17 11:02:55.012 [TaskController-tasks.scheduler-dispatcher-3666] INFO  c.b.b.client.CheckConnectionTask - Task CheckConnectionTask succeed: {
  "name" : "bsecurity-api",
  "version" : "1.3.0-SNAPSHOT",
  "builtAt" : "2026-03-03T08:13:34",
  "startedAt" : "2026-03-05T12:30:02",
  "currentTime" : "2026-03-17T11:02:55",
  "environment" : "testing",
  "status" : "OK"
}
2026-03-17 11:03:04.189 [bol-api-pekko.actor.default-dispatcher-12119] DEBUG c.b.b.s.status.GetStatusHandler - Dialog: 6c072ee6-576e-4c52-b11f-2c88eacae470
Start: 2026-03-17T11:03:04.189181294
Request:null
2026-03-17 11:03:04.189 [bol-api-pekko.actor.default-dispatcher-12119] DEBUG c.b.b.s.status.GetStatusHandler - Dialog: 6c072ee6-576e-4c52-b11f-2c88eacae470
Start: 2026-03-17T11:03:04.189181294
Request:null
----------------------------------------
Response:{
  "statusCode" : 200,
  "entity" : {
    "name" : "bol-api",
    "version" : "1.1.0-SNAPSHOT",
    "builtAt" : "2026-02-11T12:34:19",
    "startedAt" : "2026-03-06T11:57:19",
    "currentTime" : "2026-03-17T11:03:04",
    "environment" : "developer",
    "status" : "OK"
  }
}
Duration:0 ms
2026-03-17 11:05:03.435 [bol-api-pekko.actor.default-dispatcher-12121] DEBUG c.b.b.s.pos.logs.PosLogsHandler - Dialog: 99be2605-12c6-4152-bf5f-5a865cf02a30
Start: 2026-03-17T11:05:03.435124096
Request:{
  "logs" : [ {
    "level" : "INFO",
    "message" : "GET Request: sorteos/resultado - Params: {hasta: 2026-03-17T10:36:55.487232, limit: 1, codigoProducto: QUI}",
    "time" : "2026-03-17T10:36:55.500843",
    "module" : "dioAdapter"
  }, {
    "level" : "INFO",
    "message" : "GET Request: sorteos/resultado - Params: {hasta: 2026-03-17T10:36:55.494216, limit: 1, codigoProducto: QUI}",
    "time" : "2026-03-17T10:36:55.505429",
    "module" : "dioAdapter"
  }, {
    "level" : "INFO",
    "message" : "POST Request: sesiones/refresh",
    "time" : "2026-03-17T10:36:55.552488",
    "module" : "dioAdapter"
  }, {
    "level" : "WARNING",
    "message" : "DioAdapter exception: POST https://api.testing.banquinet.org/bsecurity/sesiones/refresh - 403 - The supplied authentication is not authorized to access this resource - This exception was thrown because the response has a status code of 403 and RequestOptions.validateStatus was configured to throw for this status code.\nThe status code of 403 has the following meaning: \"Client error - the request contains bad syntax or cannot be fulfilled\"\nRead more about status codes at https://developer.mozilla.org/en-US/docs/Web/HTTP/Status\nIn order to resolve this exception you typically have either to verify and fix your request code or you have to fix the server code.\n",
    "time" : "2026-03-17T10:36:55.678930",
    "module" : "dioAdapter"
  }, {
    "level" : "INFO",
    "message" : "POST Request: login",
    "time" : "2026-03-17T10:36:55.695222",
    "module" : "dioAdapter"
  }, {
    "level" : "INFO",
    "message" : "POST Request: login",
    "time" : "2026-03-17T10:36:55.781811",
    "module" : "dioAdapter"
  }, {
    "level" : "WARNING",
    "message" : "DioAdapter exception: GET https://api.testing.banquinet.org/spa/sorteos/resultado?hasta=2026-03-17T10%3A36%3A55.487232&limit=1&codigoProducto=QUI - 502 - <html>\r\n<head><title>502 Bad Gateway</title></head>\r\n<body>\r\n<center><h1>502 Bad Gateway</h1></center>\r\n<hr><center>openresty</center>\r\n</body>\r\n</html>\r\n - This exception was thrown because the response has a status code of 502 and RequestOptions.validateStatus was configured to throw for this status code.\nThe status code of 502 has the following meaning: \"Server error - the server failed to fulfil an apparently valid request\"\nRead more about status codes at https://developer.mozilla.org/en-US/docs/Web/HTTP/Status\nIn order to resolve this exception you typically have either to verify and fix your request code or you have to fix the server code.\n",
    "time" : "2026-03-17T10:37:19.939134",
    "module" : "dioAdapter"
  }, {
    "level" : "WARNING",
    "message" : "DioAdapter exception: GET https://api.testing.banquinet.org/spa/sorteos/resultado?hasta=2026-03-17T10%3A36%3A55.494216&limit=1&codigoProducto=QUI - 502 - <html>\r\n<head><title>502 Bad Gateway</title></head>\r\n<body>\r\n<center><h1>502 Bad Gateway</h1></center>\r\n<hr><center>openresty</center>\r\n</body>\r\n</html>\r\n - This exception was thrown because the response has a status code of 502 and RequestOptions.validateStatus was configured to throw for this status code.\nThe status code of 502 has the following meaning: \"Server error - the server failed to fulfil an apparently valid request\"\nRead more about status codes at https://developer.mozilla.org/en-US/docs/Web/HTTP/Status\nIn order to resolve this exception you typically have either to verify and fix your request code or you have to fix the server code.\n",
    "time" : "2026-03-17T10:37:19.979256",
    "module" : "dioAdapter"
  }, {
    "level" : "INFO",
    "message" : "No migration needed for ORa Current version: 1, Target version: 1",
    "time" : "2026-03-17T10:52:56.283492",
    "module" : "db"
  }, {
    "level" : "INFO",
    "message" : "No migration needed for PRa Current version: 1, Target version: 1",
    "time" : "2026-03-17T10:52:56.284485",
    "module" : "db"
  }, {
    "level" : "INFO",
    "message" : "No migration needed for iSa Current version: 1, Target version: 1",
    "time" : "2026-03-17T10:52:56.285090",
    "module" : "db"
  }, {
    "level" : "INFO",
    "message" : "No migration needed for JRa Current version: 1, Target version: 1",
    "time" : "2026-03-17T10:52:56.285676",
    "module" : "db"
  }, {
    "level" : "WARNING",
    "message" : "No schema found for nSa Skipping migration.",
    "time" : "2026-03-17T10:52:56.298981",
    "module" : "db"
  }, {
    "level" : "INFO",
    "message" : "No migration needed for ZRa Current version: 4, Target version: 4",
    "time" : "2026-03-17T10:52:56.300038",
    "module" : "db"
  }, {
    "level" : "INFO",
    "message" : "Preferences updated: Preferences(isSoundEnabled: false, businessPin: **** protectionAmounts: Instance of 'NPa')",
    "time" : "2026-03-17T10:52:56.447359",
    "module" : "preferences"
  }, {
    "level" : "INFO",
    "message" : "GET Request: cierres - Params: null",
    "time" : "2026-03-17T10:52:56.547546",
    "module" : "dioAdapter"
  }, {
    "level" : "INFO",
    "message" : "GET Request: status - Params: null",
    "time" : "2026-03-17T10:52:56.549322",
    "module" : "dioAdapter"
  }, {
    "level" : "INFO",
    "message" : "POST Request: cierres/cambio",
    "time" : "2026-03-17T10:52:56.742136",
    "module" : "dioAdapter"
  }, {
    "level" : "INFO",
    "message" : "Cierre actualizado: 2026-03-17 14:00:00.000",
    "time" : "2026-03-17T10:52:56.790391",
    "module" : "cierres"
  }, {
    "level" : "INFO",
    "message" : "GET Request: config/juegos - Params: {fechaCierre: 2026-03-17T14:00:00.000}",
    "time" : "2026-03-17T10:52:56.794196",
    "module" : "dioAdapter"
  }, {
    "level" : "INFO",
    "message" : "GET Request: loteria/sorteo - Params: {nroSorteo: 47138}",
    "time" : "2026-03-17T10:57:11.754286",
    "module" : "dioAdapter"
  }, {
    "level" : "INFO",
    "message" : "GET Request: loteria/consulta - Params: {nroSorteo: 47143, codigoModalidad: LTF, cantFracciones: 1, numeroBillete: 666}",
    "time" : "2026-03-17T10:57:12.012622",
    "module" : "dioAdapter"
  }, {
    "level" : "INFO",
    "message" : "GET Request: loteria/consulta - Params: {nroSorteo: 47143, codigoModalidad: LTF, cantFracciones: 1, numeroBillete: 555}",
    "time" : "2026-03-17T10:57:26.210102",
    "module" : "dioAdapter"
  }, {
    "level" : "FINE",
    "message" : "Verificando si hay documentos pendientes de autorización...",
    "time" : "2026-03-17T10:57:55.777899",
    "module" : "emitir"
  }, {
    "level" : "INFO",
    "message" : "POST Request: autorizar",
    "time" : "2026-03-17T10:57:55.780881",
    "module" : "dioAdapter"
  }, {
    "level" : "FINE",
    "message" : "Impresión del ticket 690800009 exitosa.",
    "time" : "2026-03-17T10:58:02.883577",
    "module" : "emitir"
  }, {
    "level" : "INFO",
    "message" : "GET Request: loteria/consulta - Params: {nroSorteo: 47143, codigoModalidad: LTF, cantFracciones: 1, numeroBillete: 555}",
    "time" : "2026-03-17T10:58:13.372814",
    "module" : "dioAdapter"
  } ]
}
2026-03-17 11:05:03.439 [bol-api-pekko.actor.default-dispatcher-12121] DEBUG c.b.b.s.pos.logs.PosLogsHandler - Dialog: 99be2605-12c6-4152-bf5f-5a865cf02a30
Start: 2026-03-17T11:05:03.435124096
Request:{
  "logs" : [ {
    "level" : "INFO",
    "message" : "GET Request: sorteos/resultado - Params: {hasta: 2026-03-17T10:36:55.487232, limit: 1, codigoProducto: QUI}",
    "time" : "2026-03-17T10:36:55.500843",
    "module" : "dioAdapter"
  }, {
    "level" : "INFO",
    "message" : "GET Request: sorteos/resultado - Params: {hasta: 2026-03-17T10:36:55.494216, limit: 1, codigoProducto: QUI}",
    "time" : "2026-03-17T10:36:55.505429",
    "module" : "dioAdapter"
  }, {
    "level" : "INFO",
    "message" : "POST Request: sesiones/refresh",
    "time" : "2026-03-17T10:36:55.552488",
    "module" : "dioAdapter"
  }, {
    "level" : "WARNING",
    "message" : "DioAdapter exception: POST https://api.testing.banquinet.org/bsecurity/sesiones/refresh - 403 - The supplied authentication is not authorized to access this resource - This exception was thrown because the response has a status code of 403 and RequestOptions.validateStatus was configured to throw for this status code.\nThe status code of 403 has the following meaning: \"Client error - the request contains bad syntax or cannot be fulfilled\"\nRead more about status codes at https://developer.mozilla.org/en-US/docs/Web/HTTP/Status\nIn order to resolve this exception you typically have either to verify and fix your request code or you have to fix the server code.\n",
    "time" : "2026-03-17T10:36:55.678930",
    "module" : "dioAdapter"
  }, {
    "level" : "INFO",
    "message" : "POST Request: login",
    "time" : "2026-03-17T10:36:55.695222",
    "module" : "dioAdapter"
  }, {
    "level" : "INFO",
    "message" : "POST Request: login",
    "time" : "2026-03-17T10:36:55.781811",
    "module" : "dioAdapter"
  }, {
    "level" : "WARNING",
    "message" : "DioAdapter exception: GET https://api.testing.banquinet.org/spa/sorteos/resultado?hasta=2026-03-17T10%3A36%3A55.487232&limit=1&codigoProducto=QUI - 502 - <html>\r\n<head><title>502 Bad Gateway</title></head>\r\n<body>\r\n<center><h1>502 Bad Gateway</h1></center>\r\n<hr><center>openresty</center>\r\n</body>\r\n</html>\r\n - This exception was thrown because the response has a status code of 502 and RequestOptions.validateStatus was configured to throw for this status code.\nThe status code of 502 has the following meaning: \"Server error - the server failed to fulfil an apparently valid request\"\nRead more about status codes at https://developer.mozilla.org/en-US/docs/Web/HTTP/Status\nIn order to resolve this exception you typically have either to verify and fix your request code or you have to fix the server code.\n",
    "time" : "2026-03-17T10:37:19.939134",
    "module" : "dioAdapter"
  }, {
    "level" : "WARNING",
    "message" : "DioAdapter exception: GET https://api.testing.banquinet.org/spa/sorteos/resultado?hasta=2026-03-17T10%3A36%3A55.494216&limit=1&codigoProducto=QUI - 502 - <html>\r\n<head><title>502 Bad Gateway</title></head>\r\n<body>\r\n<center><h1>502 Bad Gateway</h1></center>\r\n<hr><center>openresty</center>\r\n</body>\r\n</html>\r\n - This exception was thrown because the response has a status code of 502 and RequestOptions.validateStatus was configured to throw for this status code.\nThe status code of 502 has the following meaning: \"Server error - the server failed to fulfil an apparently valid request\"\nRead more about status codes at https://developer.mozilla.org/en-US/docs/Web/HTTP/Status\nIn order to resolve this exception you typically have either to verify and fix your request code or you have to fix the server code.\n",
    "time" : "2026-03-17T10:37:19.979256",
    "module" : "dioAdapter"
  }, {
    "level" : "INFO",
    "message" : "No migration needed for ORa Current version: 1, Target version: 1",
    "time" : "2026-03-17T10:52:56.283492",
    "module" : "db"
  }, {
    "level" : "INFO",
    "message" : "No migration needed for PRa Current version: 1, Target version: 1",
    "time" : "2026-03-17T10:52:56.284485",
    "module" : "db"
  }, {
    "level" : "INFO",
    "message" : "No migration needed for iSa Current version: 1, Target version: 1",
    "time" : "2026-03-17T10:52:56.285090",
    "module" : "db"
  }, {
    "level" : "INFO",
    "message" : "No migration needed for JRa Current version: 1, Target version: 1",
    "time" : "2026-03-17T10:52:56.285676",
    "module" : "db"
  }, {
    "level" : "WARNING",
    "message" : "No schema found for nSa Skipping migration.",
    "time" : "2026-03-17T10:52:56.298981",
    "module" : "db"
  }, {
    "level" : "INFO",
    "message" : "No migration needed for ZRa Current version: 4, Target version: 4",
    "time" : "2026-03-17T10:52:56.300038",
    "module" : "db"
  }, {
    "level" : "INFO",
    "message" : "Preferences updated: Preferences(isSoundEnabled: false, businessPin: **** protectionAmounts: Instance of 'NPa')",
    "time" : "2026-03-17T10:52:56.447359",
    "module" : "preferences"
  }, {
    "level" : "INFO",
    "message" : "GET Request: cierres - Params: null",
    "time" : "2026-03-17T10:52:56.547546",
    "module" : "dioAdapter"
  }, {
    "level" : "INFO",
    "message" : "GET Request: status - Params: null",
    "time" : "2026-03-17T10:52:56.549322",
    "module" : "dioAdapter"
  }, {
    "level" : "INFO",
    "message" : "POST Request: cierres/cambio",
    "time" : "2026-03-17T10:52:56.742136",
    "module" : "dioAdapter"
  }, {
    "level" : "INFO",
    "message" : "Cierre actualizado: 2026-03-17 14:00:00.000",
    "time" : "2026-03-17T10:52:56.790391",
    "module" : "cierres"
  }, {
    "level" : "INFO",
    "message" : "GET Request: config/juegos - Params: {fechaCierre: 2026-03-17T14:00:00.000}",
    "time" : "2026-03-17T10:52:56.794196",
    "module" : "dioAdapter"
  }, {
    "level" : "INFO",
    "message" : "GET Request: loteria/sorteo - Params: {nroSorteo: 47138}",
    "time" : "2026-03-17T10:57:11.754286",
    "module" : "dioAdapter"
  }, {
    "level" : "INFO",
    "message" : "GET Request: loteria/consulta - Params: {nroSorteo: 47143, codigoModalidad: LTF, cantFracciones: 1, numeroBillete: 666}",
    "time" : "2026-03-17T10:57:12.012622",
    "module" : "dioAdapter"
  }, {
    "level" : "INFO",
    "message" : "GET Request: loteria/consulta - Params: {nroSorteo: 47143, codigoModalidad: LTF, cantFracciones: 1, numeroBillete: 555}",
    "time" : "2026-03-17T10:57:26.210102",
    "module" : "dioAdapter"
  }, {
    "level" : "FINE",
    "message" : "Verificando si hay documentos pendientes de autorización...",
    "time" : "2026-03-17T10:57:55.777899",
    "module" : "emitir"
  }, {
    "level" : "INFO",
    "message" : "POST Request: autorizar",
    "time" : "2026-03-17T10:57:55.780881",
    "module" : "dioAdapter"
  }, {
    "level" : "FINE",
    "message" : "Impresión del ticket 690800009 exitosa.",
    "time" : "2026-03-17T10:58:02.883577",
    "module" : "emitir"
  }, {
    "level" : "INFO",
    "message" : "GET Request: loteria/consulta - Params: {nroSorteo: 47143, codigoModalidad: LTF, cantFracciones: 1, numeroBillete: 555}",
    "time" : "2026-03-17T10:58:13.372814",
    "module" : "dioAdapter"
  } ]
}
----------------------------------------
Response:{
  "statusCode" : 200,
  "entity" : {
    "message" : "Received 27 logs."
  }
}
Duration:4 ms
2026-03-17 11:08:07.734 [bol-api-pekko.actor.default-dispatcher-12125] DEBUG c.b.b.s.b.autorizar.AutorizarHandler - Dialog: bdecb56d-f7dc-4107-9f39-f6c12884fb53
Start: 2026-03-17T11:08:07.733977532
Request:{
  "recibido" : "2026-03-17T11:06:13.902229",
  "authorizationId" : "9af4c697-2633-40ae-b5a2-438b57f94ba8",
  "autorizar" : {
    "producto" : "TOM",
    "nroSorteo" : 30352,
    "jugadas" : [ {
      "modalidad" : "T7",
      "nros" : [ 22, 31, 38, 42, 56, 58, 97 ],
      "apuesta" : 50
    } ]
  }
}
2026-03-17 11:08:07.738 [bol-api-pekko.actor.default-dispatcher-12125] DEBUG c.b.b.db.repos.TransactionRepository - INSERT INTO bolserver.Transactions (uuid, nroTerminal, received, request, status, response) VALUES ('9af4c697-2633-40ae-b5a2-438b57f94ba8', 181, '2026-03-17 11:06:13', '{"recibido":"2026-03-17T11:06:13.902229","authorizationId":"9af4c697-2633-40ae-b5a2-438b57f94ba8","autorizar":{"producto":"TOM","nroSorteo":30352,"jugadas":[{"modalidad":"T7","nros":[22,31,38,42,56,58,97],"apuesta":50}]}}', 0, NULL)
2026-03-17 11:08:07.966 [bol-api-pekko.actor.default-dispatcher-12125] INFO  com.bqn.bol.Dialoger - received: SEND_DOC_RESP (ver.19.2.1)
---Accepted---
TOM 490,868,678 #30352 ~> 2026-03-17 11:08:07
		- 22,31,38,42,56,58,97 $50.00
		Total ➤ 50.00	AuthId: 1341509718

2026-03-17 11:08:07.972 [bol-api-pekko.actor.default-dispatcher-12125] DEBUG c.b.b.s.b.autorizar.AutorizarHandler - Dialog: bdecb56d-f7dc-4107-9f39-f6c12884fb53
Start: 2026-03-17T11:08:07.733977532
Request:{
  "recibido" : "2026-03-17T11:06:13.902229",
  "authorizationId" : "9af4c697-2633-40ae-b5a2-438b57f94ba8",
  "autorizar" : {
    "producto" : "TOM",
    "nroSorteo" : 30352,
    "jugadas" : [ {
      "modalidad" : "T7",
      "nros" : [ 22, 31, 38, 42, 56, 58, 97 ],
      "apuesta" : 50
    } ]
  }
}
----------------------------------------
Response:{
  "statusCode" : 200,
  "entity" : {
    "documentosAutorizados" : [ {
      "producto" : "TOM",
      "nroSorteo" : 30352,
      "nroDocumento" : 490868678,
      "emitido" : "2026-03-17T11:08:07",
      "barCode" : "49086867890303529745",
      "codigoSeguridad" : "1528204C4FF6F",
      "jugadas" : [ {
        "modalidad" : "T7",
        "nros" : [ 22, 31, 38, 42, 56, 58, 97 ],
        "apuesta" : 50
      } ]
    } ],
    "jugadasRechazadas" : [ ]
  }
}
Duration:236 ms
2026-03-17 11:08:25.506 [TaskController-tasks.scheduler-dispatcher-3667] INFO  c.b.b.client.CheckConnectionTask - Starting task: CheckConnectionTask
2026-03-17 11:08:25.510 [TaskController-tasks.scheduler-dispatcher-3667] INFO  c.b.b.client.CheckConnectionTask - Task CheckConnectionTask succeed: {
  "name" : "bsecurity-api",
  "version" : "1.3.0-SNAPSHOT",
  "builtAt" : "2026-03-03T08:13:34",
  "startedAt" : "2026-03-05T12:30:02",
  "currentTime" : "2026-03-17T11:08:25",
  "environment" : "testing",
  "status" : "OK"
}
2026-03-17 11:08:27.705 [bol-api-pekko.actor.default-dispatcher-12126] DEBUG c.b.b.s.status.GetStatusHandler - Dialog: dbd45f87-9acc-40f6-86f4-a178fe438e80
Start: 2026-03-17T11:08:27.705605555
Request:null
2026-03-17 11:08:27.705 [bol-api-pekko.actor.default-dispatcher-12126] DEBUG c.b.b.s.status.GetStatusHandler - Dialog: dbd45f87-9acc-40f6-86f4-a178fe438e80
Start: 2026-03-17T11:08:27.705605555
Request:null
----------------------------------------
Response:{
  "statusCode" : 200,
  "entity" : {
    "name" : "bol-api",
    "version" : "1.1.0-SNAPSHOT",
    "builtAt" : "2026-02-11T12:34:19",
    "startedAt" : "2026-03-06T11:57:19",
    "currentTime" : "2026-03-17T11:08:27",
    "environment" : "developer",
    "status" : "OK"
  }
}
Duration:0 ms
2026-03-17 11:08:29.710 [bol-api-pekko.actor.default-dispatcher-12125] DEBUG c.b.b.s.status.GetStatusHandler - Dialog: 672fe3a2-92dd-40af-b9a9-a3c572e44ed3
Start: 2026-03-17T11:08:29.710476142
Request:null
2026-03-17 11:08:29.710 [bol-api-pekko.actor.default-dispatcher-12125] DEBUG c.b.b.s.status.GetStatusHandler - Dialog: 672fe3a2-92dd-40af-b9a9-a3c572e44ed3
Start: 2026-03-17T11:08:29.710476142
Request:null
----------------------------------------
Response:{
  "statusCode" : 200,
  "entity" : {
    "name" : "bol-api",
    "version" : "1.1.0-SNAPSHOT",
    "builtAt" : "2026-02-11T12:34:19",
    "startedAt" : "2026-03-06T11:57:19",
    "currentTime" : "2026-03-17T11:08:29",
    "environment" : "developer",
    "status" : "OK"
  }
}
Duration:0 ms
2026-03-17 11:09:30.536 [bol-api-pekko.actor.default-dispatcher-12127] DEBUG c.b.b.s.b.autorizar.AutorizarHandler - Dialog: b716dacf-138e-45db-b8e2-b631a35d6c62
Start: 2026-03-17T11:09:30.536906276
Request:{
  "recibido" : "2026-03-17T11:07:36.685886",
  "authorizationId" : "1fbe382e-b1c4-4d51-90a4-d96acd0995f1",
  "autorizar" : {
    "producto" : "TOM",
    "nroSorteo" : 30352,
    "jugadas" : [ {
      "modalidad" : "T7",
      "nros" : [ 1, 10, 61, 62, 72, 84, 98 ],
      "apuesta" : 50
    } ]
  }
}
2026-03-17 11:09:30.540 [bol-api-pekko.actor.default-dispatcher-12127] DEBUG c.b.b.db.repos.TransactionRepository - INSERT INTO bolserver.Transactions (uuid, nroTerminal, received, request, status, response) VALUES ('1fbe382e-b1c4-4d51-90a4-d96acd0995f1', 181, '2026-03-17 11:07:36', '{"recibido":"2026-03-17T11:07:36.685886","authorizationId":"1fbe382e-b1c4-4d51-90a4-d96acd0995f1","autorizar":{"producto":"TOM","nroSorteo":30352,"jugadas":[{"modalidad":"T7","nros":[1,10,61,62,72,84,98],"apuesta":50}]}}', 0, NULL)
2026-03-17 11:09:31.081 [bol-api-pekko.actor.default-dispatcher-12127] INFO  com.bqn.bol.Dialoger - received: SEND_DOC_RESP (ver.19.2.1)
---Accepted---
TOM 490,868,679 #30352 ~> 2026-03-17 11:09:30
		- 1,10,61,62,72,84,98 $50.00
		Total ➤ 50.00	AuthId: 1679536672

2026-03-17 11:09:31.082 [bol-api-pekko.actor.default-dispatcher-12127] DEBUG c.b.b.s.b.autorizar.AutorizarHandler - Dialog: b716dacf-138e-45db-b8e2-b631a35d6c62
Start: 2026-03-17T11:09:30.536906276
Request:{
  "recibido" : "2026-03-17T11:07:36.685886",
  "authorizationId" : "1fbe382e-b1c4-4d51-90a4-d96acd0995f1",
  "autorizar" : {
    "producto" : "TOM",
    "nroSorteo" : 30352,
    "jugadas" : [ {
      "modalidad" : "T7",
      "nros" : [ 1, 10, 61, 62, 72, 84, 98 ],
      "apuesta" : 50
    } ]
  }
}
----------------------------------------
Response:{
  "statusCode" : 200,
  "entity" : {
    "documentosAutorizados" : [ {
      "producto" : "TOM",
      "nroSorteo" : 30352,
      "nroDocumento" : 490868679,
      "emitido" : "2026-03-17T11:09:30",
      "barCode" : "49086867990303527788",
      "codigoSeguridad" : "1D0D163C641C4",
      "jugadas" : [ {
        "modalidad" : "T7",
        "nros" : [ 1, 10, 61, 62, 72, 84, 98 ],
        "apuesta" : 50
      } ]
    } ],
    "jugadasRechazadas" : [ ]
  }
}
Duration:545 ms
2026-03-17 11:09:36.862 [bol-api-pekko.actor.default-dispatcher-12125] DEBUG c.b.b.s.status.GetStatusHandler - Dialog: d10e4d11-134e-4e0f-b04a-663f292cdd93
Start: 2026-03-17T11:09:36.862448243
Request:null
2026-03-17 11:09:36.862 [bol-api-pekko.actor.default-dispatcher-12125] DEBUG c.b.b.s.status.GetStatusHandler - Dialog: d10e4d11-134e-4e0f-b04a-663f292cdd93
Start: 2026-03-17T11:09:36.862448243
Request:null
----------------------------------------
Response:{
  "statusCode" : 200,
  "entity" : {
    "name" : "bol-api",
    "version" : "1.1.0-SNAPSHOT",
    "builtAt" : "2026-02-11T12:34:19",
    "startedAt" : "2026-03-06T11:57:19",
    "currentTime" : "2026-03-17T11:09:36",
    "environment" : "developer",
    "status" : "OK"
  }
}
Duration:0 ms
2026-03-17 11:10:18.960 [bol-api-pekko.actor.default-dispatcher-12125] DEBUG c.b.b.s.b.cierres.GetCierresHandler - Dialog: 952576ef-8162-47bd-8bec-563a000d712a
Start: 2026-03-17T11:10:18.960726921
Request:null
2026-03-17 11:10:18.982 [bol-api-pekko.actor.default-dispatcher-12125] INFO  com.bqn.bol.Dialoger - received: CIERRES_RESP (ver.1.0.0)
	Mar17 Mar. 14:00
	Mar17 Mar. 20:00
	Mié18 Mar. 14:00
2026-03-17 11:10:18.983 [bol-api-pekko.actor.default-dispatcher-12125] DEBUG c.b.b.s.b.cierres.GetCierresHandler - Dialog: 952576ef-8162-47bd-8bec-563a000d712a
Start: 2026-03-17T11:10:18.960726921
Request:null
----------------------------------------
Response:{
  "statusCode" : 200,
  "entity" : {
    "fechasCierre" : [ "2026-03-17T14:00:00", "2026-03-17T20:00:00", "2026-03-18T14:00:00" ]
  }
}
Duration:22 ms
2026-03-17 11:10:19.185 [bol-api-pekko.actor.default-dispatcher-12125] DEBUG c.b.b.s.b.c.CambioCierreHandler - Dialog: 7d7aa5d4-729a-4710-a998-e2e621c71405
Start: 2026-03-17T11:10:19.185451814
Request:{
  "fechaCierre" : "2026-03-17T14:00:00"
}
2026-03-17 11:10:19.226 [bol-api-pekko.actor.default-dispatcher-12125] INFO  com.bqn.bol.Dialoger - received: CAMBIO_CIERRE_RESP (ver.1.0.0)
	Cierre: VES  2026-03-17T14:00
	QUI 2026-03-17 #30308 (2026-03-16T21:30 - 2026-03-17T15:00)
	QUI 2026-03-17 #30309 (2026-03-16T21:30 - 2026-03-17T21:00)
	TOM 2026-03-17 #30352 (2026-03-16T21:30 - 2026-03-17T15:00)
	TOM 2026-03-17 #30353 (2026-03-16T21:30 - 2026-03-17T21:00)
	ORO 2026-03-18 #30392 (2026-03-15T22:30 - 2026-03-18T22:00)
	REC 2026-03-31 #45280 (2026-03-01T00:00 - 2026-03-31T23:59:59)
	PIN 2026-03-31 #46255 (2026-03-01T00:00 - 2026-03-31T23:59:59)
	LOT 2026-03-20 #47138 (2026-03-19T21:00 - 2026-03-20T21:00)
	LOT 2026-03-18 #47143 (2026-03-16T21:00 - 2026-03-18T21:00)
	SUP 2026-12-31 #52178 (2026-03-03T03:00 - 2026-12-31T12:00)
	SUP 2027-01-01 #55000 (2026-12-31T12:00 - 2027-01-01T00:00)
2026-03-17 11:10:19.228 [bol-api-pekko.actor.default-dispatcher-12125] DEBUG c.b.b.s.b.c.CambioCierreHandler - Dialog: 7d7aa5d4-729a-4710-a998-e2e621c71405
Start: 2026-03-17T11:10:19.185451814
Request:{
  "fechaCierre" : "2026-03-17T14:00:00"
}
----------------------------------------
Response:{
  "statusCode" : 200,
  "entity" : {
    "fechaCierre" : "2026-03-17T14:00:00",
    "sorteos" : [ {
      "nroSorteo" : 30308,
      "codigoProducto" : "QUI",
      "fechaSorteo" : "2026-03-17T15:00:00",
      "fechaInicio" : "2026-03-16T21:30:00",
      "fechaFin" : "2026-03-17T15:00:00"
    }, {
      "nroSorteo" : 30309,
      "codigoProducto" : "QUI",
      "fechaSorteo" : "2026-03-17T21:00:00",
      "fechaInicio" : "2026-03-16T21:30:00",
      "fechaFin" : "2026-03-17T21:00:00"
    }, {
      "nroSorteo" : 30352,
      "codigoProducto" : "TOM",
      "fechaSorteo" : "2026-03-17T15:00:00",
      "fechaInicio" : "2026-03-16T21:30:00",
      "fechaFin" : "2026-03-17T15:00:00"
    }, {
      "nroSorteo" : 30353,
      "codigoProducto" : "TOM",
      "fechaSorteo" : "2026-03-17T21:00:00",
      "fechaInicio" : "2026-03-16T21:30:00",
      "fechaFin" : "2026-03-17T21:00:00"
    }, {
      "nroSorteo" : 30392,
      "codigoProducto" : "ORO",
      "fechaSorteo" : "2026-03-18T22:00:00",
      "fechaInicio" : "2026-03-15T22:30:00",
      "fechaFin" : "2026-03-18T22:00:00"
    }, {
      "nroSorteo" : 45280,
      "codigoProducto" : "REC",
      "fechaSorteo" : "2026-03-31T23:59:59",
      "fechaInicio" : "2026-03-01T00:00:00",
      "fechaFin" : "2026-03-31T23:59:59"
    }, {
      "nroSorteo" : 46255,
      "codigoProducto" : "PIN",
      "fechaSorteo" : "2026-03-31T23:59:59",
      "fechaInicio" : "2026-03-01T00:00:00",
      "fechaFin" : "2026-03-31T23:59:59"
    }, {
      "nroSorteo" : 47138,
      "codigoProducto" : "LOT",
      "fechaSorteo" : "2026-03-20T21:00:00",
      "fechaInicio" : "2026-03-19T21:00:00",
      "fechaFin" : "2026-03-20T21:00:00"
    }, {
      "nroSorteo" : 47143,
      "codigoProducto" : "LOT",
      "fechaSorteo" : "2026-03-18T21:00:00",
      "fechaInicio" : "2026-03-16T21:00:00",
      "fechaFin" : "2026-03-18T21:00:00"
    }, {
      "nroSorteo" : 52178,
      "codigoProducto" : "SUP",
      "fechaSorteo" : "2026-12-31T12:00:00",
      "fechaInicio" : "2026-03-03T03:00:00",
      "fechaFin" : "2026-12-31T12:00:00"
    }, {
      "nroSorteo" : 55000,
      "codigoProducto" : "SUP",
      "fechaSorteo" : "2027-01-01T00:00:00",
      "fechaInicio" : "2026-12-31T12:00:00",
      "fechaFin" : "2027-01-01T00:00:00"
    } ]
  }
}
Duration:42 ms
2026-03-17 11:10:19.767 [bol-api-pekko.actor.default-dispatcher-12125] DEBUG c.b.b.s.c.p.GetDatosVendedorHandler - Dialog: 132734fd-2e49-462c-9ef2-234b45e8cb0f
Start: 2026-03-17T11:10:19.767083592
Request:null
2026-03-17 11:10:19.768 [bol-api-pekko.actor.default-dispatcher-12125] DEBUG c.b.b.s.c.p.GetDatosVendedorHandler - Dialog: 132734fd-2e49-462c-9ef2-234b45e8cb0f
Start: 2026-03-17T11:10:19.767083592
Request:null
----------------------------------------
Response:{
  "statusCode" : 200,
  "entity" : {
    "nroBanca" : 8,
    "nombreBanca" : "Cerro Largo",
    "nroAgencia" : 4,
    "nroSubagente" : 4068,
    "nroWorkgroup" : 11
  }
}
Duration:1 ms
2026-03-17 11:10:19.768 [bol-api-pekko.actor.default-dispatcher-12125] DEBUG c.b.b.s.c.j.GetConfigJuegosHandler - Dialog: 23941f76-b633-4036-8b90-4d414b4e0372
Start: 2026-03-17T11:10:19.768739392
Request:{
  "fechaCierre" : "2026-03-17T14:00:00"
}
2026-03-17 11:10:19.770 [bol-api-pekko.actor.default-dispatcher-12125] DEBUG c.b.b.s.c.j.GetConfigJuegosHandler - Dialog: 23941f76-b633-4036-8b90-4d414b4e0372
Start: 2026-03-17T11:10:19.768739392
Request:{
  "fechaCierre" : "2026-03-17T14:00:00"
}
----------------------------------------
Response:{
  "statusCode" : 200,
  "entity" : {
    "QUI" : {
      "apuestaMin" : 1,
      "apuestaMax" : 1000
    },
    "TOM" : {
      "apuestaMin" : 40,
      "apuestaMax" : 250
    },
    "ORO" : {
      "valorApuestaComun" : 50,
      "valorApuestaRevancha" : 70,
      "cantidadDeJugadasList" : [ {
        "cantidadDeNumeros" : 4,
        "cantidadDeJugadas" : 44
      }, {
        "cantidadDeNumeros" : 5,
        "cantidadDeJugadas" : 1
      }, {
        "cantidadDeNumeros" : 6,
        "cantidadDeJugadas" : 6
      }, {
        "cantidadDeNumeros" : 7,
        "cantidadDeJugadas" : 21
      }, {
        "cantidadDeNumeros" : 8,
        "cantidadDeJugadas" : 56
      } ]
    },
    "LOT" : {
      "valorFraccion" : 150,
      "valorEntero" : 1500,
      "cantidadDeFracciones" : 10
    },
    "SUP" : {
      "apuestaMin" : 50,
      "apuestaMax" : 2345
    }
  }
}
Duration:1 ms
2026-03-17 11:12:18.136 [TaskController-tasks.scheduler-dispatcher-3668] INFO  c.b.b.client.CheckConnectionTask - Starting task: CheckConnectionTask
2026-03-17 11:12:18.166 [TaskController-tasks.scheduler-dispatcher-3668] INFO  c.b.b.client.CheckConnectionTask - Task CheckConnectionTask succeed: {
  "name" : "bsecurity-api",
  "version" : "1.3.0-SNAPSHOT",
  "builtAt" : "2026-03-03T08:13:34",
  "startedAt" : "2026-03-05T12:30:02",
  "currentTime" : "2026-03-17T11:12:18",
  "environment" : "testing",
  "status" : "OK"
}
2026-03-17 11:12:25.826 [TaskController-tasks.scheduler-dispatcher-3669] INFO  c.b.b.client.CheckConnectionTask - Starting task: CheckConnectionTask
2026-03-17 11:12:25.831 [TaskController-tasks.scheduler-dispatcher-3669] INFO  c.b.b.client.CheckConnectionTask - Task CheckConnectionTask succeed: {
  "name" : "bsecurity-api",
  "version" : "1.3.0-SNAPSHOT",
  "builtAt" : "2026-03-03T08:13:34",
  "startedAt" : "2026-03-05T12:30:02",
  "currentTime" : "2026-03-17T11:12:25",
  "environment" : "testing",
  "status" : "OK"
}
2026-03-17 11:12:55.006 [TaskController-tasks.scheduler-dispatcher-3670] INFO  c.b.b.client.CheckConnectionTask - Starting task: CheckConnectionTask
2026-03-17 11:12:55.011 [TaskController-tasks.scheduler-dispatcher-3670] INFO  c.b.b.client.CheckConnectionTask - Task CheckConnectionTask succeed: {
  "name" : "bsecurity-api",
  "version" : "1.3.0-SNAPSHOT",
  "builtAt" : "2026-03-03T08:13:34",
  "startedAt" : "2026-03-05T12:30:02",
  "currentTime" : "2026-03-17T11:12:55",
  "environment" : "testing",
  "status" : "OK"
}
2026-03-17 11:13:04.191 [bol-api-pekko.actor.default-dispatcher-12131] DEBUG c.b.b.s.status.GetStatusHandler - Dialog: f4b53cd7-4881-468b-bc90-54bcd7c29de3
Start: 2026-03-17T11:13:04.191383205
Request:null
2026-03-17 11:13:04.191 [bol-api-pekko.actor.default-dispatcher-12131] DEBUG c.b.b.s.status.GetStatusHandler - Dialog: f4b53cd7-4881-468b-bc90-54bcd7c29de3
Start: 2026-03-17T11:13:04.191383205
Request:null
----------------------------------------
Response:{
  "statusCode" : 200,
  "entity" : {
    "name" : "bol-api",
    "version" : "1.1.0-SNAPSHOT",
    "builtAt" : "2026-02-11T12:34:19",
    "startedAt" : "2026-03-06T11:57:19",
    "currentTime" : "2026-03-17T11:13:04",
    "environment" : "developer",
    "status" : "OK"
  }
}
Duration:0 ms
2026-03-17 11:18:25.506 [TaskController-tasks.scheduler-dispatcher-3671] INFO  c.b.b.client.CheckConnectionTask - Starting task: CheckConnectionTask
2026-03-17 11:18:25.542 [TaskController-tasks.scheduler-dispatcher-3671] INFO  c.b.b.client.CheckConnectionTask - Task CheckConnectionTask succeed: {
  "name" : "bsecurity-api",
  "version" : "1.3.0-SNAPSHOT",
  "builtAt" : "2026-03-03T08:13:34",
  "startedAt" : "2026-03-05T12:30:02",
  "currentTime" : "2026-03-17T11:18:25",
  "environment" : "testing",
  "status" : "OK"
}
2026-03-17 11:20:12.004 [bol-api-pekko.actor.default-dispatcher-12135] DEBUG c.b.b.s.pos.logs.PosLogsHandler - Dialog: 428dd210-528a-494a-b2d6-f017d93ab7e9
Start: 2026-03-17T11:20:12.004014965
Request:{
  "logs" : [ {
    "level" : "INFO",
    "message" : "No migration needed for DatosTallerDB Current version: 1, Target version: 1",
    "time" : "2026-03-16T11:44:19.316674",
    "module" : "db"
  }, {
    "level" : "INFO",
    "message" : "No migration needed for DatosVendedorDB Current version: 1, Target version: 1",
    "time" : "2026-03-16T11:44:19.396896",
    "module" : "db"
  }, {
    "level" : "INFO",
    "message" : "No migration needed for ProductosConfigDB Current version: 1, Target version: 1",
    "time" : "2026-03-16T11:44:19.411413",
    "module" : "db"
  }, {
    "level" : "INFO",
    "message" : "No migration needed for CierreDB Current version: 1, Target version: 1",
    "time" : "2026-03-16T11:44:19.423081",
    "module" : "db"
  }, {
    "level" : "WARNING",
    "message" : "No schema found for TransactionDB Skipping migration.",
    "time" : "2026-03-16T11:44:19.464353",
    "module" : "db"
  }, {
    "level" : "INFO",
    "message" : "No migration needed for PreferencesDB Current version: 4, Target version: 4",
    "time" : "2026-03-16T11:44:19.488219",
    "module" : "db"
  }, {
    "level" : "INFO",
    "message" : "Preferences updated: Preferences(isSoundEnabled: true, businessPin: **** protectionAmounts: Instance of 'CheckProtectionAmounts')",
    "time" : "2026-03-16T11:44:20.408090",
    "module" : "preferences"
  }, {
    "level" : "INFO",
    "message" : "POST Request: login",
    "time" : "2026-03-16T11:44:26.151014",
    "module" : "dioAdapter"
  }, {
    "level" : "INFO",
    "message" : "GET Request: cierres - Params: null",
    "time" : "2026-03-16T11:44:27.736325",
    "module" : "dioAdapter"
  }, {
    "level" : "INFO",
    "message" : "POST Request: cierres/cambio",
    "time" : "2026-03-16T11:44:28.169334",
    "module" : "dioAdapter"
  }, {
    "level" : "INFO",
    "message" : "Cierre actualizado: 2026-03-16 14:00:00.000",
    "time" : "2026-03-16T11:44:28.367913",
    "module" : "cierres"
  }, {
    "level" : "INFO",
    "message" : "GET Request: config/juegos - Params: {fechaCierre: 2026-03-16T14:00:00.000}",
    "time" : "2026-03-16T11:44:28.419009",
    "module" : "dioAdapter"
  }, {
    "level" : "INFO",
    "message" : "GET Request: cierres - Params: null",
    "time" : "2026-03-16T11:44:41.406266",
    "module" : "dioAdapter"
  }, {
    "level" : "INFO",
    "message" : "POST Request: cierres/cambio",
    "time" : "2026-03-16T11:44:41.766780",
    "module" : "dioAdapter"
  }, {
    "level" : "INFO",
    "message" : "Cierre actualizado: 2026-03-16 14:00:00.000",
    "time" : "2026-03-16T11:44:41.938973",
    "module" : "cierres"
  }, {
    "level" : "INFO",
    "message" : "GET Request: config/juegos - Params: {fechaCierre: 2026-03-16T14:00:00.000}",
    "time" : "2026-03-16T11:44:41.954109",
    "module" : "dioAdapter"
  }, {
    "level" : "INFO",
    "message" : "GET Request: cierres - Params: null",
    "time" : "2026-03-16T11:44:54.949019",
    "module" : "dioAdapter"
  }, {
    "level" : "INFO",
    "message" : "POST Request: cierres/cambio",
    "time" : "2026-03-16T11:44:55.251432",
    "module" : "dioAdapter"
  }, {
    "level" : "INFO",
    "message" : "Cierre actualizado: 2026-03-16 14:00:00.000",
    "time" : "2026-03-16T11:44:55.430480",
    "module" : "cierres"
  }, {
    "level" : "INFO",
    "message" : "GET Request: config/juegos - Params: {fechaCierre: 2026-03-16T14:00:00.000}",
    "time" : "2026-03-16T11:44:55.454293",
    "module" : "dioAdapter"
  }, {
    "level" : "INFO",
    "message" : "GET Request: cierres - Params: null",
    "time" : "2026-03-16T11:45:08.450497",
    "module" : "dioAdapter"
  }, {
    "level" : "INFO",
    "message" : "POST Request: cierres/cambio",
    "time" : "2026-03-16T11:45:08.740566",
    "module" : "dioAdapter"
  }, {
    "level" : "INFO",
    "message" : "Cierre actualizado: 2026-03-16 14:00:00.000",
    "time" : "2026-03-16T11:45:08.897303",
    "module" : "cierres"
  }, {
    "level" : "INFO",
    "message" : "GET Request: config/juegos - Params: {fechaCierre: 2026-03-16T14:00:00.000}",
    "time" : "2026-03-16T11:45:08.919898",
    "module" : "dioAdapter"
  }, {
    "level" : "INFO",
    "message" : "GET Request: cierres - Params: null",
    "time" : "2026-03-16T11:45:21.919222",
    "module" : "dioAdapter"
  }, {
    "level" : "INFO",
    "message" : "POST Request: cierres/cambio",
    "time" : "2026-03-16T11:45:22.300387",
    "module" : "dioAdapter"
  }, {
    "level" : "INFO",
    "message" : "Cierre actualizado: 2026-03-16 14:00:00.000",
    "time" : "2026-03-16T11:45:22.436844",
    "module" : "cierres"
  }, {
    "level" : "INFO",
    "message" : "GET Request: config/juegos - Params: {fechaCierre: 2026-03-16T14:00:00.000}",
    "time" : "2026-03-16T11:45:22.461960",
    "module" : "dioAdapter"
  }, {
    "level" : "INFO",
    "message" : "GET Request: cierres - Params: null",
    "time" : "2026-03-16T11:45:35.462135",
    "module" : "dioAdapter"
  }, {
    "level" : "INFO",
    "message" : "POST Request: cierres/cambio",
    "time" : "2026-03-16T11:45:35.843804",
    "module" : "dioAdapter"
  }, {
    "level" : "INFO",
    "message" : "Cierre actualizado: 2026-03-16 14:00:00.000",
    "time" : "2026-03-16T11:45:35.965883",
    "module" : "cierres"
  }, {
    "level" : "INFO",
    "message" : "GET Request: config/juegos - Params: {fechaCierre: 2026-03-16T14:00:00.000}",
    "time" : "2026-03-16T11:45:35.976743",
    "module" : "dioAdapter"
  }, {
    "level" : "INFO",
    "message" : "GET Request: cierres - Params: null",
    "time" : "2026-03-16T11:45:48.977188",
    "module" : "dioAdapter"
  }, {
    "level" : "INFO",
    "message" : "POST Request: cierres/cambio",
    "time" : "2026-03-16T11:45:49.266622",
    "module" : "dioAdapter"
  }, {
    "level" : "INFO",
    "message" : "Cierre actualizado: 2026-03-16 14:00:00.000",
    "time" : "2026-03-16T11:45:49.393442",
    "module" : "cierres"
  }, {
    "level" : "INFO",
    "message" : "GET Request: config/juegos - Params: {fechaCierre: 2026-03-16T14:00:00.000}",
    "time" : "2026-03-16T11:45:49.417433",
    "module" : "dioAdapter"
  }, {
    "level" : "INFO",
    "message" : "GET Request: cierres - Params: null",
    "time" : "2026-03-16T11:46:02.408716",
    "module" : "dioAdapter"
  }, {
    "level" : "INFO",
    "message" : "POST Request: cierres/cambio",
    "time" : "2026-03-16T11:46:02.672996",
    "module" : "dioAdapter"
  }, {
    "level" : "INFO",
    "message" : "Cierre actualizado: 2026-03-16 14:00:00.000",
    "time" : "2026-03-16T11:46:02.807489",
    "module" : "cierres"
  }, {
    "level" : "INFO",
    "message" : "GET Request: config/juegos - Params: {fechaCierre: 2026-03-16T14:00:00.000}",
    "time" : "2026-03-16T11:46:02.831937",
    "module" : "dioAdapter"
  }, {
    "level" : "INFO",
    "message" : "GET Request: cierres - Params: null",
    "time" : "2026-03-16T11:46:17.684841",
    "module" : "dioAdapter"
  }, {
    "level" : "INFO",
    "message" : "POST Request: cierres/cambio",
    "time" : "2026-03-16T11:46:18.806343",
    "module" : "dioAdapter"
  }, {
    "level" : "INFO",
    "message" : "Cierre actualizado: 2026-03-16 14:00:00.000",
    "time" : "2026-03-16T11:46:19.446590",
    "module" : "cierres"
  }, {
    "level" : "INFO",
    "message" : "GET Request: config/juegos - Params: {fechaCierre: 2026-03-16T14:00:00.000}",
    "time" : "2026-03-16T11:46:19.457976",
    "module" : "dioAdapter"
  }, {
    "level" : "INFO",
    "message" : "GET Request: cierres - Params: null",
    "time" : "2026-03-16T11:46:32.459371",
    "module" : "dioAdapter"
  }, {
    "level" : "INFO",
    "message" : "POST Request: cierres/cambio",
    "time" : "2026-03-16T11:46:32.803845",
    "module" : "dioAdapter"
  }, {
    "level" : "INFO",
    "message" : "Cierre actualizado: 2026-03-16 14:00:00.000",
    "time" : "2026-03-16T11:46:32.910846",
    "module" : "cierres"
  }, {
    "level" : "INFO",
    "message" : "GET Request: config/juegos - Params: {fechaCierre: 2026-03-16T14:00:00.000}",
    "time" : "2026-03-16T11:46:32.923771",
    "module" : "dioAdapter"
  }, {
    "level" : "INFO",
    "message" : "GET Request: cierres - Params: null",
    "time" : "2026-03-16T11:46:46.146200",
    "module" : "dioAdapter"
  }, {
    "level" : "INFO",
    "message" : "POST Request: cierres/cambio",
    "time" : "2026-03-16T11:46:46.555129",
    "module" : "dioAdapter"
  }, {
    "level" : "INFO",
    "message" : "Cierre actualizado: 2026-03-16 14:00:00.000",
    "time" : "2026-03-16T11:46:47.199553",
    "module" : "cierres"
  }, {
    "level" : "INFO",
    "message" : "GET Request: config/juegos - Params: {fechaCierre: 2026-03-16T14:00:00.000}",
    "time" : "2026-03-16T11:46:47.222887",
    "module" : "dioAdapter"
  }, {
    "level" : "INFO",
    "message" : "GET Request: cierres - Params: null",
    "time" : "2026-03-16T11:47:00.222817",
    "module" : "dioAdapter"
  }, {
    "level" : "INFO",
    "message" : "POST Request: cierres/cambio",
    "time" : "2026-03-16T11:47:00.356375",
    "module" : "dioAdapter"
  }, {
    "level" : "INFO",
    "message" : "Cierre actualizado: 2026-03-16 14:00:00.000",
    "time" : "2026-03-16T11:47:00.460735",
    "module" : "cierres"
  }, {
    "level" : "INFO",
    "message" : "GET Request: config/juegos - Params: {fechaCierre: 2026-03-16T14:00:00.000}",
    "time" : "2026-03-16T11:47:00.468558",
    "module" : "dioAdapter"
  }, {
    "level" : "INFO",
    "message" : "GET Request: cierres - Params: null",
    "time" : "2026-03-16T11:47:13.470423",
    "module" : "dioAdapter"
  }, {
    "level" : "INFO",
    "message" : "POST Request: cierres/cambio",
    "time" : "2026-03-16T11:47:13.793604",
    "module" : "dioAdapter"
  }, {
    "level" : "INFO",
    "message" : "Cierre actualizado: 2026-03-16 14:00:00.000",
    "time" : "2026-03-16T11:47:13.945120",
    "module" : "cierres"
  }, {
    "level" : "INFO",
    "message" : "GET Request: config/juegos - Params: {fechaCierre: 2026-03-16T14:00:00.000}",
    "time" : "2026-03-16T11:47:13.961451",
    "module" : "dioAdapter"
  }, {
    "level" : "INFO",
    "message" : "GET Request: cierres - Params: null",
    "time" : "2026-03-16T11:47:26.990456",
    "module" : "dioAdapter"
  }, {
    "level" : "INFO",
    "message" : "POST Request: cierres/cambio",
    "time" : "2026-03-16T11:47:27.546315",
    "module" : "dioAdapter"
  }, {
    "level" : "INFO",
    "message" : "Cierre actualizado: 2026-03-16 14:00:00.000",
    "time" : "2026-03-16T11:47:27.704965",
    "module" : "cierres"
  }, {
    "level" : "INFO",
    "message" : "GET Request: config/juegos - Params: {fechaCierre: 2026-03-16T14:00:00.000}",
    "time" : "2026-03-16T11:47:27.742170",
    "module" : "dioAdapter"
  }, {
    "level" : "INFO",
    "message" : "No migration needed for DatosTallerDB Current version: 1, Target version: 1",
    "time" : "2026-03-16T11:49:21.265633",
    "module" : "db"
  }, {
    "level" : "INFO",
    "message" : "No migration needed for DatosVendedorDB Current version: 1, Target version: 1",
    "time" : "2026-03-16T11:49:21.344335",
    "module" : "db"
  }, {
    "level" : "INFO",
    "message" : "No migration needed for ProductosConfigDB Current version: 1, Target version: 1",
    "time" : "2026-03-16T11:49:21.354773",
    "module" : "db"
  }, {
    "level" : "INFO",
    "message" : "No migration needed for CierreDB Current version: 1, Target version: 1",
    "time" : "2026-03-16T11:49:21.363331",
    "module" : "db"
  }, {
    "level" : "WARNING",
    "message" : "No schema found for TransactionDB Skipping migration.",
    "time" : "2026-03-16T11:49:21.405568",
    "module" : "db"
  }, {
    "level" : "INFO",
    "message" : "No migration needed for PreferencesDB Current version: 4, Target version: 4",
    "time" : "2026-03-16T11:49:21.430608",
    "module" : "db"
  }, {
    "level" : "INFO",
    "message" : "Preferences updated: Preferences(isSoundEnabled: true, businessPin: **** protectionAmounts: Instance of 'CheckProtectionAmounts')",
    "time" : "2026-03-16T11:49:21.902542",
    "module" : "preferences"
  }, {
    "level" : "INFO",
    "message" : "GET Request: cierres - Params: null",
    "time" : "2026-03-16T11:49:40.166118",
    "module" : "dioAdapter"
  }, {
    "level" : "INFO",
    "message" : "POST Request: cierres/cambio",
    "time" : "2026-03-16T11:49:41.972490",
    "module" : "dioAdapter"
  }, {
    "level" : "INFO",
    "message" : "Cierre actualizado: 2026-03-16 14:00:00.000",
    "time" : "2026-03-16T11:49:42.270512",
    "module" : "cierres"
  }, {
    "level" : "INFO",
    "message" : "GET Request: config/juegos - Params: {fechaCierre: 2026-03-16T14:00:00.000}",
    "time" : "2026-03-16T11:49:42.330871",
    "module" : "dioAdapter"
  }, {
    "level" : "INFO",
    "message" : "GET Request: cierres - Params: null",
    "time" : "2026-03-16T11:49:55.312189",
    "module" : "dioAdapter"
  }, {
    "level" : "INFO",
    "message" : "POST Request: cierres/cambio",
    "time" : "2026-03-16T11:49:55.783505",
    "module" : "dioAdapter"
  }, {
    "level" : "INFO",
    "message" : "Cierre actualizado: 2026-03-16 14:00:00.000",
    "time" : "2026-03-16T11:49:55.939105",
    "module" : "cierres"
  }, {
    "level" : "INFO",
    "message" : "GET Request: config/juegos - Params: {fechaCierre: 2026-03-16T14:00:00.000}",
    "time" : "2026-03-16T11:49:55.963552",
    "module" : "dioAdapter"
  }, {
    "level" : "INFO",
    "message" : "GET Request: cierres - Params: null",
    "time" : "2026-03-16T11:50:08.959538",
    "module" : "dioAdapter"
  }, {
    "level" : "INFO",
    "message" : "POST Request: cierres/cambio",
    "time" : "2026-03-16T11:50:09.247877",
    "module" : "dioAdapter"
  }, {
    "level" : "INFO",
    "message" : "Cierre actualizado: 2026-03-16 14:00:00.000",
    "time" : "2026-03-16T11:50:09.409267",
    "module" : "cierres"
  }, {
    "level" : "INFO",
    "message" : "GET Request: config/juegos - Params: {fechaCierre: 2026-03-16T14:00:00.000}",
    "time" : "2026-03-16T11:50:09.438961",
    "module" : "dioAdapter"
  }, {
    "level" : "INFO",
    "message" : "GET Request: cierres - Params: null",
    "time" : "2026-03-16T11:50:22.428662",
    "module" : "dioAdapter"
  }, {
    "level" : "INFO",
    "message" : "POST Request: cierres/cambio",
    "time" : "2026-03-16T11:50:22.835073",
    "module" : "dioAdapter"
  }, {
    "level" : "INFO",
    "message" : "Cierre actualizado: 2026-03-16 14:00:00.000",
    "time" : "2026-03-16T11:50:23.062823",
    "module" : "cierres"
  }, {
    "level" : "INFO",
    "message" : "GET Request: config/juegos - Params: {fechaCierre: 2026-03-16T14:00:00.000}",
    "time" : "2026-03-16T11:50:23.088594",
    "module" : "dioAdapter"
  }, {
    "level" : "INFO",
    "message" : "GET Request: cierres - Params: null",
    "time" : "2026-03-16T11:50:36.079911",
    "module" : "dioAdapter"
  }, {
    "level" : "INFO",
    "message" : "POST Request: cierres/cambio",
    "time" : "2026-03-16T11:50:36.476836",
    "module" : "dioAdapter"
  }, {
    "level" : "INFO",
    "message" : "Cierre actualizado: 2026-03-16 14:00:00.000",
    "time" : "2026-03-16T11:50:36.604222",
    "module" : "cierres"
  }, {
    "level" : "INFO",
    "message" : "GET Request: config/juegos - Params: {fechaCierre: 2026-03-16T14:00:00.000}",
    "time" : "2026-03-16T11:50:36.632541",
    "module" : "dioAdapter"
  }, {
    "level" : "INFO",
    "message" : "GET Request: cierres - Params: null",
    "time" : "2026-03-16T11:50:49.620706",
    "module" : "dioAdapter"
  }, {
    "level" : "INFO",
    "message" : "POST Request: cierres/cambio",
    "time" : "2026-03-16T11:50:50.022990",
    "module" : "dioAdapter"
  }, {
    "level" : "INFO",
    "message" : "Cierre actualizado: 2026-03-16 14:00:00.000",
    "time" : "2026-03-16T11:50:50.152607",
    "module" : "cierres"
  }, {
    "level" : "INFO",
    "message" : "GET Request: config/juegos - Params: {fechaCierre: 2026-03-16T14:00:00.000}",
    "time" : "2026-03-16T11:50:50.168200",
    "module" : "dioAdapter"
  }, {
    "level" : "INFO",
    "message" : "GET Request: cierres - Params: null",
    "time" : "2026-03-16T11:51:03.162571",
    "module" : "dioAdapter"
  }, {
    "level" : "INFO",
    "message" : "POST Request: cierres/cambio",
    "time" : "2026-03-16T11:51:04.094272",
    "module" : "dioAdapter"
  }, {
    "level" : "INFO",
    "message" : "Cierre actualizado: 2026-03-16 14:00:00.000",
    "time" : "2026-03-16T11:51:04.314186",
    "module" : "cierres"
  }, {
    "level" : "INFO",
    "message" : "GET Request: config/juegos - Params: {fechaCierre: 2026-03-16T14:00:00.000}",
    "time" : "2026-03-16T11:51:04.333501",
    "module" : "dioAdapter"
  }, {
    "level" : "INFO",
    "message" : "GET Request: cierres - Params: null",
    "time" : "2026-03-16T11:51:17.327144",
    "module" : "dioAdapter"
  }, {
    "level" : "INFO",
    "message" : "POST Request: cierres/cambio",
    "time" : "2026-03-16T11:51:17.611562",
    "module" : "dioAdapter"
  }, {
    "level" : "INFO",
    "message" : "Cierre actualizado: 2026-03-16 14:00:00.000",
    "time" : "2026-03-16T11:51:17.775106",
    "module" : "cierres"
  }, {
    "level" : "INFO",
    "message" : "GET Request: config/juegos - Params: {fechaCierre: 2026-03-16T14:00:00.000}",
    "time" : "2026-03-16T11:51:17.880996",
    "module" : "dioAdapter"
  }, {
    "level" : "INFO",
    "message" : "GET Request: cierres - Params: null",
    "time" : "2026-03-16T11:51:30.792114",
    "module" : "dioAdapter"
  }, {
    "level" : "INFO",
    "message" : "POST Request: cierres/cambio",
    "time" : "2026-03-16T11:51:31.054616",
    "module" : "dioAdapter"
  }, {
    "level" : "INFO",
    "message" : "Cierre actualizado: 2026-03-16 14:00:00.000",
    "time" : "2026-03-16T11:51:31.216386",
    "module" : "cierres"
  }, {
    "level" : "INFO",
    "message" : "GET Request: config/juegos - Params: {fechaCierre: 2026-03-16T14:00:00.000}",
    "time" : "2026-03-16T11:51:31.245731",
    "module" : "dioAdapter"
  }, {
    "level" : "INFO",
    "message" : "GET Request: cierres - Params: null",
    "time" : "2026-03-16T11:51:44.232870",
    "module" : "dioAdapter"
  }, {
    "level" : "INFO",
    "message" : "POST Request: cierres/cambio",
    "time" : "2026-03-16T11:51:44.911877",
    "module" : "dioAdapter"
  }, {
    "level" : "INFO",
    "message" : "Cierre actualizado: 2026-03-16 14:00:00.000",
    "time" : "2026-03-16T11:51:45.041688",
    "module" : "cierres"
  }, {
    "level" : "INFO",
    "message" : "GET Request: config/juegos - Params: {fechaCierre: 2026-03-16T14:00:00.000}",
    "time" : "2026-03-16T11:51:45.061484",
    "module" : "dioAdapter"
  }, {
    "level" : "INFO",
    "message" : "GET Request: cierres - Params: null",
    "time" : "2026-03-16T11:51:58.060471",
    "module" : "dioAdapter"
  }, {
    "level" : "INFO",
    "message" : "POST Request: cierres/cambio",
    "time" : "2026-03-16T11:51:58.322872",
    "module" : "dioAdapter"
  }, {
    "level" : "INFO",
    "message" : "Cierre actualizado: 2026-03-16 14:00:00.000",
    "time" : "2026-03-16T11:51:58.481162",
    "module" : "cierres"
  }, {
    "level" : "INFO",
    "message" : "GET Request: config/juegos - Params: {fechaCierre: 2026-03-16T14:00:00.000}",
    "time" : "2026-03-16T11:51:58.502030",
    "module" : "dioAdapter"
  }, {
    "level" : "INFO",
    "message" : "GET Request: cierres - Params: null",
    "time" : "2026-03-16T11:52:11.494164",
    "module" : "dioAdapter"
  }, {
    "level" : "INFO",
    "message" : "POST Request: cierres/cambio",
    "time" : "2026-03-16T11:52:11.845458",
    "module" : "dioAdapter"
  }, {
    "level" : "INFO",
    "message" : "Cierre actualizado: 2026-03-16 14:00:00.000",
    "time" : "2026-03-16T11:52:11.981050",
    "module" : "cierres"
  }, {
    "level" : "INFO",
    "message" : "GET Request: config/juegos - Params: {fechaCierre: 2026-03-16T14:00:00.000}",
    "time" : "2026-03-16T11:52:12.004794",
    "module" : "dioAdapter"
  }, {
    "level" : "INFO",
    "message" : "GET Request: cierres - Params: null",
    "time" : "2026-03-16T11:52:24.996750",
    "module" : "dioAdapter"
  }, {
    "level" : "INFO",
    "message" : "POST Request: cierres/cambio",
    "time" : "2026-03-16T11:52:25.447985",
    "module" : "dioAdapter"
  }, {
    "level" : "INFO",
    "message" : "Cierre actualizado: 2026-03-16 14:00:00.000",
    "time" : "2026-03-16T11:52:25.596359",
    "module" : "cierres"
  }, {
    "level" : "INFO",
    "message" : "GET Request: config/juegos - Params: {fechaCierre: 2026-03-16T14:00:00.000}",
    "time" : "2026-03-16T11:52:25.618296",
    "module" : "dioAdapter"
  }, {
    "level" : "INFO",
    "message" : "GET Request: cierres - Params: null",
    "time" : "2026-03-16T11:52:38.609762",
    "module" : "dioAdapter"
  }, {
    "level" : "INFO",
    "message" : "POST Request: cierres/cambio",
    "time" : "2026-03-16T11:52:38.939307",
    "module" : "dioAdapter"
  }, {
    "level" : "INFO",
    "message" : "Cierre actualizado: 2026-03-16 14:00:00.000",
    "time" : "2026-03-16T11:52:39.098828",
    "module" : "cierres"
  }, {
    "level" : "INFO",
    "message" : "GET Request: config/juegos - Params: {fechaCierre: 2026-03-16T14:00:00.000}",
    "time" : "2026-03-16T11:52:39.120122",
    "module" : "dioAdapter"
  }, {
    "level" : "INFO",
    "message" : "GET Request: cierres - Params: null",
    "time" : "2026-03-16T11:52:52.113698",
    "module" : "dioAdapter"
  }, {
    "level" : "INFO",
    "message" : "POST Request: cierres/cambio",
    "time" : "2026-03-16T11:52:52.447527",
    "module" : "dioAdapter"
  }, {
    "level" : "INFO",
    "message" : "Cierre actualizado: 2026-03-16 14:00:00.000",
    "time" : "2026-03-16T11:52:52.626232",
    "module" : "cierres"
  }, {
    "level" : "INFO",
    "message" : "GET Request: config/juegos - Params: {fechaCierre: 2026-03-16T14:00:00.000}",
    "time" : "2026-03-16T11:52:52.647538",
    "module" : "dioAdapter"
  }, {
    "level" : "INFO",
    "message" : "GET Request: cierres - Params: null",
    "time" : "2026-03-16T11:53:05.649077",
    "module" : "dioAdapter"
  }, {
    "level" : "INFO",
    "message" : "POST Request: cierres/cambio",
    "time" : "2026-03-16T11:53:05.827564",
    "module" : "dioAdapter"
  }, {
    "level" : "INFO",
    "message" : "Cierre actualizado: 2026-03-16 14:00:00.000",
    "time" : "2026-03-16T11:53:05.971024",
    "module" : "cierres"
  }, {
    "level" : "INFO",
    "message" : "GET Request: config/juegos - Params: {fechaCierre: 2026-03-16T14:00:00.000}",
    "time" : "2026-03-16T11:53:05.998464",
    "module" : "dioAdapter"
  }, {
    "level" : "INFO",
    "message" : "GET Request: cierres - Params: null",
    "time" : "2026-03-16T11:53:18.998763",
    "module" : "dioAdapter"
  }, {
    "level" : "INFO",
    "message" : "POST Request: cierres/cambio",
    "time" : "2026-03-16T11:53:19.370508",
    "module" : "dioAdapter"
  }, {
    "level" : "INFO",
    "message" : "Cierre actualizado: 2026-03-16 14:00:00.000",
    "time" : "2026-03-16T11:53:19.515826",
    "module" : "cierres"
  }, {
    "level" : "INFO",
    "message" : "GET Request: config/juegos - Params: {fechaCierre: 2026-03-16T14:00:00.000}",
    "time" : "2026-03-16T11:53:19.541865",
    "module" : "dioAdapter"
  }, {
    "level" : "INFO",
    "message" : "GET Request: cierres - Params: null",
    "time" : "2026-03-16T11:53:32.539586",
    "module" : "dioAdapter"
  }, {
    "level" : "INFO",
    "message" : "POST Request: cierres/cambio",
    "time" : "2026-03-16T11:53:32.852070",
    "module" : "dioAdapter"
  }, {
    "level" : "INFO",
    "message" : "Cierre actualizado: 2026-03-16 14:00:00.000",
    "time" : "2026-03-16T11:53:32.978769",
    "module" : "cierres"
  }, {
    "level" : "INFO",
    "message" : "GET Request: config/juegos - Params: {fechaCierre: 2026-03-16T14:00:00.000}",
    "time" : "2026-03-16T11:53:33.002574",
    "module" : "dioAdapter"
  }, {
    "level" : "INFO",
    "message" : "GET Request: cierres - Params: null",
    "time" : "2026-03-16T11:53:46.982529",
    "module" : "dioAdapter"
  }, {
    "level" : "INFO",
    "message" : "POST Request: cierres/cambio",
    "time" : "2026-03-16T11:53:48.392005",
    "module" : "dioAdapter"
  }, {
    "level" : "INFO",
    "message" : "Cierre actualizado: 2026-03-16 14:00:00.000",
    "time" : "2026-03-16T11:53:48.602767",
    "module" : "cierres"
  }, {
    "level" : "INFO",
    "message" : "GET Request: config/juegos - Params: {fechaCierre: 2026-03-16T14:00:00.000}",
    "time" : "2026-03-16T11:53:48.656445",
    "module" : "dioAdapter"
  }, {
    "level" : "INFO",
    "message" : "No migration needed for DatosTallerDB Current version: 1, Target version: 1",
    "time" : "2026-03-16T11:55:07.590943",
    "module" : "db"
  }, {
    "level" : "INFO",
    "message" : "No migration needed for DatosVendedorDB Current version: 1, Target version: 1",
    "time" : "2026-03-16T11:55:07.679061",
    "module" : "db"
  }, {
    "level" : "INFO",
    "message" : "No migration needed for ProductosConfigDB Current version: 1, Target version: 1",
    "time" : "2026-03-16T11:55:07.693993",
    "module" : "db"
  }, {
    "level" : "INFO",
    "message" : "No migration needed for CierreDB Current version: 1, Target version: 1",
    "time" : "2026-03-16T11:55:07.706306",
    "module" : "db"
  }, {
    "level" : "WARNING",
    "message" : "No schema found for TransactionDB Skipping migration.",
    "time" : "2026-03-16T11:55:07.756455",
    "module" : "db"
  }, {
    "level" : "INFO",
    "message" : "No migration needed for PreferencesDB Current version: 4, Target version: 4",
    "time" : "2026-03-16T11:55:07.789546",
    "module" : "db"
  }, {
    "level" : "INFO",
    "message" : "Preferences updated: Preferences(isSoundEnabled: true, businessPin: **** protectionAmounts: Instance of 'CheckProtectionAmounts')",
    "time" : "2026-03-16T11:55:08.434325",
    "module" : "preferences"
  }, {
    "level" : "INFO",
    "message" : "GET Request: cierres - Params: null",
    "time" : "2026-03-16T11:55:47.843464",
    "module" : "dioAdapter"
  }, {
    "level" : "INFO",
    "message" : "POST Request: cierres/cambio",
    "time" : "2026-03-16T11:55:49.369317",
    "module" : "dioAdapter"
  }, {
    "level" : "INFO",
    "message" : "Cierre actualizado: 2026-03-16 14:00:00.000",
    "time" : "2026-03-16T11:55:49.556230",
    "module" : "cierres"
  }, {
    "level" : "INFO",
    "message" : "GET Request: config/juegos - Params: {fechaCierre: 2026-03-16T14:00:00.000}",
    "time" : "2026-03-16T11:55:49.611953",
    "module" : "dioAdapter"
  }, {
    "level" : "INFO",
    "message" : "No migration needed for DatosTallerDB Current version: 1, Target version: 1",
    "time" : "2026-03-17T11:09:03.610994",
    "module" : "db"
  }, {
    "level" : "INFO",
    "message" : "No migration needed for DatosVendedorDB Current version: 1, Target version: 1",
    "time" : "2026-03-17T11:09:03.690769",
    "module" : "db"
  }, {
    "level" : "INFO",
    "message" : "No migration needed for ProductosConfigDB Current version: 1, Target version: 1",
    "time" : "2026-03-17T11:09:03.701639",
    "module" : "db"
  }, {
    "level" : "INFO",
    "message" : "No migration needed for CierreDB Current version: 1, Target version: 1",
    "time" : "2026-03-17T11:09:03.710947",
    "module" : "db"
  }, {
    "level" : "WARNING",
    "message" : "No schema found for TransactionDB Skipping migration.",
    "time" : "2026-03-17T11:09:03.759246",
    "module" : "db"
  }, {
    "level" : "INFO",
    "message" : "No migration needed for PreferencesDB Current version: 4, Target version: 4",
    "time" : "2026-03-17T11:09:03.790107",
    "module" : "db"
  }, {
    "level" : "INFO",
    "message" : "Preferences updated: Preferences(isSoundEnabled: true, businessPin: **** protectionAmounts: Instance of 'CheckProtectionAmounts')",
    "time" : "2026-03-17T11:09:04.866078",
    "module" : "preferences"
  }, {
    "level" : "INFO",
    "message" : "POST Request: sesiones/refresh",
    "time" : "2026-03-17T11:09:11.469706",
    "module" : "dioAdapter"
  }, {
    "level" : "WARNING",
    "message" : "DioAdapter exception: POST https://api.testing.banquinet.org/bsecurity/sesiones/refresh - 403 - The supplied authentication is not authorized to access this resource - This exception was thrown because the response has a status code of 403 and RequestOptions.validateStatus was configured to throw for this status code.\nThe status code of 403 has the following meaning: \"Client error - the request contains bad syntax or cannot be fulfilled\"\nRead more about status codes at https://developer.mozilla.org/en-US/docs/Web/HTTP/Status\nIn order to resolve this exception you typically have either to verify and fix your request code or you have to fix the server code.\n",
    "time" : "2026-03-17T11:09:12.695356",
    "module" : "dioAdapter"
  }, {
    "level" : "INFO",
    "message" : "No migration needed for DatosTallerDB Current version: 1, Target version: 1",
    "time" : "2026-03-17T11:10:10.928415",
    "module" : "db"
  }, {
    "level" : "INFO",
    "message" : "No migration needed for DatosVendedorDB Current version: 1, Target version: 1",
    "time" : "2026-03-17T11:10:11.007685",
    "module" : "db"
  }, {
    "level" : "INFO",
    "message" : "No migration needed for ProductosConfigDB Current version: 1, Target version: 1",
    "time" : "2026-03-17T11:10:11.019330",
    "module" : "db"
  }, {
    "level" : "INFO",
    "message" : "No migration needed for CierreDB Current version: 1, Target version: 1",
    "time" : "2026-03-17T11:10:11.031516",
    "module" : "db"
  }, {
    "level" : "WARNING",
    "message" : "No schema found for TransactionDB Skipping migration.",
    "time" : "2026-03-17T11:10:11.078728",
    "module" : "db"
  }, {
    "level" : "INFO",
    "message" : "No migration needed for PreferencesDB Current version: 4, Target version: 4",
    "time" : "2026-03-17T11:10:11.105179",
    "module" : "db"
  }, {
    "level" : "INFO",
    "message" : "Preferences updated: Preferences(isSoundEnabled: true, businessPin: **** protectionAmounts: Instance of 'CheckProtectionAmounts')",
    "time" : "2026-03-17T11:10:11.721212",
    "module" : "preferences"
  }, {
    "level" : "INFO",
    "message" : "POST Request: login",
    "time" : "2026-03-17T11:10:16.951208",
    "module" : "dioAdapter"
  }, {
    "level" : "INFO",
    "message" : "GET Request: cierres - Params: null",
    "time" : "2026-03-17T11:10:18.349919",
    "module" : "dioAdapter"
  }, {
    "level" : "INFO",
    "message" : "POST Request: cierres/cambio",
    "time" : "2026-03-17T11:10:18.726390",
    "module" : "dioAdapter"
  }, {
    "level" : "INFO",
    "message" : "Cierre actualizado: 2026-03-17 14:00:00.000",
    "time" : "2026-03-17T11:10:19.267183",
    "module" : "cierres"
  }, {
    "level" : "INFO",
    "message" : "GET Request: config/juegos - Params: {fechaCierre: 2026-03-17T14:00:00.000}",
    "time" : "2026-03-17T11:10:19.334519",
    "module" : "dioAdapter"
  } ]
}
2026-03-17 11:20:12.026 [bol-api-pekko.actor.default-dispatcher-12135] DEBUG c.b.b.s.pos.logs.PosLogsHandler - Dialog: 428dd210-528a-494a-b2d6-f017d93ab7e9
Start: 2026-03-17T11:20:12.004014965
Request:{
  "logs" : [ {
    "level" : "INFO",
    "message" : "No migration needed for DatosTallerDB Current version: 1, Target version: 1",
    "time" : "2026-03-16T11:44:19.316674",
    "module" : "db"
  }, {
    "level" : "INFO",
    "message" : "No migration needed for DatosVendedorDB Current version: 1, Target version: 1",
    "time" : "2026-03-16T11:44:19.396896",
    "module" : "db"
  }, {
    "level" : "INFO",
    "message" : "No migration needed for ProductosConfigDB Current version: 1, Target version: 1",
    "time" : "2026-03-16T11:44:19.411413",
    "module" : "db"
  }, {
    "level" : "INFO",
    "message" : "No migration needed for CierreDB Current version: 1, Target version: 1",
    "time" : "2026-03-16T11:44:19.423081",
    "module" : "db"
  }, {
    "level" : "WARNING",
    "message" : "No schema found for TransactionDB Skipping migration.",
    "time" : "2026-03-16T11:44:19.464353",
    "module" : "db"
  }, {
    "level" : "INFO",
    "message" : "No migration needed for PreferencesDB Current version: 4, Target version: 4",
    "time" : "2026-03-16T11:44:19.488219",
    "module" : "db"
  }, {
    "level" : "INFO",
    "message" : "Preferences updated: Preferences(isSoundEnabled: true, businessPin: **** protectionAmounts: Instance of 'CheckProtectionAmounts')",
    "time" : "2026-03-16T11:44:20.408090",
    "module" : "preferences"
  }, {
    "level" : "INFO",
    "message" : "POST Request: login",
    "time" : "2026-03-16T11:44:26.151014",
    "module" : "dioAdapter"
  }, {
    "level" : "INFO",
    "message" : "GET Request: cierres - Params: null",
    "time" : "2026-03-16T11:44:27.736325",
    "module" : "dioAdapter"
  }, {
    "level" : "INFO",
    "message" : "POST Request: cierres/cambio",
    "time" : "2026-03-16T11:44:28.169334",
    "module" : "dioAdapter"
  }, {
    "level" : "INFO",
    "message" : "Cierre actualizado: 2026-03-16 14:00:00.000",
    "time" : "2026-03-16T11:44:28.367913",
    "module" : "cierres"
  }, {
    "level" : "INFO",
    "message" : "GET Request: config/juegos - Params: {fechaCierre: 2026-03-16T14:00:00.000}",
    "time" : "2026-03-16T11:44:28.419009",
    "module" : "dioAdapter"
  }, {
    "level" : "INFO",
    "message" : "GET Request: cierres - Params: null",
    "time" : "2026-03-16T11:44:41.406266",
    "module" : "dioAdapter"
  }, {
    "level" : "INFO",
    "message" : "POST Request: cierres/cambio",
    "time" : "2026-03-16T11:44:41.766780",
    "module" : "dioAdapter"
  }, {
    "level" : "INFO",
    "message" : "Cierre actualizado: 2026-03-16 14:00:00.000",
    "time" : "2026-03-16T11:44:41.938973",
    "module" : "cierres"
  }, {
    "level" : "INFO",
    "message" : "GET Request: config/juegos - Params: {fechaCierre: 2026-03-16T14:00:00.000}",
    "time" : "2026-03-16T11:44:41.954109",
    "module" : "dioAdapter"
  }, {
    "level" : "INFO",
    "message" : "GET Request: cierres - Params: null",
    "time" : "2026-03-16T11:44:54.949019",
    "module" : "dioAdapter"
  }, {
    "level" : "INFO",
    "message" : "POST Request: cierres/cambio",
    "time" : "2026-03-16T11:44:55.251432",
    "module" : "dioAdapter"
  }, {
    "level" : "INFO",
    "message" : "Cierre actualizado: 2026-03-16 14:00:00.000",
    "time" : "2026-03-16T11:44:55.430480",
    "module" : "cierres"
  }, {
    "level" : "INFO",
    "message" : "GET Request: config/juegos - Params: {fechaCierre: 2026-03-16T14:00:00.000}",
    "time" : "2026-03-16T11:44:55.454293",
    "module" : "dioAdapter"
  }, {
    "level" : "INFO",
    "message" : "GET Request: cierres - Params: null",
    "time" : "2026-03-16T11:45:08.450497",
    "module" : "dioAdapter"
  }, {
    "level" : "INFO",
    "message" : "POST Request: cierres/cambio",
    "time" : "2026-03-16T11:45:08.740566",
    "module" : "dioAdapter"
  }, {
    "level" : "INFO",
    "message" : "Cierre actualizado: 2026-03-16 14:00:00.000",
    "time" : "2026-03-16T11:45:08.897303",
    "module" : "cierres"
  }, {
    "level" : "INFO",
    "message" : "GET Request: config/juegos - Params: {fechaCierre: 2026-03-16T14:00:00.000}",
    "time" : "2026-03-16T11:45:08.919898",
    "module" : "dioAdapter"
  }, {
    "level" : "INFO",
    "message" : "GET Request: cierres - Params: null",
    "time" : "2026-03-16T11:45:21.919222",
    "module" : "dioAdapter"
  }, {
    "level" : "INFO",
    "message" : "POST Request: cierres/cambio",
    "time" : "2026-03-16T11:45:22.300387",
    "module" : "dioAdapter"
  }, {
    "level" : "INFO",
    "message" : "Cierre actualizado: 2026-03-16 14:00:00.000",
    "time" : "2026-03-16T11:45:22.436844",
    "module" : "cierres"
  }, {
    "level" : "INFO",
    "message" : "GET Request: config/juegos - Params: {fechaCierre: 2026-03-16T14:00:00.000}",
    "time" : "2026-03-16T11:45:22.461960",
    "module" : "dioAdapter"
  }, {
    "level" : "INFO",
    "message" : "GET Request: cierres - Params: null",
    "time" : "2026-03-16T11:45:35.462135",
    "module" : "dioAdapter"
  }, {
    "level" : "INFO",
    "message" : "POST Request: cierres/cambio",
    "time" : "2026-03-16T11:45:35.843804",
    "module" : "dioAdapter"
  }, {
    "level" : "INFO",
    "message" : "Cierre actualizado: 2026-03-16 14:00:00.000",
    "time" : "2026-03-16T11:45:35.965883",
    "module" : "cierres"
  }, {
    "level" : "INFO",
    "message" : "GET Request: config/juegos - Params: {fechaCierre: 2026-03-16T14:00:00.000}",
    "time" : "2026-03-16T11:45:35.976743",
    "module" : "dioAdapter"
  }, {
    "level" : "INFO",
    "message" : "GET Request: cierres - Params: null",
    "time" : "2026-03-16T11:45:48.977188",
    "module" : "dioAdapter"
  }, {
    "level" : "INFO",
    "message" : "POST Request: cierres/cambio",
    "time" : "2026-03-16T11:45:49.266622",
    "module" : "dioAdapter"
  }, {
    "level" : "INFO",
    "message" : "Cierre actualizado: 2026-03-16 14:00:00.000",
    "time" : "2026-03-16T11:45:49.393442",
    "module" : "cierres"
  }, {
    "level" : "INFO",
    "message" : "GET Request: config/juegos - Params: {fechaCierre: 2026-03-16T14:00:00.000}",
    "time" : "2026-03-16T11:45:49.417433",
    "module" : "dioAdapter"
  }, {
    "level" : "INFO",
    "message" : "GET Request: cierres - Params: null",
    "time" : "2026-03-16T11:46:02.408716",
    "module" : "dioAdapter"
  }, {
    "level" : "INFO",
    "message" : "POST Request: cierres/cambio",
    "time" : "2026-03-16T11:46:02.672996",
    "module" : "dioAdapter"
  }, {
    "level" : "INFO",
    "message" : "Cierre actualizado: 2026-03-16 14:00:00.000",
    "time" : "2026-03-16T11:46:02.807489",
    "module" : "cierres"
  }, {
    "level" : "INFO",
    "message" : "GET Request: config/juegos - Params: {fechaCierre: 2026-03-16T14:00:00.000}",
    "time" : "2026-03-16T11:46:02.831937",
    "module" : "dioAdapter"
  }, {
    "level" : "INFO",
    "message" : "GET Request: cierres - Params: null",
    "time" : "2026-03-16T11:46:17.684841",
    "module" : "dioAdapter"
  }, {
    "level" : "INFO",
    "message" : "POST Request: cierres/cambio",
    "time" : "2026-03-16T11:46:18.806343",
    "module" : "dioAdapter"
  }, {
    "level" : "INFO",
    "message" : "Cierre actualizado: 2026-03-16 14:00:00.000",
    "time" : "2026-03-16T11:46:19.446590",
    "module" : "cierres"
  }, {
    "level" : "INFO",
    "message" : "GET Request: config/juegos - Params: {fechaCierre: 2026-03-16T14:00:00.000}",
    "time" : "2026-03-16T11:46:19.457976",
    "module" : "dioAdapter"
  }, {
    "level" : "INFO",
    "message" : "GET Request: cierres - Params: null",
    "time" : "2026-03-16T11:46:32.459371",
    "module" : "dioAdapter"
  }, {
    "level" : "INFO",
    "message" : "POST Request: cierres/cambio",
    "time" : "2026-03-16T11:46:32.803845",
    "module" : "dioAdapter"
  }, {
    "level" : "INFO",
    "message" : "Cierre actualizado: 2026-03-16 14:00:00.000",
    "time" : "2026-03-16T11:46:32.910846",
    "module" : "cierres"
  }, {
    "level" : "INFO",
    "message" : "GET Request: config/juegos - Params: {fechaCierre: 2026-03-16T14:00:00.000}",
    "time" : "2026-03-16T11:46:32.923771",
    "module" : "dioAdapter"
  }, {
    "level" : "INFO",
    "message" : "GET Request: cierres - Params: null",
    "time" : "2026-03-16T11:46:46.146200",
    "module" : "dioAdapter"
  }, {
    "level" : "INFO",
    "message" : "POST Request: cierres/cambio",
    "time" : "2026-03-16T11:46:46.555129",
    "module" : "dioAdapter"
  }, {
    "level" : "INFO",
    "message" : "Cierre actualizado: 2026-03-16 14:00:00.000",
    "time" : "2026-03-16T11:46:47.199553",
    "module" : "cierres"
  }, {
    "level" : "INFO",
    "message" : "GET Request: config/juegos - Params: {fechaCierre: 2026-03-16T14:00:00.000}",
    "time" : "2026-03-16T11:46:47.222887",
    "module" : "dioAdapter"
  }, {
    "level" : "INFO",
    "message" : "GET Request: cierres - Params: null",
    "time" : "2026-03-16T11:47:00.222817",
    "module" : "dioAdapter"
  }, {
    "level" : "INFO",
    "message" : "POST Request: cierres/cambio",
    "time" : "2026-03-16T11:47:00.356375",
    "module" : "dioAdapter"
  }, {
    "level" : "INFO",
    "message" : "Cierre actualizado: 2026-03-16 14:00:00.000",
    "time" : "2026-03-16T11:47:00.460735",
    "module" : "cierres"
  }, {
    "level" : "INFO",
    "message" : "GET Request: config/juegos - Params: {fechaCierre: 2026-03-16T14:00:00.000}",
    "time" : "2026-03-16T11:47:00.468558",
    "module" : "dioAdapter"
  }, {
    "level" : "INFO",
    "message" : "GET Request: cierres - Params: null",
    "time" : "2026-03-16T11:47:13.470423",
    "module" : "dioAdapter"
  }, {
    "level" : "INFO",
    "message" : "POST Request: cierres/cambio",
    "time" : "2026-03-16T11:47:13.793604",
    "module" : "dioAdapter"
  }, {
    "level" : "INFO",
    "message" : "Cierre actualizado: 2026-03-16 14:00:00.000",
    "time" : "2026-03-16T11:47:13.945120",
    "module" : "cierres"
  }, {
    "level" : "INFO",
    "message" : "GET Request: config/juegos - Params: {fechaCierre: 2026-03-16T14:00:00.000}",
    "time" : "2026-03-16T11:47:13.961451",
    "module" : "dioAdapter"
  }, {
    "level" : "INFO",
    "message" : "GET Request: cierres - Params: null",
    "time" : "2026-03-16T11:47:26.990456",
    "module" : "dioAdapter"
  }, {
    "level" : "INFO",
    "message" : "POST Request: cierres/cambio",
    "time" : "2026-03-16T11:47:27.546315",
    "module" : "dioAdapter"
  }, {
    "level" : "INFO",
    "message" : "Cierre actualizado: 2026-03-16 14:00:00.000",
    "time" : "2026-03-16T11:47:27.704965",
    "module" : "cierres"
  }, {
    "level" : "INFO",
    "message" : "GET Request: config/juegos - Params: {fechaCierre: 2026-03-16T14:00:00.000}",
    "time" : "2026-03-16T11:47:27.742170",
    "module" : "dioAdapter"
  }, {
    "level" : "INFO",
    "message" : "No migration needed for DatosTallerDB Current version: 1, Target version: 1",
    "time" : "2026-03-16T11:49:21.265633",
    "module" : "db"
  }, {
    "level" : "INFO",
    "message" : "No migration needed for DatosVendedorDB Current version: 1, Target version: 1",
    "time" : "2026-03-16T11:49:21.344335",
    "module" : "db"
  }, {
    "level" : "INFO",
    "message" : "No migration needed for ProductosConfigDB Current version: 1, Target version: 1",
    "time" : "2026-03-16T11:49:21.354773",
    "module" : "db"
  }, {
    "level" : "INFO",
    "message" : "No migration needed for CierreDB Current version: 1, Target version: 1",
    "time" : "2026-03-16T11:49:21.363331",
    "module" : "db"
  }, {
    "level" : "WARNING",
    "message" : "No schema found for TransactionDB Skipping migration.",
    "time" : "2026-03-16T11:49:21.405568",
    "module" : "db"
  }, {
    "level" : "INFO",
    "message" : "No migration needed for PreferencesDB Current version: 4, Target version: 4",
    "time" : "2026-03-16T11:49:21.430608",
    "module" : "db"
  }, {
    "level" : "INFO",
    "message" : "Preferences updated: Preferences(isSoundEnabled: true, businessPin: **** protectionAmounts: Instance of 'CheckProtectionAmounts')",
    "time" : "2026-03-16T11:49:21.902542",
    "module" : "preferences"
  }, {
    "level" : "INFO",
    "message" : "GET Request: cierres - Params: null",
    "time" : "2026-03-16T11:49:40.166118",
    "module" : "dioAdapter"
  }, {
    "level" : "INFO",
    "message" : "POST Request: cierres/cambio",
    "time" : "2026-03-16T11:49:41.972490",
    "module" : "dioAdapter"
  }, {
    "level" : "INFO",
    "message" : "Cierre actualizado: 2026-03-16 14:00:00.000",
    "time" : "2026-03-16T11:49:42.270512",
    "module" : "cierres"
  }, {
    "level" : "INFO",
    "message" : "GET Request: config/juegos - Params: {fechaCierre: 2026-03-16T14:00:00.000}",
    "time" : "2026-03-16T11:49:42.330871",
    "module" : "dioAdapter"
  }, {
    "level" : "INFO",
    "message" : "GET Request: cierres - Params: null",
    "time" : "2026-03-16T11:49:55.312189",
    "module" : "dioAdapter"
  }, {
    "level" : "INFO",
    "message" : "POST Request: cierres/cambio",
    "time" : "2026-03-16T11:49:55.783505",
    "module" : "dioAdapter"
  }, {
    "level" : "INFO",
    "message" : "Cierre actualizado: 2026-03-16 14:00:00.000",
    "time" : "2026-03-16T11:49:55.939105",
    "module" : "cierres"
  }, {
    "level" : "INFO",
    "message" : "GET Request: config/juegos - Params: {fechaCierre: 2026-03-16T14:00:00.000}",
    "time" : "2026-03-16T11:49:55.963552",
    "module" : "dioAdapter"
  }, {
    "level" : "INFO",
    "message" : "GET Request: cierres - Params: null",
    "time" : "2026-03-16T11:50:08.959538",
    "module" : "dioAdapter"
  }, {
    "level" : "INFO",
    "message" : "POST Request: cierres/cambio",
    "time" : "2026-03-16T11:50:09.247877",
    "module" : "dioAdapter"
  }, {
    "level" : "INFO",
    "message" : "Cierre actualizado: 2026-03-16 14:00:00.000",
    "time" : "2026-03-16T11:50:09.409267",
    "module" : "cierres"
  }, {
    "level" : "INFO",
    "message" : "GET Request: config/juegos - Params: {fechaCierre: 2026-03-16T14:00:00.000}",
    "time" : "2026-03-16T11:50:09.438961",
    "module" : "dioAdapter"
  }, {
    "level" : "INFO",
    "message" : "GET Request: cierres - Params: null",
    "time" : "2026-03-16T11:50:22.428662",
    "module" : "dioAdapter"
  }, {
    "level" : "INFO",
    "message" : "POST Request: cierres/cambio",
    "time" : "2026-03-16T11:50:22.835073",
    "module" : "dioAdapter"
  }, {
    "level" : "INFO",
    "message" : "Cierre actualizado: 2026-03-16 14:00:00.000",
    "time" : "2026-03-16T11:50:23.062823",
    "module" : "cierres"
  }, {
    "level" : "INFO",
    "message" : "GET Request: config/juegos - Params: {fechaCierre: 2026-03-16T14:00:00.000}",
    "time" : "2026-03-16T11:50:23.088594",
    "module" : "dioAdapter"
  }, {
    "level" : "INFO",
    "message" : "GET Request: cierres - Params: null",
    "time" : "2026-03-16T11:50:36.079911",
    "module" : "dioAdapter"
  }, {
    "level" : "INFO",
    "message" : "POST Request: cierres/cambio",
    "time" : "2026-03-16T11:50:36.476836",
    "module" : "dioAdapter"
  }, {
    "level" : "INFO",
    "message" : "Cierre actualizado: 2026-03-16 14:00:00.000",
    "time" : "2026-03-16T11:50:36.604222",
    "module" : "cierres"
  }, {
    "level" : "INFO",
    "message" : "GET Request: config/juegos - Params: {fechaCierre: 2026-03-16T14:00:00.000}",
    "time" : "2026-03-16T11:50:36.632541",
    "module" : "dioAdapter"
  }, {
    "level" : "INFO",
    "message" : "GET Request: cierres - Params: null",
    "time" : "2026-03-16T11:50:49.620706",
    "module" : "dioAdapter"
  }, {
    "level" : "INFO",
    "message" : "POST Request: cierres/cambio",
    "time" : "2026-03-16T11:50:50.022990",
    "module" : "dioAdapter"
  }, {
    "level" : "INFO",
    "message" : "Cierre actualizado: 2026-03-16 14:00:00.000",
    "time" : "2026-03-16T11:50:50.152607",
    "module" : "cierres"
  }, {
    "level" : "INFO",
    "message" : "GET Request: config/juegos - Params: {fechaCierre: 2026-03-16T14:00:00.000}",
    "time" : "2026-03-16T11:50:50.168200",
    "module" : "dioAdapter"
  }, {
    "level" : "INFO",
    "message" : "GET Request: cierres - Params: null",
    "time" : "2026-03-16T11:51:03.162571",
    "module" : "dioAdapter"
  }, {
    "level" : "INFO",
    "message" : "POST Request: cierres/cambio",
    "time" : "2026-03-16T11:51:04.094272",
    "module" : "dioAdapter"
  }, {
    "level" : "INFO",
    "message" : "Cierre actualizado: 2026-03-16 14:00:00.000",
    "time" : "2026-03-16T11:51:04.314186",
    "module" : "cierres"
  }, {
    "level" : "INFO",
    "message" : "GET Request: config/juegos - Params: {fechaCierre: 2026-03-16T14:00:00.000}",
    "time" : "2026-03-16T11:51:04.333501",
    "module" : "dioAdapter"
  }, {
    "level" : "INFO",
    "message" : "GET Request: cierres - Params: null",
    "time" : "2026-03-16T11:51:17.327144",
    "module" : "dioAdapter"
  }, {
    "level" : "INFO",
    "message" : "POST Request: cierres/cambio",
    "time" : "2026-03-16T11:51:17.611562",
    "module" : "dioAdapter"
  }, {
    "level" : "INFO",
    "message" : "Cierre actualizado: 2026-03-16 14:00:00.000",
    "time" : "2026-03-16T11:51:17.775106",
    "module" : "cierres"
  }, {
    "level" : "INFO",
    "message" : "GET Request: config/juegos - Params: {fechaCierre: 2026-03-16T14:00:00.000}",
    "time" : "2026-03-16T11:51:17.880996",
    "module" : "dioAdapter"
  }, {
    "level" : "INFO",
    "message" : "GET Request: cierres - Params: null",
    "time" : "2026-03-16T11:51:30.792114",
    "module" : "dioAdapter"
  }, {
    "level" : "INFO",
    "message" : "POST Request: cierres/cambio",
    "time" : "2026-03-16T11:51:31.054616",
    "module" : "dioAdapter"
  }, {
    "level" : "INFO",
    "message" : "Cierre actualizado: 2026-03-16 14:00:00.000",
    "time" : "2026-03-16T11:51:31.216386",
    "module" : "cierres"
  }, {
    "level" : "INFO",
    "message" : "GET Request: config/juegos - Params: {fechaCierre: 2026-03-16T14:00:00.000}",
    "time" : "2026-03-16T11:51:31.245731",
    "module" : "dioAdapter"
  }, {
    "level" : "INFO",
    "message" : "GET Request: cierres - Params: null",
    "time" : "2026-03-16T11:51:44.232870",
    "module" : "dioAdapter"
  }, {
    "level" : "INFO",
    "message" : "POST Request: cierres/cambio",
    "time" : "2026-03-16T11:51:44.911877",
    "module" : "dioAdapter"
  }, {
    "level" : "INFO",
    "message" : "Cierre actualizado: 2026-03-16 14:00:00.000",
    "time" : "2026-03-16T11:51:45.041688",
    "module" : "cierres"
  }, {
    "level" : "INFO",
    "message" : "GET Request: config/juegos - Params: {fechaCierre: 2026-03-16T14:00:00.000}",
    "time" : "2026-03-16T11:51:45.061484",
    "module" : "dioAdapter"
  }, {
    "level" : "INFO",
    "message" : "GET Request: cierres - Params: null",
    "time" : "2026-03-16T11:51:58.060471",
    "module" : "dioAdapter"
  }, {
    "level" : "INFO",
    "message" : "POST Request: cierres/cambio",
    "time" : "2026-03-16T11:51:58.322872",
    "module" : "dioAdapter"
  }, {
    "level" : "INFO",
    "message" : "Cierre actualizado: 2026-03-16 14:00:00.000",
    "time" : "2026-03-16T11:51:58.481162",
    "module" : "cierres"
  }, {
    "level" : "INFO",
    "message" : "GET Request: config/juegos - Params: {fechaCierre: 2026-03-16T14:00:00.000}",
    "time" : "2026-03-16T11:51:58.502030",
    "module" : "dioAdapter"
  }, {
    "level" : "INFO",
    "message" : "GET Request: cierres - Params: null",
    "time" : "2026-03-16T11:52:11.494164",
    "module" : "dioAdapter"
  }, {
    "level" : "INFO",
    "message" : "POST Request: cierres/cambio",
    "time" : "2026-03-16T11:52:11.845458",
    "module" : "dioAdapter"
  }, {
    "level" : "INFO",
    "message" : "Cierre actualizado: 2026-03-16 14:00:00.000",
    "time" : "2026-03-16T11:52:11.981050",
    "module" : "cierres"
  }, {
    "level" : "INFO",
    "message" : "GET Request: config/juegos - Params: {fechaCierre: 2026-03-16T14:00:00.000}",
    "time" : "2026-03-16T11:52:12.004794",
    "module" : "dioAdapter"
  }, {
    "level" : "INFO",
    "message" : "GET Request: cierres - Params: null",
    "time" : "2026-03-16T11:52:24.996750",
    "module" : "dioAdapter"
  }, {
    "level" : "INFO",
    "message" : "POST Request: cierres/cambio",
    "time" : "2026-03-16T11:52:25.447985",
    "module" : "dioAdapter"
  }, {
    "level" : "INFO",
    "message" : "Cierre actualizado: 2026-03-16 14:00:00.000",
    "time" : "2026-03-16T11:52:25.596359",
    "module" : "cierres"
  }, {
    "level" : "INFO",
    "message" : "GET Request: config/juegos - Params: {fechaCierre: 2026-03-16T14:00:00.000}",
    "time" : "2026-03-16T11:52:25.618296",
    "module" : "dioAdapter"
  }, {
    "level" : "INFO",
    "message" : "GET Request: cierres - Params: null",
    "time" : "2026-03-16T11:52:38.609762",
    "module" : "dioAdapter"
  }, {
    "level" : "INFO",
    "message" : "POST Request: cierres/cambio",
    "time" : "2026-03-16T11:52:38.939307",
    "module" : "dioAdapter"
  }, {
    "level" : "INFO",
    "message" : "Cierre actualizado: 2026-03-16 14:00:00.000",
    "time" : "2026-03-16T11:52:39.098828",
    "module" : "cierres"
  }, {
    "level" : "INFO",
    "message" : "GET Request: config/juegos - Params: {fechaCierre: 2026-03-16T14:00:00.000}",
    "time" : "2026-03-16T11:52:39.120122",
    "module" : "dioAdapter"
  }, {
    "level" : "INFO",
    "message" : "GET Request: cierres - Params: null",
    "time" : "2026-03-16T11:52:52.113698",
    "module" : "dioAdapter"
  }, {
    "level" : "INFO",
    "message" : "POST Request: cierres/cambio",
    "time" : "2026-03-16T11:52:52.447527",
    "module" : "dioAdapter"
  }, {
    "level" : "INFO",
    "message" : "Cierre actualizado: 2026-03-16 14:00:00.000",
    "time" : "2026-03-16T11:52:52.626232",
    "module" : "cierres"
  }, {
    "level" : "INFO",
    "message" : "GET Request: config/juegos - Params: {fechaCierre: 2026-03-16T14:00:00.000}",
    "time" : "2026-03-16T11:52:52.647538",
    "module" : "dioAdapter"
  }, {
    "level" : "INFO",
    "message" : "GET Request: cierres - Params: null",
    "time" : "2026-03-16T11:53:05.649077",
    "module" : "dioAdapter"
  }, {
    "level" : "INFO",
    "message" : "POST Request: cierres/cambio",
    "time" : "2026-03-16T11:53:05.827564",
    "module" : "dioAdapter"
  }, {
    "level" : "INFO",
    "message" : "Cierre actualizado: 2026-03-16 14:00:00.000",
    "time" : "2026-03-16T11:53:05.971024",
    "module" : "cierres"
  }, {
    "level" : "INFO",
    "message" : "GET Request: config/juegos - Params: {fechaCierre: 2026-03-16T14:00:00.000}",
    "time" : "2026-03-16T11:53:05.998464",
    "module" : "dioAdapter"
  }, {
    "level" : "INFO",
    "message" : "GET Request: cierres - Params: null",
    "time" : "2026-03-16T11:53:18.998763",
    "module" : "dioAdapter"
  }, {
    "level" : "INFO",
    "message" : "POST Request: cierres/cambio",
    "time" : "2026-03-16T11:53:19.370508",
    "module" : "dioAdapter"
  }, {
    "level" : "INFO",
    "message" : "Cierre actualizado: 2026-03-16 14:00:00.000",
    "time" : "2026-03-16T11:53:19.515826",
    "module" : "cierres"
  }, {
    "level" : "INFO",
    "message" : "GET Request: config/juegos - Params: {fechaCierre: 2026-03-16T14:00:00.000}",
    "time" : "2026-03-16T11:53:19.541865",
    "module" : "dioAdapter"
  }, {
    "level" : "INFO",
    "message" : "GET Request: cierres - Params: null",
    "time" : "2026-03-16T11:53:32.539586",
    "module" : "dioAdapter"
  }, {
    "level" : "INFO",
    "message" : "POST Request: cierres/cambio",
    "time" : "2026-03-16T11:53:32.852070",
    "module" : "dioAdapter"
  }, {
    "level" : "INFO",
    "message" : "Cierre actualizado: 2026-03-16 14:00:00.000",
    "time" : "2026-03-16T11:53:32.978769",
    "module" : "cierres"
  }, {
    "level" : "INFO",
    "message" : "GET Request: config/juegos - Params: {fechaCierre: 2026-03-16T14:00:00.000}",
    "time" : "2026-03-16T11:53:33.002574",
    "module" : "dioAdapter"
  }, {
    "level" : "INFO",
    "message" : "GET Request: cierres - Params: null",
    "time" : "2026-03-16T11:53:46.982529",
    "module" : "dioAdapter"
  }, {
    "level" : "INFO",
    "message" : "POST Request: cierres/cambio",
    "time" : "2026-03-16T11:53:48.392005",
    "module" : "dioAdapter"
  }, {
    "level" : "INFO",
    "message" : "Cierre actualizado: 2026-03-16 14:00:00.000",
    "time" : "2026-03-16T11:53:48.602767",
    "module" : "cierres"
  }, {
    "level" : "INFO",
    "message" : "GET Request: config/juegos - Params: {fechaCierre: 2026-03-16T14:00:00.000}",
    "time" : "2026-03-16T11:53:48.656445",
    "module" : "dioAdapter"
  }, {
    "level" : "INFO",
    "message" : "No migration needed for DatosTallerDB Current version: 1, Target version: 1",
    "time" : "2026-03-16T11:55:07.590943",
    "module" : "db"
  }, {
    "level" : "INFO",
    "message" : "No migration needed for DatosVendedorDB Current version: 1, Target version: 1",
    "time" : "2026-03-16T11:55:07.679061",
    "module" : "db"
  }, {
    "level" : "INFO",
    "message" : "No migration needed for ProductosConfigDB Current version: 1, Target version: 1",
    "time" : "2026-03-16T11:55:07.693993",
    "module" : "db"
  }, {
    "level" : "INFO",
    "message" : "No migration needed for CierreDB Current version: 1, Target version: 1",
    "time" : "2026-03-16T11:55:07.706306",
    "module" : "db"
  }, {
    "level" : "WARNING",
    "message" : "No schema found for TransactionDB Skipping migration.",
    "time" : "2026-03-16T11:55:07.756455",
    "module" : "db"
  }, {
    "level" : "INFO",
    "message" : "No migration needed for PreferencesDB Current version: 4, Target version: 4",
    "time" : "2026-03-16T11:55:07.789546",
    "module" : "db"
  }, {
    "level" : "INFO",
    "message" : "Preferences updated: Preferences(isSoundEnabled: true, businessPin: **** protectionAmounts: Instance of 'CheckProtectionAmounts')",
    "time" : "2026-03-16T11:55:08.434325",
    "module" : "preferences"
  }, {
    "level" : "INFO",
    "message" : "GET Request: cierres - Params: null",
    "time" : "2026-03-16T11:55:47.843464",
    "module" : "dioAdapter"
  }, {
    "level" : "INFO",
    "message" : "POST Request: cierres/cambio",
    "time" : "2026-03-16T11:55:49.369317",
    "module" : "dioAdapter"
  }, {
    "level" : "INFO",
    "message" : "Cierre actualizado: 2026-03-16 14:00:00.000",
    "time" : "2026-03-16T11:55:49.556230",
    "module" : "cierres"
  }, {
    "level" : "INFO",
    "message" : "GET Request: config/juegos - Params: {fechaCierre: 2026-03-16T14:00:00.000}",
    "time" : "2026-03-16T11:55:49.611953",
    "module" : "dioAdapter"
  }, {
    "level" : "INFO",
    "message" : "No migration needed for DatosTallerDB Current version: 1, Target version: 1",
    "time" : "2026-03-17T11:09:03.610994",
    "module" : "db"
  }, {
    "level" : "INFO",
    "message" : "No migration needed for DatosVendedorDB Current version: 1, Target version: 1",
    "time" : "2026-03-17T11:09:03.690769",
    "module" : "db"
  }, {
    "level" : "INFO",
    "message" : "No migration needed for ProductosConfigDB Current version: 1, Target version: 1",
    "time" : "2026-03-17T11:09:03.701639",
    "module" : "db"
  }, {
    "level" : "INFO",
    "message" : "No migration needed for CierreDB Current version: 1, Target version: 1",
    "time" : "2026-03-17T11:09:03.710947",
    "module" : "db"
  }, {
    "level" : "WARNING",
    "message" : "No schema found for TransactionDB Skipping migration.",
    "time" : "2026-03-17T11:09:03.759246",
    "module" : "db"
  }, {
    "level" : "INFO",
    "message" : "No migration needed for PreferencesDB Current version: 4, Target version: 4",
    "time" : "2026-03-17T11:09:03.790107",
    "module" : "db"
  }, {
    "level" : "INFO",
    "message" : "Preferences updated: Preferences(isSoundEnabled: true, businessPin: **** protectionAmounts: Instance of 'CheckProtectionAmounts')",
    "time" : "2026-03-17T11:09:04.866078",
    "module" : "preferences"
  }, {
    "level" : "INFO",
    "message" : "POST Request: sesiones/refresh",
    "time" : "2026-03-17T11:09:11.469706",
    "module" : "dioAdapter"
  }, {
    "level" : "WARNING",
    "message" : "DioAdapter exception: POST https://api.testing.banquinet.org/bsecurity/sesiones/refresh - 403 - The supplied authentication is not authorized to access this resource - This exception was thrown because the response has a status code of 403 and RequestOptions.validateStatus was configured to throw for this status code.\nThe status code of 403 has the following meaning: \"Client error - the request contains bad syntax or cannot be fulfilled\"\nRead more about status codes at https://developer.mozilla.org/en-US/docs/Web/HTTP/Status\nIn order to resolve this exception you typically have either to verify and fix your request code or you have to fix the server code.\n",
    "time" : "2026-03-17T11:09:12.695356",
    "module" : "dioAdapter"
  }, {
    "level" : "INFO",
    "message" : "No migration needed for DatosTallerDB Current version: 1, Target version: 1",
    "time" : "2026-03-17T11:10:10.928415",
    "module" : "db"
  }, {
    "level" : "INFO",
    "message" : "No migration needed for DatosVendedorDB Current version: 1, Target version: 1",
    "time" : "2026-03-17T11:10:11.007685",
    "module" : "db"
  }, {
    "level" : "INFO",
    "message" : "No migration needed for ProductosConfigDB Current version: 1, Target version: 1",
    "time" : "2026-03-17T11:10:11.019330",
    "module" : "db"
  }, {
    "level" : "INFO",
    "message" : "No migration needed for CierreDB Current version: 1, Target version: 1",
    "time" : "2026-03-17T11:10:11.031516",
    "module" : "db"
  }, {
    "level" : "WARNING",
    "message" : "No schema found for TransactionDB Skipping migration.",
    "time" : "2026-03-17T11:10:11.078728",
    "module" : "db"
  }, {
    "level" : "INFO",
    "message" : "No migration needed for PreferencesDB Current version: 4, Target version: 4",
    "time" : "2026-03-17T11:10:11.105179",
    "module" : "db"
  }, {
    "level" : "INFO",
    "message" : "Preferences updated: Preferences(isSoundEnabled: true, businessPin: **** protectionAmounts: Instance of 'CheckProtectionAmounts')",
    "time" : "2026-03-17T11:10:11.721212",
    "module" : "preferences"
  }, {
    "level" : "INFO",
    "message" : "POST Request: login",
    "time" : "2026-03-17T11:10:16.951208",
    "module" : "dioAdapter"
  }, {
    "level" : "INFO",
    "message" : "GET Request: cierres - Params: null",
    "time" : "2026-03-17T11:10:18.349919",
    "module" : "dioAdapter"
  }, {
    "level" : "INFO",
    "message" : "POST Request: cierres/cambio",
    "time" : "2026-03-17T11:10:18.726390",
    "module" : "dioAdapter"
  }, {
    "level" : "INFO",
    "message" : "Cierre actualizado: 2026-03-17 14:00:00.000",
    "time" : "2026-03-17T11:10:19.267183",
    "module" : "cierres"
  }, {
    "level" : "INFO",
    "message" : "GET Request: config/juegos - Params: {fechaCierre: 2026-03-17T14:00:00.000}",
    "time" : "2026-03-17T11:10:19.334519",
    "module" : "dioAdapter"
  } ]
}
----------------------------------------
Response:{
  "statusCode" : 200,
  "entity" : {
    "message" : "Received 179 logs."
  }
}
Duration:21 ms
2026-03-17 11:22:18.136 [TaskController-tasks.scheduler-dispatcher-3672] INFO  c.b.b.client.CheckConnectionTask - Starting task: CheckConnectionTask
2026-03-17 11:22:18.164 [TaskController-tasks.scheduler-dispatcher-3672] INFO  c.b.b.client.CheckConnectionTask - Task CheckConnectionTask succeed: {
  "name" : "bsecurity-api",
  "version" : "1.3.0-SNAPSHOT",
  "builtAt" : "2026-03-03T08:13:34",
  "startedAt" : "2026-03-05T12:30:02",
  "currentTime" : "2026-03-17T11:22:18",
  "environment" : "testing",
  "status" : "OK"
}
2026-03-17 11:22:25.826 [TaskController-tasks.scheduler-dispatcher-3673] INFO  c.b.b.client.CheckConnectionTask - Starting task: CheckConnectionTask
2026-03-17 11:22:25.830 [TaskController-tasks.scheduler-dispatcher-3673] INFO  c.b.b.client.CheckConnectionTask - Task CheckConnectionTask succeed: {
  "name" : "bsecurity-api",
  "version" : "1.3.0-SNAPSHOT",
  "builtAt" : "2026-03-03T08:13:34",
  "startedAt" : "2026-03-05T12:30:02",
  "currentTime" : "2026-03-17T11:22:25",
  "environment" : "testing",
  "status" : "OK"
}
2026-03-17 11:22:55.006 [TaskController-tasks.scheduler-dispatcher-3674] INFO  c.b.b.client.CheckConnectionTask - Starting task: CheckConnectionTask
2026-03-17 11:22:55.012 [TaskController-tasks.scheduler-dispatcher-3674] INFO  c.b.b.client.CheckConnectionTask - Task CheckConnectionTask succeed: {
  "name" : "bsecurity-api",
  "version" : "1.3.0-SNAPSHOT",
  "builtAt" : "2026-03-03T08:13:34",
  "startedAt" : "2026-03-05T12:30:02",
  "currentTime" : "2026-03-17T11:22:55",
  "environment" : "testing",
  "status" : "OK"
}
2026-03-17 11:23:04.193 [bol-api-pekko.actor.default-dispatcher-12135] DEBUG c.b.b.s.status.GetStatusHandler - Dialog: 4d47bd66-7268-4a48-8b3e-17353b8fa47a
Start: 2026-03-17T11:23:04.193380329
Request:null
2026-03-17 11:23:04.193 [bol-api-pekko.actor.default-dispatcher-12135] DEBUG c.b.b.s.status.GetStatusHandler - Dialog: 4d47bd66-7268-4a48-8b3e-17353b8fa47a
Start: 2026-03-17T11:23:04.193380329
Request:null
----------------------------------------
Response:{
  "statusCode" : 200,
  "entity" : {
    "name" : "bol-api",
    "version" : "1.1.0-SNAPSHOT",
    "builtAt" : "2026-02-11T12:34:19",
    "startedAt" : "2026-03-06T11:57:19",
    "currentTime" : "2026-03-17T11:23:04",
    "environment" : "developer",
    "status" : "OK"
  }
}
Duration:0 ms
